{"type": "FeatureCollection", "features": [{"type": "Feature", "geometry": {"type": "Polygon", "coordinates": [[[15.1208052, 40.1765522], [15.1208502, 40.1765423], [15.1208339, 40.1764988], [15.1207889, 40.1765087], [15.1208052, 40.1765522]]]}, "properties": {"amministra": 1199, "id_conc": "2021Q011977", "tipo": "geometrie_oggetti", "oggetto": "ZD005", "amministr0": "Comune di Casal Velino", "uso": "Turistico Ricreativo", "categoria": "Vario", "data_scade": "2027-09-30", "tipo_atto": "Licenza", "numero_atto": "1", "anno_atto": 2021}}, {"type": "Feature", "geometry": {"type": "Polygon", "coordinates": [[[15.1213444, 40.175822], [15.1214881, 40.1757845], [15.1214469, 40.1756744], [15.1213022, 40.1757085], [15.1213444, 40.175822]]]}, "properties": {"amministra": 1199, "id_conc": "2024L004898", "tipo": "geometrie_oggetti", "oggetto": "ZD008", "amministr0": "Comune di Casal Velino", "uso": "Diporto Nautico", "categoria": "Porto Turistico", "data_scade": "2024-12-31", "tipo_atto": "Domanda", "numero_atto": "", "anno_atto": ""}}, {"type": "Feature", "geometry": {"type": "Polygon", "coordinates": [[[15.119509, 40.1757479], [15.119509, 40.1757464], [15.1195076, 40.1757454], [15.1195062, 40.1757443], [15.1195043, 40.1757443], [15.1195024, 40.1757443], [15.119501, 40.1757454], [15.1194996, 40.1757464], [15.1194996, 40.1757479], [15.1194996, 40.1757494], [15.119501, 40.1757505], [15.1195024, 40.1757515], [15.1195043, 40.1757515], [15.1195063, 40.1757515], [15.1195076, 40.1757505], [15.119509, 40.1757494], [15.119509, 40.1757479]]]}, "properties": {"amministra": 1199, "id_conc": "2013R002959", "tipo": "geometrie_oggetti", "oggetto": "OR025", "amministr0": "Comune di Casal Velino", "uso": "Diporto Nautico", "categoria": "Porto Turistico", "data_scade": "2025-12-31", "tipo_atto": "Licenza", "numero_atto": "05", "anno_atto": 2013}}, {"type": "Feature", "geometry": {"type": "Polygon", "coordinates": [[[15.1194141, 40.1758469], [15.1191339, 40.1751776], [15.1190585, 40.1751288], [15.1190224, 40.1750841], [15.1190146, 40.1750094], [15.1189902, 40.1749481], [15.1188817, 40.1749976], [15.1188121, 40.1750768], [15.118803, 40.175129], [15.1191096, 40.1753891], [15.1192692, 40.1758773], [15.119282, 40.1763027], [15.1194028, 40.176218], [15.1194141, 40.1758469]]]}, "properties": {"amministra": 1199, "id_conc": "2013R002959", "tipo": "geometrie_oggetti", "oggetto": "SP025", "amministr0": "Comune di Casal Velino", "uso": "Diporto Nautico", "categoria": "Porto Turistico", "data_scade": "2025-12-31", "tipo_atto": "Licenza", "numero_atto": "05", "anno_atto": 2013}}, {"type": "Feature", "geometry": {"type": "Polygon", "coordinates": [[[15.1197997, 40.1766677], [15.1200117, 40.1766704], [15.1200126, 40.1766287], [15.1198006, 40.176626], [15.1197997, 40.1766677]]]}, "properties": {"amministra": 1199, "id_conc": "2016P009182", "tipo": "geometrie_oggetti", "oggetto": "ZD003", "amministr0": "Comune di Casal Velino", "uso": "Diporto Nautico", "categoria": "Porto Turistico", "data_scade": "2027-12-31", "tipo_atto": "Licenza", "numero_atto": "81", "anno_atto": 2017}}, {"type": "Feature", "geometry": {"type": "Polygon", "coordinates": [[[15.120088, 40.1742751], [15.1180315, 40.1746274], [15.1180588, 40.1747454], [15.1183017, 40.1747048], [15.1190349, 40.1745779], [15.1194936, 40.1744987], [15.1200518, 40.1744024], [15.120088, 40.1742751]]]}, "properties": {"amministra": 1199, "id_conc": "2024L004898", "tipo": "geometrie_oggetti", "oggetto": "ZD010", "amministr0": "Comune di Casal Velino", "uso": "Diporto Nautico", "categoria": "Porto Turistico", "data_scade": "2024-12-31", "tipo_atto": "Domanda", "numero_atto": "", "anno_atto": ""}}, {"type": "Feature", "geometry": {"type": "Polygon", "coordinates": [[[15.1209146, 40.1748268], [15.1211252, 40.174776], [15.1211093, 40.1747315], [15.1200518, 40.1744024], [15.1200358, 40.1744327], [15.119981, 40.1745363], [15.1209146, 40.1748268]]]}, "properties": {"amministra": 1199, "id_conc": "2013C003070", "tipo": "geometrie_oggetti", "oggetto": "SP010", "amministr0": "Comune di Casal Velino", "uso": "Diporto Nautico", "categoria": "Porto Turistico", "data_scade": "2026-12-31", "tipo_atto": "Licenza", "numero_atto": "71", "anno_atto": 2013}}, {"type": "Feature", "geometry": {"type": "Polygon", "coordinates": [[[15.1212022, 40.1749888], [15.1211954, 40.1749697], [15.1208351, 40.1750515], [15.1208425, 40.1750707], [15.1212022, 40.1749888]]]}, "properties": {"amministra": 1199, "id_conc": "2024L004898", "tipo": "geometrie_oggetti", "oggetto": "OR004", "amministr0": "Comune di Casal Velino", "uso": "Diporto Nautico", "categoria": "Porto Turistico", "data_scade": "2024-12-31", "tipo_atto": "Domanda", "numero_atto": "", "anno_atto": ""}}, {"type": "Feature", "geometry": {"type": "Polygon", "coordinates": [[[15.1265923, 40.1742846], [15.1266976, 40.1744102], [15.1266801, 40.1744188], [15.1267325, 40.1744649], [15.1267807, 40.1744432], [15.1267866, 40.1744394], [15.1267754, 40.174429], [15.1269783, 40.1742992], [15.1269589, 40.1742761], [15.1269188, 40.1742997], [15.1268212, 40.1741833], [15.1268008, 40.1741923], [15.1269002, 40.1743107], [15.1267369, 40.174407], [15.1266228, 40.1742711], [15.1265923, 40.1742846]]]}, "properties": {"amministra": 1199, "id_conc": "2012X001041", "tipo": "geometrie_oggetti", "oggetto": "OR002", "amministr0": "Comune di Casal Velino", "uso": "Turistico Ricreativo", "categoria": "Stabilimento Balneare Pubblico", "data_scade": "2027-09-30", "tipo_atto": "Licenza", "numero_atto": "2", "anno_atto": 2012}}, {"type": "Feature", "geometry": {"type": "MultiPolygon", "coordinates": [[[[15.1224305, 40.1763808], [15.1225453, 40.1763353], [15.1224738, 40.1762096], [15.1224305, 40.1763808]]], [[[15.1225098, 40.1762752], [15.122513, 40.1762903], [15.1225, 40.1763023], [15.1224797, 40.1763035], [15.1224644, 40.1762935], [15.1224625, 40.176278], [15.1224691, 40.1762564], [15.1224981, 40.1762546], [15.1225098, 40.1762752]]]]}, "properties": {"amministra": 1199, "id_conc": "2021Q011977", "tipo": "geometrie_oggetti", "oggetto": "ZD007", "amministr0": "Comune di Casal Velino", "uso": "Turistico Ricreativo", "categoria": "Vario", "data_scade": "2027-09-30", "tipo_atto": "Licenza", "numero_atto": "1", "anno_atto": 2021}}, {"type": "Feature", "geometry": {"type": "Polygon", "coordinates": [[[15.1189244, 40.1659941], [15.1188636, 40.1657054], [15.1188471, 40.1657059], [15.1189084, 40.1659972], [15.1189244, 40.1659941]]]}, "properties": {"amministra": 1199, "id_conc": "2017P050905", "tipo": "tronchi_oggetti", "oggetto": "CE002", "amministr0": "Comune di Casal Velino", "uso": "Vario", "categoria": "Altro", "data_scade": "2027-12-31", "tipo_atto": "Licenza", "numero_atto": "6", "anno_atto": 2017}}, {"type": "Feature", "geometry": {"type": "Polygon", "coordinates": [[[15.1294986, 40.1729088], [15.1296737, 40.1728171], [15.1296012, 40.1727356], [15.1295843, 40.1727166], [15.1295321, 40.1727439], [15.1295047, 40.1727583], [15.1294902, 40.1727659], [15.1294628, 40.1727802], [15.1294092, 40.1728083], [15.1294261, 40.1728273], [15.1294615, 40.1728671], [15.1294714, 40.1728782], [15.1294986, 40.1729088]]]}, "properties": {"amministra": 1199, "id_conc": "2008Q000596", "tipo": "geometrie_oggetti", "oggetto": "OR001", "amministr0": "Comune di Casal Velino", "uso": "Turistico Ricreativo", "categoria": "Stabilimento Balneare Pubblico", "data_scade": "2033-12-31", "tipo_atto": "Licenza", "numero_atto": "4", "anno_atto": 2008}}, {"type": "Feature", "geometry": {"type": "Polygon", "coordinates": [[[15.1203811, 40.1764922], [15.1204868, 40.1764688], [15.1203045, 40.175984], [15.1203328, 40.1759778], [15.120515, 40.1764625], [15.1209997, 40.1763553], [15.1207931, 40.1758104], [15.1208156, 40.1758053], [15.1210223, 40.1763503], [15.1211238, 40.1763279], [15.1209105, 40.1757654], [15.1207075, 40.1758107], [15.1207304, 40.175871], [15.1201923, 40.1759901], [15.1203811, 40.1764922]]]}, "properties": {"amministra": 1199, "id_conc": "2013C003070", "tipo": "geometrie_oggetti", "oggetto": "SP011", "amministr0": "Comune di Casal Velino", "uso": "Diporto Nautico", "categoria": "Porto Turistico", "data_scade": "2026-12-31", "tipo_atto": "Licenza", "numero_atto": "71", "anno_atto": 2013}}, {"type": "Feature", "geometry": {"type": "Polygon", "coordinates": [[[15.1195728, 40.1759132], [15.120792, 40.175712], [15.1207062, 40.1754072], [15.1194899, 40.1756081], [15.1195728, 40.1759132]]]}, "properties": {"amministra": 1199, "id_conc": "2024M004899", "tipo": "geometrie_oggetti", "oggetto": "SP020", "amministr0": "Comune di Casal Velino", "uso": "Diporto Nautico", "categoria": "Porto Turistico", "data_scade": "2024-12-31", "tipo_atto": "Domanda", "numero_atto": "", "anno_atto": ""}}, {"type": "Feature", "geometry": {"type": "Polygon", "coordinates": [[[15.1193896, 40.1753068], [15.1193896, 40.1753054], [15.1193882, 40.1753043], [15.1193868, 40.1753032], [15.1193849, 40.1753032], [15.119383, 40.1753032], [15.1193816, 40.1753043], [15.1193802, 40.1753054], [15.1193802, 40.1753069], [15.1193802, 40.1753083], [15.1193816, 40.1753094], [15.119383, 40.1753105], [15.1193849, 40.1753105], [15.1193869, 40.1753105], [15.1193882, 40.1753094], [15.1193896, 40.1753083], [15.1193896, 40.1753068]]]}, "properties": {"amministra": 1199, "id_conc": "2013R002959", "tipo": "geometrie_oggetti", "oggetto": "OR023", "amministr0": "Comune di Casal Velino", "uso": "Diporto Nautico", "categoria": "Porto Turistico", "data_scade": "2025-12-31", "tipo_atto": "Licenza", "numero_atto": "05", "anno_atto": 2013}}, {"type": "Feature", "geometry": {"type": "Polygon", "coordinates": [[[15.1190609, 40.1649721], [15.11954, 40.1645161], [15.1195272, 40.1645082], [15.1190464, 40.1649658], [15.1190609, 40.1649721]]]}, "properties": {"amministra": 1199, "id_conc": "2017P050905", "tipo": "tronchi_oggetti", "oggetto": "CE002", "amministr0": "Comune di Casal Velino", "uso": "Vario", "categoria": "Altro", "data_scade": "2027-12-31", "tipo_atto": "Licenza", "numero_atto": "6", "anno_atto": 2017}}, {"type": "Feature", "geometry": {"type": "Polygon", "coordinates": [[[15.1198965, 40.1767685], [15.1200095, 40.1767699], [15.1200113, 40.1766888], [15.1198982, 40.1766874], [15.1198965, 40.1767685]]]}, "properties": {"amministra": 1199, "id_conc": "2016P009182", "tipo": "geometrie_oggetti", "oggetto": "OR003", "amministr0": "Comune di Casal Velino", "uso": "Diporto Nautico", "categoria": "Porto Turistico", "data_scade": "2027-12-31", "tipo_atto": "Licenza", "numero_atto": "81", "anno_atto": 2017}}, {"type": "Feature", "geometry": {"type": "Polygon", "coordinates": [[[15.119491, 40.1766526], [15.1197712, 40.1766542], [15.119771, 40.1766265], [15.1200124, 40.1766276], [15.1200112, 40.1766875], [15.1200106, 40.1767163], [15.1200101, 40.1767681], [15.1200095, 40.1767681], [15.1200095, 40.1767698], [15.1200091, 40.1767894], [15.1201382, 40.1767909], [15.1201419, 40.1766086], [15.1202655, 40.1765826], [15.1202736, 40.1765694], [15.1202662, 40.176562], [15.1202743, 40.1765158], [15.1196628, 40.1762977], [15.1195032, 40.176296], [15.119491, 40.1766526]]]}, "properties": {"amministra": 1199, "id_conc": "2024M004899", "tipo": "geometrie_oggetti", "oggetto": "ZD003", "amministr0": "Comune di Casal Velino", "uso": "Diporto Nautico", "categoria": "Porto Turistico", "data_scade": "2024-12-31", "tipo_atto": "Domanda", "numero_atto": "", "anno_atto": ""}}, {"type": "Feature", "geometry": {"type": "Polygon", "coordinates": [[[15.1112509, 40.1764574], [15.1111874, 40.1764151], [15.1111585, 40.1763959], [15.1111795, 40.1764191], [15.1111819, 40.1764209], [15.1112408, 40.1764664], [15.1112509, 40.1764574]]]}, "properties": {"amministra": 1199, "id_conc": "2008T004298", "tipo": "geometrie_oggetti", "oggetto": "OR002", "amministr0": "Comune di Casal Velino", "uso": "Vario", "categoria": "Altro", "data_scade": "2027-09-30", "tipo_atto": "Licenza", "numero_atto": "1", "anno_atto": 2008}}, {"type": "Feature", "geometry": {"type": "Polygon", "coordinates": [[[15.1136857, 40.1770474], [15.1136842, 40.1770376], [15.1135763, 40.1770465], [15.1135388, 40.177053], [15.113543, 40.1770626], [15.1135774, 40.1770569], [15.1136857, 40.1770474]]]}, "properties": {"amministra": 1199, "id_conc": "2005L001188", "tipo": "geometrie_oggetti", "oggetto": "OR006", "amministr0": "Comune di Casal Velino", "uso": "Vario", "categoria": "Altro", "data_scade": "2027-09-30", "tipo_atto": "Licenza", "numero_atto": "1", "anno_atto": 2005}}, {"type": "Feature", "geometry": {"type": "Polygon", "coordinates": [[[15.1252451, 40.1751151], [15.1253585, 40.1750677], [15.1253474, 40.1750519], [15.1252403, 40.1750966], [15.1252339, 40.1750993], [15.1252451, 40.1751151]]]}, "properties": {"amministra": 1199, "id_conc": "2020M019138", "tipo": "geometrie_oggetti", "oggetto": "OR003", "amministr0": "Comune di Casal Velino", "uso": "Turistico Ricreativo", "categoria": "Stabilimento Balneare Pubblico", "data_scade": "2027-09-30", "tipo_atto": "Licenza", "numero_atto": "3", "anno_atto": 2020}}, {"type": "Feature", "geometry": {"type": "Polygon", "coordinates": [[[15.1192146, 40.175157], [15.1191587, 40.1751708], [15.1191573, 40.1751784], [15.1192171, 40.1751636], [15.1192146, 40.175157]]]}, "properties": {"amministra": 1199, "id_conc": "2024M004899", "tipo": "tronchi_oggetti", "oggetto": "CE021", "amministr0": "Comune di Casal Velino", "uso": "Diporto Nautico", "categoria": "Porto Turistico", "data_scade": "2024-12-31", "tipo_atto": "Domanda", "numero_atto": "", "anno_atto": ""}}, {"type": "Feature", "geometry": {"type": "Polygon", "coordinates": [[[15.1215615, 40.1756947], [15.1215593, 40.175689], [15.1215564, 40.1756897], [15.1215577, 40.1756931], [15.1215615, 40.1756947]]]}, "properties": {"amministra": 1199, "id_conc": "2018Q000973", "tipo": "tronchi_oggetti", "oggetto": "CE004", "amministr0": "Comune di Casal Velino", "uso": "Produttivo Ed Industriale", "categoria": "Altro", "data_scade": "2027-09-30", "tipo_atto": "Licenza", "numero_atto": "1", "anno_atto": 2018}}, {"type": "Feature", "geometry": {"type": "Polygon", "coordinates": [[[15.1194415, 40.1750048], [15.1191707, 40.1752653], [15.1194141, 40.1758469], [15.1194007, 40.1762928], [15.1195032, 40.1762961], [15.1195183, 40.175878], [15.119543, 40.1758546], [15.1193569, 40.1751677], [15.1195434, 40.1750962], [15.1195645, 40.1750743], [15.1194415, 40.1750048]]]}, "properties": {"amministra": 1199, "id_conc": "2013R002959", "tipo": "geometrie_oggetti", "oggetto": "ZD022", "amministr0": "Comune di Casal Velino", "uso": "Diporto Nautico", "categoria": "Porto Turistico", "data_scade": "2025-12-31", "tipo_atto": "Licenza", "numero_atto": "05", "anno_atto": 2013}}, {"type": "Feature", "geometry": {"type": "Polygon", "coordinates": [[[15.1205092, 40.1767618], [15.1205238, 40.1768027], [15.1206007, 40.1767876], [15.1205941, 40.1767666], [15.120586, 40.176745], [15.1205092, 40.1767618]]]}, "properties": {"amministra": 1199, "id_conc": "2021Q011977", "tipo": "geometrie_oggetti", "oggetto": "ZD003", "amministr0": "Comune di Casal Velino", "uso": "Turistico Ricreativo", "categoria": "Vario", "data_scade": "2027-09-30", "tipo_atto": "Licenza", "numero_atto": "1", "anno_atto": 2021}}, {"type": "Feature", "geometry": {"type": "Polygon", "coordinates": [[[15.1188636, 40.1657054], [15.1189048, 40.1653087], [15.1188886, 40.165306], [15.1188471, 40.1657059], [15.1188636, 40.1657054]]]}, "properties": {"amministra": 1199, "id_conc": "2017P050905", "tipo": "tronchi_oggetti", "oggetto": "CE002", "amministr0": "Comune di Casal Velino", "uso": "Vario", "categoria": "Altro", "data_scade": "2027-12-31", "tipo_atto": "Licenza", "numero_atto": "6", "anno_atto": 2017}}, {"type": "Feature", "geometry": {"type": "Polygon", "coordinates": [[[15.1217495, 40.1763799], [15.1217665, 40.1763761], [15.1217657, 40.1763738], [15.1217457, 40.1763783], [15.1217495, 40.1763799]]]}, "properties": {"amministra": 1199, "id_conc": "2018Q000973", "tipo": "tronchi_oggetti", "oggetto": "CE001", "amministr0": "Comune di Casal Velino", "uso": "Produttivo Ed Industriale", "categoria": "Altro", "data_scade": "2027-09-30", "tipo_atto": "Licenza", "numero_atto": "1", "anno_atto": 2018}}, {"type": "Feature", "geometry": {"type": "Polygon", "coordinates": [[[15.1212102, 40.1761785], [15.1213236, 40.175961], [15.1212909, 40.175951], [15.1211775, 40.1761685], [15.1212102, 40.1761785]]]}, "properties": {"amministra": 1199, "id_conc": "2013C003070", "tipo": "geometrie_oggetti", "oggetto": "SP005", "amministr0": "Comune di Casal Velino", "uso": "Diporto Nautico", "categoria": "Porto Turistico", "data_scade": "2026-12-31", "tipo_atto": "Licenza", "numero_atto": "71", "anno_atto": 2013}}, {"type": "Feature", "geometry": {"type": "Polygon", "coordinates": [[[15.1110118, 40.1763005], [15.1109452, 40.1762578], [15.1110061, 40.1763059], [15.1110118, 40.1763005]]]}, "properties": {"amministra": 1199, "id_conc": "2008T004298", "tipo": "geometrie_oggetti", "oggetto": "OR003", "amministr0": "Comune di Casal Velino", "uso": "Vario", "categoria": "Altro", "data_scade": "2027-09-30", "tipo_atto": "Licenza", "numero_atto": "1", "anno_atto": 2008}}, {"type": "Feature", "geometry": {"type": "Polygon", "coordinates": [[[15.1190968, 40.1750498], [15.1193335, 40.1749913], [15.1193412, 40.1749894], [15.1193423, 40.1749844], [15.1193311, 40.1749872], [15.1190895, 40.1750469], [15.1190968, 40.1750498]]]}, "properties": {"amministra": 1199, "id_conc": "2013R002959", "tipo": "tronchi_oggetti", "oggetto": "CE021", "amministr0": "Comune di Casal Velino", "uso": "Diporto Nautico", "categoria": "Porto Turistico", "data_scade": "2025-12-31", "tipo_atto": "Licenza", "numero_atto": "05", "anno_atto": 2013}}, {"type": "Feature", "geometry": {"type": "Polygon", "coordinates": [[[15.1135792, 40.1770567], [15.1135774, 40.1770569], [15.1135601, 40.1770597], [15.1135711, 40.177083], [15.1135895, 40.177078], [15.1136275, 40.1770776], [15.1137092, 40.1770768], [15.1137018, 40.177046], [15.1136857, 40.1770474], [15.1136842, 40.1770376], [15.1135763, 40.1770465], [15.1135792, 40.1770567]]]}, "properties": {"amministra": 1199, "id_conc": "2005L001188", "tipo": "geometrie_oggetti", "oggetto": "OR010", "amministr0": "Comune di Casal Velino", "uso": "Vario", "categoria": "Altro", "data_scade": "2027-09-30", "tipo_atto": "Licenza", "numero_atto": "1", "anno_atto": 2005}}, {"type": "Feature", "geometry": {"type": "Polygon", "coordinates": [[[15.1190181, 40.1661993], [15.1189244, 40.1659941], [15.1189084, 40.1659972], [15.119003, 40.1662043], [15.1190181, 40.1661993]]]}, "properties": {"amministra": 1199, "id_conc": "2017P050905", "tipo": "tronchi_oggetti", "oggetto": "CE002", "amministr0": "Comune di Casal Velino", "uso": "Vario", "categoria": "Altro", "data_scade": "2027-12-31", "tipo_atto": "Licenza", "numero_atto": "6", "anno_atto": 2017}}, {"type": "Feature", "geometry": {"type": "Polygon", "coordinates": [[[15.1193529, 40.1751715], [15.1193201, 40.1750911], [15.1193142, 40.1750998], [15.1193442, 40.1751732], [15.1193529, 40.1751715]]]}, "properties": {"amministra": 1199, "id_conc": "2024M004899", "tipo": "tronchi_oggetti", "oggetto": "CE021", "amministr0": "Comune di Casal Velino", "uso": "Diporto Nautico", "categoria": "Porto Turistico", "data_scade": "2024-12-31", "tipo_atto": "Domanda", "numero_atto": "", "anno_atto": ""}}, {"type": "Feature", "geometry": {"type": "Polygon", "coordinates": [[[15.1213833, 40.1754938], [15.1213336, 40.1753549], [15.1209773, 40.1754285], [15.1209706, 40.1754094], [15.1213269, 40.1753358], [15.1212022, 40.1749888], [15.1208425, 40.1750707], [15.1208351, 40.1750515], [15.1211954, 40.1749697], [15.1211252, 40.174776], [15.1209146, 40.1748268], [15.1207361, 40.1748699], [15.1210105, 40.1755783], [15.1213833, 40.1754938]]]}, "properties": {"amministra": 1199, "id_conc": "2024L004898", "tipo": "geometrie_oggetti", "oggetto": "SP012", "amministr0": "Comune di Casal Velino", "uso": "Diporto Nautico", "categoria": "Porto Turistico", "data_scade": "2024-12-31", "tipo_atto": "Domanda", "numero_atto": "", "anno_atto": ""}}, {"type": "Feature", "geometry": {"type": "Polygon", "coordinates": [[[15.1194417, 40.1754246], [15.1205745, 40.1752375], [15.1205682, 40.1752145], [15.1194355, 40.1754016], [15.1194417, 40.1754246]]]}, "properties": {"amministra": 1199, "id_conc": "2024M004899", "tipo": "geometrie_oggetti", "oggetto": "OR015", "amministr0": "Comune di Casal Velino", "uso": "Diporto Nautico", "categoria": "Porto Turistico", "data_scade": "2024-12-31", "tipo_atto": "Domanda", "numero_atto": "", "anno_atto": ""}}, {"type": "Feature", "geometry": {"type": "Polygon", "coordinates": [[[15.1300666, 40.1726276], [15.1301601, 40.1725759], [15.1301587, 40.1725662], [15.130156, 40.1725485], [15.1300792, 40.1725123], [15.1300117, 40.1725507], [15.1300344, 40.1726176], [15.1300547, 40.1726239], [15.1300666, 40.1726276]]]}, "properties": {"amministra": 1199, "id_conc": "2021Q011977", "tipo": "geometrie_oggetti", "oggetto": "ZD013", "amministr0": "Comune di Casal Velino", "uso": "Turistico Ricreativo", "categoria": "Vario", "data_scade": "2027-09-30", "tipo_atto": "Licenza", "numero_atto": "1", "anno_atto": 2021}}, {"type": "Feature", "geometry": {"type": "Polygon", "coordinates": [[[15.1203982, 40.1743694], [15.1204595, 40.1744292], [15.1206072, 40.17434], [15.1206291, 40.1743614], [15.1208181, 40.1742466], [15.1208844, 40.1742639], [15.1209472, 40.1744424], [15.120982, 40.1744351], [15.1210316, 40.1745742], [15.1211261, 40.1745544], [15.1209609, 40.1740906], [15.1208909, 40.1740719], [15.1203982, 40.1743694]]]}, "properties": {"amministra": 1199, "id_conc": "2019T038208", "tipo": "geometrie_oggetti", "oggetto": "OR001", "amministr0": "Comune di Casal Velino", "uso": "Produttivo Ed Industriale", "categoria": "Porto Con Funzioni Pescherecce", "data_scade": "2027-12-31", "tipo_atto": "Licenza", "numero_atto": "42", "anno_atto": 2020}}, {"type": "Feature", "geometry": {"type": "Polygon", "coordinates": [[[15.1193412, 40.1749894], [15.1193831, 40.175013], [15.1193819, 40.1750068], [15.1193423, 40.1749844], [15.1193412, 40.1749894]]]}, "properties": {"amministra": 1199, "id_conc": "2013R002959", "tipo": "tronchi_oggetti", "oggetto": "CE021", "amministr0": "Comune di Casal Velino", "uso": "Diporto Nautico", "categoria": "Porto Turistico", "data_scade": "2025-12-31", "tipo_atto": "Licenza", "numero_atto": "05", "anno_atto": 2013}}, {"type": "Feature", "geometry": {"type": "Polygon", "coordinates": [[[15.1193186, 40.1665648], [15.1192562, 40.1665065], [15.1192432, 40.1665142], [15.119306, 40.166573], [15.1193186, 40.1665648]]]}, "properties": {"amministra": 1199, "id_conc": "2017P050905", "tipo": "tronchi_oggetti", "oggetto": "CE002", "amministr0": "Comune di Casal Velino", "uso": "Vario", "categoria": "Altro", "data_scade": "2027-12-31", "tipo_atto": "Licenza", "numero_atto": "6", "anno_atto": 2017}}, {"type": "Feature", "geometry": {"type": "Polygon", "coordinates": [[[15.1357949, 40.1690262], [15.1361334, 40.1687763], [15.1359299, 40.168614], [15.1355913, 40.1688638], [15.1357949, 40.1690262]]]}, "properties": {"amministra": 1199, "id_conc": "2007L002086", "tipo": "geometrie_oggetti", "oggetto": "ZD001", "amministr0": "Comune di Casal Velino", "uso": "Turistico Ricreativo", "categoria": "Stabilimento Balneare Privato", "data_scade": "2027-09-30", "tipo_atto": "Licenza", "numero_atto": "4", "anno_atto": 2007}}, {"type": "Feature", "geometry": {"type": "Polygon", "coordinates": [[[15.1135104, 40.1770996], [15.1135442, 40.1770904], [15.1135339, 40.1770641], [15.113498, 40.1770701], [15.1135104, 40.1770996]]]}, "properties": {"amministra": 1199, "id_conc": "2005L001188", "tipo": "geometrie_oggetti", "oggetto": "OR013", "amministr0": "Comune di Casal Velino", "uso": "Vario", "categoria": "Altro", "data_scade": "2027-09-30", "tipo_atto": "Licenza", "numero_atto": "1", "anno_atto": 2005}}, {"type": "Feature", "geometry": {"type": "Polygon", "coordinates": [[[15.1195539, 40.1767639], [15.1195535, 40.1767639], [15.119555, 40.1766813], [15.1200109, 40.1766859], [15.1200109, 40.1766888], [15.1200113, 40.1766888], [15.1200117, 40.1766704], [15.1197997, 40.1766677], [15.1198006, 40.176626], [15.1197712, 40.1766257], [15.1197703, 40.1766673], [15.1195319, 40.1766643], [15.1195294, 40.1767823], [15.1200091, 40.1767874], [15.1200095, 40.1767699], [15.1195539, 40.1767641], [15.1195539, 40.1767639]]]}, "properties": {"amministra": 1199, "id_conc": "2016P009182", "tipo": "geometrie_oggetti", "oggetto": "ZD001", "amministr0": "Comune di Casal Velino", "uso": "Diporto Nautico", "categoria": "Porto Turistico", "data_scade": "2027-12-31", "tipo_atto": "Licenza", "numero_atto": "81", "anno_atto": 2017}}, {"type": "Feature", "geometry": {"type": "Polygon", "coordinates": [[[15.1195983, 40.175205], [15.1202522, 40.175097], [15.1201567, 40.1747525], [15.1195017, 40.1748607], [15.1195983, 40.175205]]]}, "properties": {"amministra": 1199, "id_conc": "2024M004899", "tipo": "geometrie_oggetti", "oggetto": "SP050", "amministr0": "Comune di Casal Velino", "uso": "Diporto Nautico", "categoria": "Porto Turistico", "data_scade": "2024-12-31", "tipo_atto": "Domanda", "numero_atto": "", "anno_atto": ""}}, {"type": "Feature", "geometry": {"type": "Polygon", "coordinates": [[[15.1195002, 40.175048], [15.1195518, 40.1750396], [15.1195482, 40.1750264], [15.1194966, 40.1750348], [15.1195002, 40.175048]]]}, "properties": {"amministra": 1199, "id_conc": "2024M004899", "tipo": "geometrie_oggetti", "oggetto": "OR051", "amministr0": "Comune di Casal Velino", "uso": "Diporto Nautico", "categoria": "Porto Turistico", "data_scade": "2024-12-31", "tipo_atto": "Domanda", "numero_atto": "", "anno_atto": ""}}, {"type": "Feature", "geometry": {"type": "Polygon", "coordinates": [[[15.1135159, 40.177057], [15.1135187, 40.1770666], [15.1135338, 40.1770641], [15.1135601, 40.1770597], [15.1135627, 40.1770593], [15.1135601, 40.1770496], [15.1135159, 40.177057]]]}, "properties": {"amministra": 1199, "id_conc": "2005L001188", "tipo": "geometrie_oggetti", "oggetto": "OR011", "amministr0": "Comune di Casal Velino", "uso": "Vario", "categoria": "Altro", "data_scade": "2027-09-30", "tipo_atto": "Licenza", "numero_atto": "1", "anno_atto": 2005}}, {"type": "Feature", "geometry": {"type": "Polygon", "coordinates": [[[15.113452, 40.1771155], [15.1135292, 40.1770944], [15.1135187, 40.1770666], [15.1134892, 40.1770715], [15.1134535, 40.1770773], [15.1134411, 40.1770794], [15.113452, 40.1771155]]]}, "properties": {"amministra": 1199, "id_conc": "2005L001188", "tipo": "geometrie_oggetti", "oggetto": "OR007", "amministr0": "Comune di Casal Velino", "uso": "Vario", "categoria": "Altro", "data_scade": "2027-09-30", "tipo_atto": "Licenza", "numero_atto": "1", "anno_atto": 2005}}, {"type": "Feature", "geometry": {"type": "Polygon", "coordinates": [[[15.1192658, 40.1751479], [15.119166, 40.1751726], [15.1191659, 40.1751726], [15.1191501, 40.1751765], [15.1191463, 40.1751822], [15.1191721, 40.1751758], [15.1191721, 40.1751758], [15.1192732, 40.1751508], [15.1192658, 40.1751479]]]}, "properties": {"amministra": 1199, "id_conc": "2013R002959", "tipo": "tronchi_oggetti", "oggetto": "CE021", "amministr0": "Comune di Casal Velino", "uso": "Diporto Nautico", "categoria": "Porto Turistico", "data_scade": "2025-12-31", "tipo_atto": "Licenza", "numero_atto": "05", "anno_atto": 2013}}, {"type": "Feature", "geometry": {"type": "Polygon", "coordinates": [[[15.1192499, 40.17511], [15.1192658, 40.1751479], [15.1192732, 40.1751508], [15.1192572, 40.1751129], [15.1192499, 40.17511]]]}, "properties": {"amministra": 1199, "id_conc": "2013R002959", "tipo": "tronchi_oggetti", "oggetto": "CE021", "amministr0": "Comune di Casal Velino", "uso": "Diporto Nautico", "categoria": "Porto Turistico", "data_scade": "2025-12-31", "tipo_atto": "Licenza", "numero_atto": "05", "anno_atto": 2013}}, {"type": "Feature", "geometry": {"type": "Polygon", "coordinates": [[[15.1219246, 40.1766046], [15.1217614, 40.1764132], [15.1217586, 40.1764142], [15.121922, 40.1766059], [15.1219246, 40.1766046]]]}, "properties": {"amministra": 1199, "id_conc": "2018Q000973", "tipo": "tronchi_oggetti", "oggetto": "CE001", "amministr0": "Comune di Casal Velino", "uso": "Produttivo Ed Industriale", "categoria": "Altro", "data_scade": "2027-09-30", "tipo_atto": "Licenza", "numero_atto": "1", "anno_atto": 2018}}, {"type": "Feature", "geometry": {"type": "Polygon", "coordinates": [[[15.1191622, 40.1751611], [15.119244, 40.1751408], [15.1192264, 40.175099], [15.1192933, 40.1750824], [15.1192669, 40.1750192], [15.1191182, 40.1750559], [15.1191622, 40.1751611]]]}, "properties": {"amministra": 1199, "id_conc": "2024M004899", "tipo": "geometrie_oggetti", "oggetto": "OR018", "amministr0": "Comune di Casal Velino", "uso": "Diporto Nautico", "categoria": "Porto Turistico", "data_scade": "2024-12-31", "tipo_atto": "Domanda", "numero_atto": "", "anno_atto": ""}}, {"type": "Feature", "geometry": {"type": "Polygon", "coordinates": [[[15.1195349, 40.175772], [15.120672, 40.1755844], [15.1206655, 40.1755614], [15.1195288, 40.1757491], [15.1195349, 40.175772]]]}, "properties": {"amministra": 1199, "id_conc": "2024M004899", "tipo": "geometrie_oggetti", "oggetto": "OR014", "amministr0": "Comune di Casal Velino", "uso": "Diporto Nautico", "categoria": "Porto Turistico", "data_scade": "2024-12-31", "tipo_atto": "Domanda", "numero_atto": "", "anno_atto": ""}}, {"type": "Feature", "geometry": {"type": "Polygon", "coordinates": [[[15.1253729, 40.1750617], [15.1253644, 40.1750502], [15.1253206, 40.1749908], [15.1254744, 40.1749241], [15.1255205, 40.1749866], [15.1255272, 40.1749956], [15.125435, 40.1750359], [15.1256423, 40.1749494], [15.12553, 40.1747911], [15.1251173, 40.1749633], [15.1252296, 40.1751216], [15.1253729, 40.1750617]]]}, "properties": {"amministra": 1199, "id_conc": "2020M019138", "tipo": "geometrie_oggetti", "oggetto": "ZD001", "amministr0": "Comune di Casal Velino", "uso": "Turistico Ricreativo", "categoria": "Stabilimento Balneare Pubblico", "data_scade": "2027-09-30", "tipo_atto": "Licenza", "numero_atto": "3", "anno_atto": 2020}}, {"type": "Feature", "geometry": {"type": "Polygon", "coordinates": [[[15.1269783, 40.1742992], [15.1267754, 40.174429], [15.1267866, 40.1744394], [15.1269896, 40.1743096], [15.1269783, 40.1742992]]]}, "properties": {"amministra": 1199, "id_conc": "2012X001041", "tipo": "geometrie_oggetti", "oggetto": "OR003", "amministr0": "Comune di Casal Velino", "uso": "Turistico Ricreativo", "categoria": "Stabilimento Balneare Pubblico", "data_scade": "2027-09-30", "tipo_atto": "Licenza", "numero_atto": "2", "anno_atto": 2012}}, {"type": "Feature", "geometry": {"type": "Polygon", "coordinates": [[[15.1215573, 40.1756922], [15.1215601, 40.1756917], [15.1215583, 40.1756864], [15.1215556, 40.175687], [15.1215573, 40.1756922]]]}, "properties": {"amministra": 1199, "id_conc": "2018Q000973", "tipo": "geometrie_oggetti", "oggetto": "OR005", "amministr0": "Comune di Casal Velino", "uso": "Produttivo Ed Industriale", "categoria": "Altro", "data_scade": "2027-09-30", "tipo_atto": "Licenza", "numero_atto": "1", "anno_atto": 2018}}, {"type": "Feature", "geometry": {"type": "Polygon", "coordinates": [[[15.123962, 40.175551], [15.1239782, 40.1755438], [15.1239581, 40.1755173], [15.1239418, 40.1755246], [15.123962, 40.175551]]]}, "properties": {"amministra": 1199, "id_conc": "2011C000516", "tipo": "geometrie_oggetti", "oggetto": "OR005", "amministr0": "Comune di Casal Velino", "uso": "Turistico Ricreativo", "categoria": "Stabilimento Balneare Privato", "data_scade": "2027-09-30", "tipo_atto": "Licenza", "numero_atto": "3", "anno_atto": 2011}}, {"type": "Feature", "geometry": {"type": "Polygon", "coordinates": [[[15.1135388, 40.177053], [15.1135381, 40.1770513], [15.1134901, 40.1770595], [15.1134935, 40.1770708], [15.113543, 40.1770626], [15.1135388, 40.177053]]]}, "properties": {"amministra": 1199, "id_conc": "2005L001188", "tipo": "geometrie_oggetti", "oggetto": "OR005", "amministr0": "Comune di Casal Velino", "uso": "Vario", "categoria": "Altro", "data_scade": "2027-09-30", "tipo_atto": "Licenza", "numero_atto": "1", "anno_atto": 2005}}, {"type": "Feature", "geometry": {"type": "Polygon", "coordinates": [[[15.1134378, 40.177068], [15.1134411, 40.1770794], [15.113498, 40.1770701], [15.1134947, 40.1770584], [15.1134378, 40.177068]]]}, "properties": {"amministra": 1199, "id_conc": "2005L001188", "tipo": "geometrie_oggetti", "oggetto": "OR015", "amministr0": "Comune di Casal Velino", "uso": "Vario", "categoria": "Altro", "data_scade": "2027-09-30", "tipo_atto": "Licenza", "numero_atto": "1", "anno_atto": 2005}}, {"type": "Feature", "geometry": {"type": "Polygon", "coordinates": [[[15.1110118, 40.1763005], [15.1109452, 40.1762578], [15.1110061, 40.1763059], [15.1110118, 40.1763005]]]}, "properties": {"amministra": 1199, "id_conc": "2008T004298", "tipo": "geometrie_oggetti", "oggetto": "OR005", "amministr0": "Comune di Casal Velino", "uso": "Vario", "categoria": "Altro", "data_scade": "2027-09-30", "tipo_atto": "Licenza", "numero_atto": "1", "anno_atto": 2008}}, {"type": "Feature", "geometry": {"type": "Polygon", "coordinates": [[[15.1214469, 40.1756744], [15.1215453, 40.1756545], [15.1212063, 40.174711], [15.1211093, 40.1747315], [15.1211252, 40.174776], [15.1211954, 40.1749697], [15.1212022, 40.1749888], [15.1213269, 40.1753358], [15.1213336, 40.1753549], [15.1213833, 40.1754938], [15.1214469, 40.1756744]]]}, "properties": {"amministra": 1199, "id_conc": "2013C003070", "tipo": "geometrie_oggetti", "oggetto": "ZD007", "amministr0": "Comune di Casal Velino", "uso": "Diporto Nautico", "categoria": "Porto Turistico", "data_scade": "2026-12-31", "tipo_atto": "Licenza", "numero_atto": "71", "anno_atto": 2013}}, {"type": "Feature", "geometry": {"type": "Polygon", "coordinates": [[[15.1193848, 40.1752127], [15.1195797, 40.1751391], [15.1195174, 40.1750658], [15.1195076, 40.1751095], [15.1193735, 40.1751706], [15.1193848, 40.1752127]]]}, "properties": {"amministra": 1199, "id_conc": "2024M004899", "tipo": "geometrie_oggetti", "oggetto": "SP024", "amministr0": "Comune di Casal Velino", "uso": "Diporto Nautico", "categoria": "Porto Turistico", "data_scade": "2024-12-31", "tipo_atto": "Domanda", "numero_atto": "", "anno_atto": ""}}, {"type": "Feature", "geometry": {"type": "Polygon", "coordinates": [[[15.1191506, 40.1751666], [15.1190989, 40.1750506], [15.1190874, 40.1750461], [15.119143, 40.175171], [15.1191506, 40.1751666]]]}, "properties": {"amministra": 1199, "id_conc": "2024M004899", "tipo": "tronchi_oggetti", "oggetto": "CE021", "amministr0": "Comune di Casal Velino", "uso": "Diporto Nautico", "categoria": "Porto Turistico", "data_scade": "2024-12-31", "tipo_atto": "Domanda", "numero_atto": "", "anno_atto": ""}}, {"type": "Feature", "geometry": {"type": "Polygon", "coordinates": [[[15.1240162, 40.1755831], [15.1240406, 40.1755722], [15.1240323, 40.1755613], [15.1240079, 40.1755722], [15.1240162, 40.1755831]]]}, "properties": {"amministra": 1199, "id_conc": "2011C000516", "tipo": "geometrie_oggetti", "oggetto": "OR003", "amministr0": "Comune di Casal Velino", "uso": "Turistico Ricreativo", "categoria": "Stabilimento Balneare Privato", "data_scade": "2027-09-30", "tipo_atto": "Licenza", "numero_atto": "3", "anno_atto": 2011}}, {"type": "Feature", "geometry": {"type": "Polygon", "coordinates": [[[15.1212102, 40.1761785], [15.1213236, 40.175961], [15.1212909, 40.175951], [15.1211775, 40.1761685], [15.1212102, 40.1761785]]]}, "properties": {"amministra": 1199, "id_conc": "2024L004898", "tipo": "geometrie_oggetti", "oggetto": "SP005", "amministr0": "Comune di Casal Velino", "uso": "Diporto Nautico", "categoria": "Porto Turistico", "data_scade": "2024-12-31", "tipo_atto": "Domanda", "numero_atto": "", "anno_atto": ""}}, {"type": "Feature", "geometry": {"type": "Polygon", "coordinates": [[[15.1212022, 40.1749888], [15.1211954, 40.1749697], [15.1208351, 40.1750515], [15.1208425, 40.1750707], [15.1212022, 40.1749888]]]}, "properties": {"amministra": 1199, "id_conc": "2013C003070", "tipo": "geometrie_oggetti", "oggetto": "OR004", "amministr0": "Comune di Casal Velino", "uso": "Diporto Nautico", "categoria": "Porto Turistico", "data_scade": "2026-12-31", "tipo_atto": "Licenza", "numero_atto": "71", "anno_atto": 2013}}, {"type": "Feature", "geometry": {"type": "Polygon", "coordinates": [[[15.1194586, 40.1755511], [15.1193529, 40.1751715], [15.1193442, 40.1751732], [15.1194498, 40.1755525], [15.1194586, 40.1755511]]]}, "properties": {"amministra": 1199, "id_conc": "2024M004899", "tipo": "tronchi_oggetti", "oggetto": "CE021", "amministr0": "Comune di Casal Velino", "uso": "Diporto Nautico", "categoria": "Porto Turistico", "data_scade": "2024-12-31", "tipo_atto": "Domanda", "numero_atto": "", "anno_atto": ""}}, {"type": "Feature", "geometry": {"type": "Polygon", "coordinates": [[[15.1192464, 40.1769186], [15.1193344, 40.1769208], [15.1193361, 40.1768816], [15.119248, 40.1768794], [15.1192464, 40.1769186]]]}, "properties": {"amministra": 1199, "id_conc": "2007F000712", "tipo": "geometrie_oggetti", "oggetto": "OR002", "amministr0": "Comune di Casal Velino", "uso": "Turistico Ricreativo", "categoria": "Vario", "data_scade": "2027-09-30", "tipo_atto": "Licenza", "numero_atto": "6", "anno_atto": 2007}}, {"type": "Feature", "geometry": {"type": "Polygon", "coordinates": [[[15.0946613, 40.1736505], [15.0949755, 40.173534], [15.0949812, 40.1735422], [15.0954373, 40.1734122], [15.0954121, 40.1733516], [15.094935, 40.1734697], [15.0949299, 40.1734616], [15.0946127, 40.1735733], [15.0946613, 40.1736505]]]}, "properties": {"amministra": 1199, "id_conc": "2012D002253", "tipo": "geometrie_oggetti", "oggetto": "ZD001", "amministr0": "Comune di Casal Velino", "uso": "Turistico Ricreativo", "categoria": "Stabilimento Balneare Privato", "data_scade": "2027-09-30", "tipo_atto": "Licenza", "numero_atto": "4", "anno_atto": 2012}}, {"type": "Feature", "geometry": {"type": "Polygon", "coordinates": [[[15.1193532, 40.1751724], [15.1193532, 40.1751709], [15.1193518, 40.1751698], [15.1193504, 40.1751688], [15.1193485, 40.1751688], [15.1193465, 40.1751688], [15.1193452, 40.1751698], [15.1193438, 40.1751709], [15.1193438, 40.1751724], [15.1193438, 40.1751739], [15.1193452, 40.1751749], [15.1193466, 40.175176], [15.1193485, 40.175176], [15.1193505, 40.175176], [15.1193518, 40.1751749], [15.1193532, 40.1751739], [15.1193532, 40.1751724]]]}, "properties": {"amministra": 1199, "id_conc": "2013R002959", "tipo": "geometrie_oggetti", "oggetto": "OR022", "amministr0": "Comune di Casal Velino", "uso": "Diporto Nautico", "categoria": "Porto Turistico", "data_scade": "2025-12-31", "tipo_atto": "Licenza", "numero_atto": "05", "anno_atto": 2013}}, {"type": "Feature", "geometry": {"type": "Polygon", "coordinates": [[[15.1299611, 40.1726665], [15.1297478, 40.1724293], [15.1291864, 40.1727252], [15.1293986, 40.1729611], [15.1294826, 40.1729171], [15.1294986, 40.1729088], [15.1296737, 40.1728171], [15.1299611, 40.1726665]]]}, "properties": {"amministra": 1199, "id_conc": "2008Q000596", "tipo": "geometrie_oggetti", "oggetto": "ZD001", "amministr0": "Comune di Casal Velino", "uso": "Turistico Ricreativo", "categoria": "Stabilimento Balneare Pubblico", "data_scade": "2033-12-31", "tipo_atto": "Licenza", "numero_atto": "4", "anno_atto": 2008}}, {"type": "Feature", "geometry": {"type": "Polygon", "coordinates": [[[15.1266839, 40.1744816], [15.1267287, 40.1744618], [15.1267143, 40.1744491], [15.1266733, 40.1744675], [15.1266839, 40.1744816]]]}, "properties": {"amministra": 1199, "id_conc": "2012X001041", "tipo": "geometrie_oggetti", "oggetto": "OR005", "amministr0": "Comune di Casal Velino", "uso": "Turistico Ricreativo", "categoria": "Stabilimento Balneare Pubblico", "data_scade": "2027-09-30", "tipo_atto": "Licenza", "numero_atto": "2", "anno_atto": 2012}}, {"type": "Feature", "geometry": {"type": "Polygon", "coordinates": [[[15.1191164, 40.1663478], [15.1190181, 40.1661993], [15.119003, 40.1662043], [15.1191021, 40.166354], [15.1191164, 40.1663478]]]}, "properties": {"amministra": 1199, "id_conc": "2017P050905", "tipo": "tronchi_oggetti", "oggetto": "CE002", "amministr0": "Comune di Casal Velino", "uso": "Vario", "categoria": "Altro", "data_scade": "2027-12-31", "tipo_atto": "Licenza", "numero_atto": "6", "anno_atto": 2017}}, {"type": "Feature", "geometry": {"type": "Polygon", "coordinates": [[[15.1195155, 40.1757534], [15.1206079, 40.1755794], [15.1206018, 40.1755569], [15.1195094, 40.1757308], [15.1195155, 40.1757534]]]}, "properties": {"amministra": 1199, "id_conc": "2013R002959", "tipo": "geometrie_oggetti", "oggetto": "OR014", "amministr0": "Comune di Casal Velino", "uso": "Diporto Nautico", "categoria": "Porto Turistico", "data_scade": "2025-12-31", "tipo_atto": "Licenza", "numero_atto": "05", "anno_atto": 2013}}, {"type": "Feature", "geometry": {"type": "Polygon", "coordinates": [[[15.0949102, 40.1735512], [15.0949737, 40.1735277], [15.0949685, 40.1735196], [15.0949474, 40.1735274], [15.0949449, 40.1735233], [15.0949025, 40.1735391], [15.0949102, 40.1735512]]]}, "properties": {"amministra": 1199, "id_conc": "2012D002253", "tipo": "geometrie_oggetti", "oggetto": "OR002", "amministr0": "Comune di Casal Velino", "uso": "Turistico Ricreativo", "categoria": "Stabilimento Balneare Privato", "data_scade": "2027-09-30", "tipo_atto": "Licenza", "numero_atto": "4", "anno_atto": 2012}}, {"type": "Feature", "geometry": {"type": "Polygon", "coordinates": [[[15.1137092, 40.1770768], [15.1137401, 40.1770766], [15.1137415, 40.1770767], [15.1137312, 40.177044], [15.1137018, 40.177046], [15.1137092, 40.1770768]]]}, "properties": {"amministra": 1199, "id_conc": "2005L001188", "tipo": "geometrie_oggetti", "oggetto": "OR002", "amministr0": "Comune di Casal Velino", "uso": "Vario", "categoria": "Altro", "data_scade": "2027-09-30", "tipo_atto": "Licenza", "numero_atto": "1", "anno_atto": 2005}}, {"type": "Feature", "geometry": {"type": "Polygon", "coordinates": [[[15.1254634, 40.1749319], [15.1255238, 40.1749067], [15.1255361, 40.1749241], [15.1255477, 40.1749198], [15.1255351, 40.174902], [15.1255867, 40.1748804], [15.1255802, 40.1748713], [15.1253842, 40.1749531], [15.1253392, 40.1748896], [15.1253237, 40.1748961], [15.1253688, 40.1749597], [15.1251782, 40.1750396], [15.1251843, 40.1750484], [15.1251895, 40.1750462], [15.1252287, 40.1751014], [15.1252339, 40.1750993], [15.1252403, 40.1750966], [15.1252012, 40.1750413], [15.1252369, 40.1750264], [15.125251, 40.1750462], [15.1252623, 40.1750414], [15.1252483, 40.1750217], [15.1253081, 40.1749967], [15.1254634, 40.1749319]]]}, "properties": {"amministra": 1199, "id_conc": "2020M019138", "tipo": "geometrie_oggetti", "oggetto": "OR004", "amministr0": "Comune di Casal Velino", "uso": "Turistico Ricreativo", "categoria": "Stabilimento Balneare Pubblico", "data_scade": "2027-09-30", "tipo_atto": "Licenza", "numero_atto": "3", "anno_atto": 2020}}, {"type": "Feature", "geometry": {"type": "Polygon", "coordinates": [[[15.1294261, 40.1728273], [15.1294706, 40.1728041], [15.1294986, 40.1727892], [15.1295242, 40.1727955], [15.1295257, 40.1727749], [15.1295537, 40.1727601], [15.1296012, 40.1727356], [15.1295843, 40.1727166], [15.1295321, 40.1727439], [15.1295047, 40.1727583], [15.1294902, 40.1727659], [15.1294628, 40.1727802], [15.1294092, 40.1728083], [15.1294261, 40.1728273]]]}, "properties": {"amministra": 1199, "id_conc": "2008Q000596", "tipo": "geometrie_oggetti", "oggetto": "OR003", "amministr0": "Comune di Casal Velino", "uso": "Turistico Ricreativo", "categoria": "Stabilimento Balneare Pubblico", "data_scade": "2033-12-31", "tipo_atto": "Licenza", "numero_atto": "4", "anno_atto": 2008}}, {"type": "Feature", "geometry": {"type": "Polygon", "coordinates": [[[15.1195319, 40.1766643], [15.1197703, 40.1766673], [15.1197706, 40.1766541], [15.1195322, 40.176651], [15.1195319, 40.1766643]]]}, "properties": {"amministra": 1199, "id_conc": "2016P009182", "tipo": "geometrie_oggetti", "oggetto": "ZD002", "amministr0": "Comune di Casal Velino", "uso": "Diporto Nautico", "categoria": "Porto Turistico", "data_scade": "2027-12-31", "tipo_atto": "Licenza", "numero_atto": "81", "anno_atto": 2017}}, {"type": "Feature", "geometry": {"type": "Polygon", "coordinates": [[[15.120088, 40.1742751], [15.1180315, 40.1746274], [15.1180588, 40.1747454], [15.1183017, 40.1747048], [15.1190349, 40.1745779], [15.1194936, 40.1744987], [15.1200518, 40.1744024], [15.120088, 40.1742751]]]}, "properties": {"amministra": 1199, "id_conc": "2013C003070", "tipo": "geometrie_oggetti", "oggetto": "ZD010", "amministr0": "Comune di Casal Velino", "uso": "Diporto Nautico", "categoria": "Porto Turistico", "data_scade": "2026-12-31", "tipo_atto": "Licenza", "numero_atto": "71", "anno_atto": 2013}}, {"type": "Feature", "geometry": {"type": "Polygon", "coordinates": [[[15.1264192, 40.1746061], [15.1264591, 40.1745881], [15.1264565, 40.1745848], [15.126456, 40.174584], [15.1264549, 40.1745826], [15.1264538, 40.1745812], [15.1264496, 40.1745827], [15.126383, 40.1745003], [15.1264605, 40.1744258], [15.1264909, 40.1744232], [15.1265039, 40.1744221], [15.1265173, 40.1744209], [15.1265392, 40.1744191], [15.1266288, 40.1743768], [15.1266808, 40.1744185], [15.1267019, 40.1744354], [15.1266627, 40.1744535], [15.1266868, 40.1744855], [15.1267325, 40.1744649], [15.1267807, 40.1744432], [15.1267866, 40.1744394], [15.1269896, 40.1743096], [15.1270032, 40.1743009], [15.1268914, 40.1741522], [15.1268212, 40.1741833], [15.1268008, 40.1741923], [15.1266228, 40.1742711], [15.1265923, 40.1742846], [15.1263124, 40.1744084], [15.126281, 40.1744223], [15.1263496, 40.1745135], [15.1264149, 40.1746003], [15.1264192, 40.1746061]]]}, "properties": {"amministra": 1199, "id_conc": "2012X001041", "tipo": "geometrie_oggetti", "oggetto": "ZD001", "amministr0": "Comune di Casal Velino", "uso": "Turistico Ricreativo", "categoria": "Stabilimento Balneare Pubblico", "data_scade": "2027-09-30", "tipo_atto": "Licenza", "numero_atto": "2", "anno_atto": 2012}}, {"type": "Feature", "geometry": {"type": "Polygon", "coordinates": [[[15.119661, 40.1762987], [15.1194586, 40.1755511], [15.1194498, 40.1755525], [15.1196522, 40.1763001], [15.119661, 40.1762987]]]}, "properties": {"amministra": 1199, "id_conc": "2024M004899", "tipo": "tronchi_oggetti", "oggetto": "CE021", "amministr0": "Comune di Casal Velino", "uso": "Diporto Nautico", "categoria": "Porto Turistico", "data_scade": "2024-12-31", "tipo_atto": "Domanda", "numero_atto": "", "anno_atto": ""}}, {"type": "Feature", "geometry": {"type": "Polygon", "coordinates": [[[15.1191622, 40.1751611], [15.119244, 40.1751408], [15.1192264, 40.175099], [15.1192933, 40.1750824], [15.1192669, 40.1750192], [15.1191182, 40.1750559], [15.1191622, 40.1751611]]]}, "properties": {"amministra": 1199, "id_conc": "2013R002959", "tipo": "geometrie_oggetti", "oggetto": "OR018", "amministr0": "Comune di Casal Velino", "uso": "Diporto Nautico", "categoria": "Porto Turistico", "data_scade": "2025-12-31", "tipo_atto": "Licenza", "numero_atto": "05", "anno_atto": 2013}}, {"type": "Feature", "geometry": {"type": "Polygon", "coordinates": [[[15.1217491, 40.1763788], [15.1217258, 40.1763051], [15.1217228, 40.1763056], [15.1217461, 40.1763794], [15.1217491, 40.1763788]]]}, "properties": {"amministra": 1199, "id_conc": "2018Q000973", "tipo": "tronchi_oggetti", "oggetto": "CE003", "amministr0": "Comune di Casal Velino", "uso": "Produttivo Ed Industriale", "categoria": "Altro", "data_scade": "2027-09-30", "tipo_atto": "Licenza", "numero_atto": "1", "anno_atto": 2018}}, {"type": "Feature", "geometry": {"type": "Polygon", "coordinates": [[[15.1195032, 40.1762961], [15.1196628, 40.1762977], [15.119543, 40.1758546], [15.1195183, 40.175878], [15.1195032, 40.1762961]]]}, "properties": {"amministra": 1199, "id_conc": "2013R002959", "tipo": "geometrie_oggetti", "oggetto": "OR011", "amministr0": "Comune di Casal Velino", "uso": "Diporto Nautico", "categoria": "Porto Turistico", "data_scade": "2025-12-31", "tipo_atto": "Licenza", "numero_atto": "05", "anno_atto": 2013}}, {"type": "Feature", "geometry": {"type": "Polygon", "coordinates": [[[15.1217614, 40.1764132], [15.1217495, 40.1763799], [15.1217457, 40.1763783], [15.1217586, 40.1764142], [15.1217614, 40.1764132]]]}, "properties": {"amministra": 1199, "id_conc": "2018Q000973", "tipo": "tronchi_oggetti", "oggetto": "CE001", "amministr0": "Comune di Casal Velino", "uso": "Produttivo Ed Industriale", "categoria": "Altro", "data_scade": "2027-09-30", "tipo_atto": "Licenza", "numero_atto": "1", "anno_atto": 2018}}, {"type": "Feature", "geometry": {"type": "Polygon", "coordinates": [[[15.1194858, 40.1762852], [15.1194858, 40.1762845], [15.1194851, 40.176284], [15.1194844, 40.1762834], [15.1194835, 40.1762834], [15.1194825, 40.1762834], [15.1194818, 40.176284], [15.1194811, 40.1762845], [15.1194811, 40.1762852], [15.1194811, 40.176286], [15.1194818, 40.1762865], [15.1194825, 40.176287], [15.1194835, 40.176287], [15.1194844, 40.176287], [15.1194851, 40.1762865], [15.1194858, 40.176286], [15.1194858, 40.1762852]]]}, "properties": {"amministra": 1199, "id_conc": "2024M004899", "tipo": "geometrie_oggetti", "oggetto": "OR016", "amministr0": "Comune di Casal Velino", "uso": "Diporto Nautico", "categoria": "Porto Turistico", "data_scade": "2024-12-31", "tipo_atto": "Domanda", "numero_atto": "", "anno_atto": ""}}, {"type": "Feature", "geometry": {"type": "Polygon", "coordinates": [[[15.1254634, 40.1749319], [15.1253081, 40.1749967], [15.1253474, 40.1750519], [15.1253585, 40.1750677], [15.1255138, 40.1750029], [15.1254634, 40.1749319]]]}, "properties": {"amministra": 1199, "id_conc": "2020M019138", "tipo": "geometrie_oggetti", "oggetto": "OR001", "amministr0": "Comune di Casal Velino", "uso": "Turistico Ricreativo", "categoria": "Stabilimento Balneare Pubblico", "data_scade": "2027-09-30", "tipo_atto": "Licenza", "numero_atto": "3", "anno_atto": 2020}}, {"type": "Feature", "geometry": {"type": "Polygon", "coordinates": [[[15.1210003, 40.1741378], [15.1211372, 40.1741086], [15.1211423, 40.1741221], [15.1211987, 40.1741095], [15.1212626, 40.1740522], [15.1211621, 40.1737856], [15.1210681, 40.1737634], [15.1210117, 40.1737759], [15.1211235, 40.1740723], [15.120987, 40.1741032], [15.1210003, 40.1741378]]]}, "properties": {"amministra": 1199, "id_conc": "2024L004898", "tipo": "geometrie_oggetti", "oggetto": "OR008", "amministr0": "Comune di Casal Velino", "uso": "Diporto Nautico", "categoria": "Porto Turistico", "data_scade": "2024-12-31", "tipo_atto": "Domanda", "numero_atto": "", "anno_atto": ""}}, {"type": "Feature", "geometry": {"type": "Polygon", "coordinates": [[[15.1197432, 40.1767665], [15.1198965, 40.1767685], [15.1198982, 40.1766874], [15.1197676, 40.1766857], [15.1197664, 40.176742], [15.1197438, 40.1767418], [15.1197432, 40.1767665]]]}, "properties": {"amministra": 1199, "id_conc": "2016P009182", "tipo": "geometrie_oggetti", "oggetto": "OR002", "amministr0": "Comune di Casal Velino", "uso": "Diporto Nautico", "categoria": "Porto Turistico", "data_scade": "2027-12-31", "tipo_atto": "Licenza", "numero_atto": "81", "anno_atto": 2017}}, {"type": "Feature", "geometry": {"type": "Polygon", "coordinates": [[[15.119341, 40.1749908], [15.1193835, 40.1750147], [15.1193815, 40.1750051], [15.1193425, 40.1749831], [15.119341, 40.1749908]]]}, "properties": {"amministra": 1199, "id_conc": "2024M004899", "tipo": "tronchi_oggetti", "oggetto": "CE021", "amministr0": "Comune di Casal Velino", "uso": "Diporto Nautico", "categoria": "Porto Turistico", "data_scade": "2024-12-31", "tipo_atto": "Domanda", "numero_atto": "", "anno_atto": ""}}, {"type": "Feature", "geometry": {"type": "Polygon", "coordinates": [[[15.1195687, 40.1759684], [15.1195687, 40.1759669], [15.1195673, 40.1759659], [15.1195659, 40.1759648], [15.119564, 40.1759648], [15.119562, 40.1759648], [15.1195607, 40.1759659], [15.1195593, 40.1759669], [15.1195593, 40.1759684], [15.1195593, 40.1759699], [15.1195607, 40.175971], [15.1195621, 40.175972], [15.119564, 40.175972], [15.119566, 40.175972], [15.1195673, 40.175971], [15.1195687, 40.1759699], [15.1195687, 40.1759684]]]}, "properties": {"amministra": 1199, "id_conc": "2024M004899", "tipo": "geometrie_oggetti", "oggetto": "OR026", "amministr0": "Comune di Casal Velino", "uso": "Diporto Nautico", "categoria": "Porto Turistico", "data_scade": "2024-12-31", "tipo_atto": "Domanda", "numero_atto": "", "anno_atto": ""}}, {"type": "Feature", "geometry": {"type": "Polygon", "coordinates": [[[15.1194128, 40.1753741], [15.1205053, 40.1752001], [15.1204669, 40.1750588], [15.119946, 40.1751417], [15.1199531, 40.1751682], [15.1198117, 40.1751907], [15.1198165, 40.1752083], [15.1197337, 40.1752215], [15.1197384, 40.1752392], [15.1196349, 40.1752557], [15.1196397, 40.1752733], [15.1193959, 40.1753121], [15.1194128, 40.1753741]]]}, "properties": {"amministra": 1199, "id_conc": "2013R002959", "tipo": "geometrie_oggetti", "oggetto": "SP023", "amministr0": "Comune di Casal Velino", "uso": "Diporto Nautico", "categoria": "Porto Turistico", "data_scade": "2025-12-31", "tipo_atto": "Licenza", "numero_atto": "05", "anno_atto": 2013}}, {"type": "Feature", "geometry": {"type": "Polygon", "coordinates": [[[15.1194858, 40.1762852], [15.1194858, 40.1762845], [15.1194851, 40.176284], [15.1194844, 40.1762834], [15.1194835, 40.1762834], [15.1194825, 40.1762834], [15.1194818, 40.176284], [15.1194811, 40.1762845], [15.1194811, 40.1762852], [15.1194811, 40.176286], [15.1194818, 40.1762865], [15.1194825, 40.176287], [15.1194835, 40.176287], [15.1194844, 40.176287], [15.1194851, 40.1762865], [15.1194858, 40.176286], [15.1194858, 40.1762852]]]}, "properties": {"amministra": 1199, "id_conc": "2013R002959", "tipo": "geometrie_oggetti", "oggetto": "OR016", "amministr0": "Comune di Casal Velino", "uso": "Diporto Nautico", "categoria": "Porto Turistico", "data_scade": "2025-12-31", "tipo_atto": "Licenza", "numero_atto": "05", "anno_atto": 2013}}, {"type": "Feature", "geometry": {"type": "Polygon", "coordinates": [[[15.1193609, 40.1749589], [15.1193033, 40.1749177], [15.1192778, 40.1749053], [15.1192173, 40.1748986], [15.1189902, 40.1749481], [15.1190146, 40.1750094], [15.1190224, 40.1750841], [15.1190585, 40.1751288], [15.1191339, 40.1751776], [15.1190721, 40.1750301], [15.1193609, 40.1749589]]]}, "properties": {"amministra": 1199, "id_conc": "2013R002959", "tipo": "geometrie_oggetti", "oggetto": "OR013", "amministr0": "Comune di Casal Velino", "uso": "Diporto Nautico", "categoria": "Porto Turistico", "data_scade": "2025-12-31", "tipo_atto": "Licenza", "numero_atto": "05", "anno_atto": 2013}}, {"type": "Feature", "geometry": {"type": "Polygon", "coordinates": [[[15.1190989, 40.1750506], [15.1192166, 40.1750238], [15.1192138, 40.1750173], [15.1190874, 40.1750461], [15.1190989, 40.1750506]]]}, "properties": {"amministra": 1199, "id_conc": "2024M004899", "tipo": "tronchi_oggetti", "oggetto": "CE021", "amministr0": "Comune di Casal Velino", "uso": "Diporto Nautico", "categoria": "Porto Turistico", "data_scade": "2024-12-31", "tipo_atto": "Domanda", "numero_atto": "", "anno_atto": ""}}, {"type": "Feature", "geometry": {"type": "Polygon", "coordinates": [[[15.1225567, 40.1761393], [15.1227778, 40.1762395], [15.1239492, 40.1757154], [15.12389, 40.1756375], [15.1227781, 40.176135], [15.1226164, 40.1760617], [15.1225567, 40.1761393]]]}, "properties": {"amministra": 1199, "id_conc": "2021Q011977", "tipo": "geometrie_oggetti", "oggetto": "ZD014", "amministr0": "Comune di Casal Velino", "uso": "Turistico Ricreativo", "categoria": "Vario", "data_scade": "2027-09-30", "tipo_atto": "Licenza", "numero_atto": "1", "anno_atto": 2021}}, {"type": "Feature", "geometry": {"type": "Polygon", "coordinates": [[[15.1263496, 40.1745135], [15.126381, 40.1744997], [15.1263124, 40.1744084], [15.126281, 40.1744223], [15.1263496, 40.1745135]]]}, "properties": {"amministra": 1199, "id_conc": "2012X001041", "tipo": "geometrie_oggetti", "oggetto": "OR001", "amministr0": "Comune di Casal Velino", "uso": "Turistico Ricreativo", "categoria": "Stabilimento Balneare Pubblico", "data_scade": "2027-09-30", "tipo_atto": "Licenza", "numero_atto": "2", "anno_atto": 2012}}, {"type": "Feature", "geometry": {"type": "Polygon", "coordinates": [[[15.119543, 40.1758546], [15.1200175, 40.1754058], [15.1199939, 40.1753183], [15.1195645, 40.1750743], [15.1195434, 40.1750962], [15.1193569, 40.1751677], [15.119543, 40.1758546]]]}, "properties": {"amministra": 1199, "id_conc": "2013R002959", "tipo": "geometrie_oggetti", "oggetto": "ZD002", "amministr0": "Comune di Casal Velino", "uso": "Diporto Nautico", "categoria": "Porto Turistico", "data_scade": "2025-12-31", "tipo_atto": "Licenza", "numero_atto": "05", "anno_atto": 2013}}, {"type": "Feature", "geometry": {"type": "Polygon", "coordinates": [[[15.1213336, 40.1753549], [15.1213269, 40.1753358], [15.1209706, 40.1754094], [15.1209773, 40.1754285], [15.1213336, 40.1753549]]]}, "properties": {"amministra": 1199, "id_conc": "2024L004898", "tipo": "geometrie_oggetti", "oggetto": "OR003", "amministr0": "Comune di Casal Velino", "uso": "Diporto Nautico", "categoria": "Porto Turistico", "data_scade": "2024-12-31", "tipo_atto": "Domanda", "numero_atto": "", "anno_atto": ""}}, {"type": "Feature", "geometry": {"type": "Polygon", "coordinates": [[[15.1215842, 40.175764], [15.1216291, 40.1758881], [15.1216631, 40.1758812], [15.1216182, 40.175757], [15.1215842, 40.175764]]]}, "properties": {"amministra": 1199, "id_conc": "2024L004898", "tipo": "geometrie_oggetti", "oggetto": "ZD005", "amministr0": "Comune di Casal Velino", "uso": "Diporto Nautico", "categoria": "Porto Turistico", "data_scade": "2024-12-31", "tipo_atto": "Domanda", "numero_atto": "", "anno_atto": ""}}, {"type": "Feature", "geometry": {"type": "Polygon", "coordinates": [[[15.1215476, 40.1756978], [15.1215615, 40.1756947], [15.1215577, 40.1756931], [15.1215468, 40.1756956], [15.1215476, 40.1756978]]]}, "properties": {"amministra": 1199, "id_conc": "2018Q000973", "tipo": "tronchi_oggetti", "oggetto": "CE004", "amministr0": "Comune di Casal Velino", "uso": "Produttivo Ed Industriale", "categoria": "Altro", "data_scade": "2027-09-30", "tipo_atto": "Licenza", "numero_atto": "1", "anno_atto": 2018}}, {"type": "Feature", "geometry": {"type": "Polygon", "coordinates": [[[15.12746, 40.1737893], [15.1193186, 40.1665648], [15.119306, 40.166573], [15.1274476, 40.1737975], [15.12746, 40.1737893]]]}, "properties": {"amministra": 1199, "id_conc": "2017P050905", "tipo": "tronchi_oggetti", "oggetto": "CE002", "amministr0": "Comune di Casal Velino", "uso": "Vario", "categoria": "Altro", "data_scade": "2027-12-31", "tipo_atto": "Licenza", "numero_atto": "6", "anno_atto": 2017}}, {"type": "Feature", "geometry": {"type": "Polygon", "coordinates": [[[15.1193514, 40.1751718], [15.1193191, 40.1750926], [15.1193153, 40.1750983], [15.1193457, 40.1751729], [15.1193514, 40.1751718]]]}, "properties": {"amministra": 1199, "id_conc": "2013R002959", "tipo": "tronchi_oggetti", "oggetto": "CE021", "amministr0": "Comune di Casal Velino", "uso": "Diporto Nautico", "categoria": "Porto Turistico", "data_scade": "2025-12-31", "tipo_atto": "Licenza", "numero_atto": "05", "anno_atto": 2013}}, {"type": "Feature", "geometry": {"type": "Polygon", "coordinates": [[[15.1294628, 40.1727802], [15.1294902, 40.1727659], [15.1295047, 40.1727583], [15.1295321, 40.1727439], [15.1295215, 40.172732], [15.1294941, 40.1727464], [15.1294796, 40.172754], [15.1294522, 40.1727683], [15.1294628, 40.1727802]]]}, "properties": {"amministra": 1199, "id_conc": "2008Q000596", "tipo": "geometrie_oggetti", "oggetto": "OR006", "amministr0": "Comune di Casal Velino", "uso": "Turistico Ricreativo", "categoria": "Stabilimento Balneare Pubblico", "data_scade": "2033-12-31", "tipo_atto": "Licenza", "numero_atto": "4", "anno_atto": 2008}}, {"type": "Feature", "geometry": {"type": "Polygon", "coordinates": [[[15.1202745, 40.1765158], [15.1202662, 40.176562], [15.1202737, 40.1765695], [15.1202655, 40.1765826], [15.1201865, 40.1765991], [15.1202187, 40.1766568], [15.1214045, 40.176394], [15.1217965, 40.1766102], [15.1218853, 40.1763969], [15.121814, 40.1764093], [15.1216291, 40.1758881], [15.1215842, 40.175764], [15.1215453, 40.1756545], [15.1214469, 40.1756744], [15.1214881, 40.1757845], [15.1213444, 40.175822], [15.1213647, 40.1758777], [15.1213348, 40.1759383], [15.1213236, 40.175961], [15.1212102, 40.1761785], [15.1211583, 40.176278], [15.1211334, 40.1763257], [15.1210498, 40.1763442], [15.121025, 40.1763497], [15.1208362, 40.1763915], [15.1207251, 40.1764161], [15.1205431, 40.176456], [15.1205183, 40.1764616], [15.1203811, 40.1764922], [15.1202745, 40.1765158]]]}, "properties": {"amministra": 1199, "id_conc": "2024L004898", "tipo": "geometrie_oggetti", "oggetto": "ZD004", "amministr0": "Comune di Casal Velino", "uso": "Diporto Nautico", "categoria": "Porto Turistico", "data_scade": "2024-12-31", "tipo_atto": "Domanda", "numero_atto": "", "anno_atto": ""}}, {"type": "Feature", "geometry": {"type": "Polygon", "coordinates": [[[15.1191501, 40.1751765], [15.1191435, 40.175161], [15.1190968, 40.1750498], [15.1190895, 40.1750469], [15.1191373, 40.1751609], [15.1191463, 40.1751822], [15.1191501, 40.1751765]]]}, "properties": {"amministra": 1199, "id_conc": "2013R002959", "tipo": "tronchi_oggetti", "oggetto": "CE021", "amministr0": "Comune di Casal Velino", "uso": "Diporto Nautico", "categoria": "Porto Turistico", "data_scade": "2025-12-31", "tipo_atto": "Licenza", "numero_atto": "05", "anno_atto": 2013}}, {"type": "Feature", "geometry": {"type": "Polygon", "coordinates": [[[15.1193835, 40.1750147], [15.1193939, 40.1750038], [15.1193866, 40.1749998], [15.1193815, 40.1750051], [15.1193835, 40.1750147]]]}, "properties": {"amministra": 1199, "id_conc": "2024M004899", "tipo": "tronchi_oggetti", "oggetto": "CE021", "amministr0": "Comune di Casal Velino", "uso": "Diporto Nautico", "categoria": "Porto Turistico", "data_scade": "2024-12-31", "tipo_atto": "Domanda", "numero_atto": "", "anno_atto": ""}}, {"type": "Feature", "geometry": {"type": "Polygon", "coordinates": [[[15.1200095, 40.1767698], [15.1201223, 40.1767698], [15.120124, 40.1766875], [15.1200112, 40.1766875], [15.1200095, 40.1767698]]]}, "properties": {"amministra": 1199, "id_conc": "2013R002959", "tipo": "geometrie_oggetti", "oggetto": "OR010", "amministr0": "Comune di Casal Velino", "uso": "Diporto Nautico", "categoria": "Porto Turistico", "data_scade": "2025-12-31", "tipo_atto": "Licenza", "numero_atto": "05", "anno_atto": 2013}}, {"type": "Feature", "geometry": {"type": "Polygon", "coordinates": [[[15.1294986, 40.1729088], [15.1296737, 40.1728171], [15.1296012, 40.1727356], [15.1295537, 40.1727601], [15.1295604, 40.1727675], [15.129586, 40.1727539], [15.1296327, 40.1728058], [15.1296012, 40.1728225], [15.1295869, 40.1728066], [15.1295492, 40.1728265], [15.1295636, 40.1728424], [15.1294983, 40.1728769], [15.1294516, 40.172825], [15.1294772, 40.1728115], [15.1294706, 40.1728041], [15.1294261, 40.1728273], [15.1294615, 40.1728671], [15.1294714, 40.1728782], [15.1294986, 40.1729088]]]}, "properties": {"amministra": 1199, "id_conc": "2008Q000596", "tipo": "geometrie_oggetti", "oggetto": "OR004", "amministr0": "Comune di Casal Velino", "uso": "Turistico Ricreativo", "categoria": "Stabilimento Balneare Pubblico", "data_scade": "2033-12-31", "tipo_atto": "Licenza", "numero_atto": "4", "anno_atto": 2008}}, {"type": "Feature", "geometry": {"type": "Polygon", "coordinates": [[[15.1194796, 40.1755658], [15.1206934, 40.1753653], [15.1206101, 40.1750602], [15.1193976, 40.1752604], [15.1194796, 40.1755658]]]}, "properties": {"amministra": 1199, "id_conc": "2024M004899", "tipo": "geometrie_oggetti", "oggetto": "SP022", "amministr0": "Comune di Casal Velino", "uso": "Diporto Nautico", "categoria": "Porto Turistico", "data_scade": "2024-12-31", "tipo_atto": "Domanda", "numero_atto": "", "anno_atto": ""}}, {"type": "Feature", "geometry": {"type": "Polygon", "coordinates": [[[15.120515, 40.1764625], [15.1203328, 40.1759778], [15.1203045, 40.175984], [15.1204868, 40.1764688], [15.120515, 40.1764625]]]}, "properties": {"amministra": 1199, "id_conc": "2024L004898", "tipo": "geometrie_oggetti", "oggetto": "OR009", "amministr0": "Comune di Casal Velino", "uso": "Diporto Nautico", "categoria": "Porto Turistico", "data_scade": "2024-12-31", "tipo_atto": "Domanda", "numero_atto": "", "anno_atto": ""}}, {"type": "Feature", "geometry": {"type": "Polygon", "coordinates": [[[15.1206007, 40.1767876], [15.1206914, 40.1767679], [15.1207136, 40.1768286], [15.1207656, 40.1768203], [15.1207343, 40.1767363], [15.1205941, 40.1767666], [15.1206007, 40.1767876]]]}, "properties": {"amministra": 1199, "id_conc": "2021Q011977", "tipo": "geometrie_oggetti", "oggetto": "ZD004", "amministr0": "Comune di Casal Velino", "uso": "Turistico Ricreativo", "categoria": "Vario", "data_scade": "2027-09-30", "tipo_atto": "Licenza", "numero_atto": "1", "anno_atto": 2021}}, {"type": "Feature", "geometry": {"type": "Polygon", "coordinates": [[[15.1192562, 40.1665065], [15.119183, 40.166429], [15.1191694, 40.1664361], [15.1192432, 40.1665142], [15.1192562, 40.1665065]]]}, "properties": {"amministra": 1199, "id_conc": "2017P050905", "tipo": "tronchi_oggetti", "oggetto": "CE002", "amministr0": "Comune di Casal Velino", "uso": "Vario", "categoria": "Altro", "data_scade": "2027-12-31", "tipo_atto": "Licenza", "numero_atto": "6", "anno_atto": 2017}}, {"type": "Feature", "geometry": {"type": "Polygon", "coordinates": [[[15.1193532, 40.1751724], [15.1193532, 40.1751709], [15.1193518, 40.1751698], [15.1193504, 40.1751688], [15.1193485, 40.1751688], [15.1193465, 40.1751688], [15.1193452, 40.1751698], [15.1193438, 40.1751709], [15.1193438, 40.1751724], [15.1193438, 40.1751739], [15.1193452, 40.1751749], [15.1193466, 40.175176], [15.1193485, 40.175176], [15.1193505, 40.175176], [15.1193518, 40.1751749], [15.1193532, 40.1751739], [15.1193532, 40.1751724]]]}, "properties": {"amministra": 1199, "id_conc": "2024M004899", "tipo": "geometrie_oggetti", "oggetto": "OR022", "amministr0": "Comune di Casal Velino", "uso": "Diporto Nautico", "categoria": "Porto Turistico", "data_scade": "2024-12-31", "tipo_atto": "Domanda", "numero_atto": "", "anno_atto": ""}}, {"type": "Feature", "geometry": {"type": "Polygon", "coordinates": [[[15.1134059, 40.1770854], [15.1134133, 40.1771103], [15.1134486, 40.1771044], [15.1134411, 40.1770794], [15.1134059, 40.1770854]]]}, "properties": {"amministra": 1199, "id_conc": "2005L001188", "tipo": "geometrie_oggetti", "oggetto": "OR001", "amministr0": "Comune di Casal Velino", "uso": "Vario", "categoria": "Altro", "data_scade": "2027-09-30", "tipo_atto": "Licenza", "numero_atto": "1", "anno_atto": 2005}}, {"type": "Feature", "geometry": {"type": "Polygon", "coordinates": [[[15.1204595, 40.1744292], [15.1210316, 40.1745742], [15.120982, 40.1744351], [15.1209472, 40.1744424], [15.1208844, 40.1742639], [15.1208181, 40.1742466], [15.1206291, 40.1743614], [15.1206072, 40.17434], [15.1204595, 40.1744292]]]}, "properties": {"amministra": 1199, "id_conc": "2019T038208", "tipo": "geometrie_oggetti", "oggetto": "ZD001", "amministr0": "Comune di Casal Velino", "uso": "Produttivo Ed Industriale", "categoria": "Porto Con Funzioni Pescherecce", "data_scade": "2027-12-31", "tipo_atto": "Licenza", "numero_atto": "42", "anno_atto": 2020}}, {"type": "Feature", "geometry": {"type": "Polygon", "coordinates": [[[15.1209146, 40.1748268], [15.1211252, 40.174776], [15.1211093, 40.1747315], [15.1200518, 40.1744024], [15.1200358, 40.1744327], [15.119981, 40.1745363], [15.1209146, 40.1748268]]]}, "properties": {"amministra": 1199, "id_conc": "2024L004898", "tipo": "geometrie_oggetti", "oggetto": "SP010", "amministr0": "Comune di Casal Velino", "uso": "Diporto Nautico", "categoria": "Porto Turistico", "data_scade": "2024-12-31", "tipo_atto": "Domanda", "numero_atto": "", "anno_atto": ""}}, {"type": "Feature", "geometry": {"type": "Polygon", "coordinates": [[[15.1240079, 40.1755722], [15.1239843, 40.175541], [15.1239782, 40.1755438], [15.123962, 40.175551], [15.1239856, 40.1755822], [15.1240079, 40.1755722]]]}, "properties": {"amministra": 1199, "id_conc": "2011C000516", "tipo": "geometrie_oggetti", "oggetto": "OR004", "amministr0": "Comune di Casal Velino", "uso": "Turistico Ricreativo", "categoria": "Stabilimento Balneare Privato", "data_scade": "2027-09-30", "tipo_atto": "Licenza", "numero_atto": "3", "anno_atto": 2011}}, {"type": "Feature", "geometry": {"type": "Polygon", "coordinates": [[[15.1202745, 40.1765158], [15.1202662, 40.176562], [15.1202737, 40.1765695], [15.1202655, 40.1765826], [15.1201865, 40.1765991], [15.1202187, 40.1766568], [15.1214045, 40.176394], [15.1217965, 40.1766102], [15.1218853, 40.1763969], [15.121814, 40.1764093], [15.1216291, 40.1758881], [15.1215842, 40.175764], [15.1215453, 40.1756545], [15.1214469, 40.1756744], [15.1214881, 40.1757845], [15.1213444, 40.175822], [15.1213647, 40.1758777], [15.1213348, 40.1759383], [15.1213236, 40.175961], [15.1212102, 40.1761785], [15.1211583, 40.176278], [15.1211334, 40.1763257], [15.1210498, 40.1763442], [15.121025, 40.1763497], [15.1208362, 40.1763915], [15.1207251, 40.1764161], [15.1205431, 40.176456], [15.1205183, 40.1764616], [15.1203811, 40.1764922], [15.1202745, 40.1765158]]]}, "properties": {"amministra": 1199, "id_conc": "2013C003070", "tipo": "geometrie_oggetti", "oggetto": "ZD004", "amministr0": "Comune di Casal Velino", "uso": "Diporto Nautico", "categoria": "Porto Turistico", "data_scade": "2026-12-31", "tipo_atto": "Licenza", "numero_atto": "71", "anno_atto": 2013}}, {"type": "Feature", "geometry": {"type": "Polygon", "coordinates": [[[15.1134411, 40.1770794], [15.113452, 40.1771155], [15.1135104, 40.1770996], [15.113498, 40.1770701], [15.1134411, 40.1770794]]]}, "properties": {"amministra": 1199, "id_conc": "2005L001188", "tipo": "geometrie_oggetti", "oggetto": "OR012", "amministr0": "Comune di Casal Velino", "uso": "Vario", "categoria": "Altro", "data_scade": "2027-09-30", "tipo_atto": "Licenza", "numero_atto": "1", "anno_atto": 2005}}, {"type": "Feature", "geometry": {"type": "Polygon", "coordinates": [[[15.1192166, 40.1750238], [15.119341, 40.1749908], [15.1193425, 40.1749831], [15.1192138, 40.1750173], [15.1192166, 40.1750238]]]}, "properties": {"amministra": 1199, "id_conc": "2024M004899", "tipo": "tronchi_oggetti", "oggetto": "CE021", "amministr0": "Comune di Casal Velino", "uso": "Diporto Nautico", "categoria": "Porto Turistico", "data_scade": "2024-12-31", "tipo_atto": "Domanda", "numero_atto": "", "anno_atto": ""}}, {"type": "Feature", "geometry": {"type": "Polygon", "coordinates": [[[15.1192942, 40.1749951], [15.1193333, 40.1749855], [15.1193272, 40.1749709], [15.1192881, 40.1749805], [15.1192942, 40.1749951]]]}, "properties": {"amministra": 1199, "id_conc": "2024M004899", "tipo": "geometrie_oggetti", "oggetto": "OR019", "amministr0": "Comune di Casal Velino", "uso": "Diporto Nautico", "categoria": "Porto Turistico", "data_scade": "2024-12-31", "tipo_atto": "Domanda", "numero_atto": "", "anno_atto": ""}}, {"type": "Feature", "geometry": {"type": "Polygon", "coordinates": [[[15.1294986, 40.1729088], [15.1294714, 40.1728782], [15.1294615, 40.1728671], [15.1294261, 40.1728273], [15.1294092, 40.1728083], [15.1293986, 40.1727964], [15.1293826, 40.1728048], [15.1294455, 40.1728755], [15.1294554, 40.1728866], [15.1294826, 40.1729171], [15.1294986, 40.1729088]]]}, "properties": {"amministra": 1199, "id_conc": "2008Q000596", "tipo": "geometrie_oggetti", "oggetto": "OR005", "amministr0": "Comune di Casal Velino", "uso": "Turistico Ricreativo", "categoria": "Stabilimento Balneare Pubblico", "data_scade": "2033-12-31", "tipo_atto": "Licenza", "numero_atto": "4", "anno_atto": 2008}}, {"type": "Feature", "geometry": {"type": "Polygon", "coordinates": [[[15.1218778, 40.1756854], [15.12211, 40.1756144], [15.1220518, 40.175506], [15.1218269, 40.1755749], [15.1218778, 40.1756854]]]}, "properties": {"amministra": 1199, "id_conc": "2021Q011977", "tipo": "geometrie_oggetti", "oggetto": "ZD010", "amministr0": "Comune di Casal Velino", "uso": "Turistico Ricreativo", "categoria": "Vario", "data_scade": "2027-09-30", "tipo_atto": "Licenza", "numero_atto": "1", "anno_atto": 2021}}, {"type": "Feature", "geometry": {"type": "Polygon", "coordinates": [[[15.1214469, 40.1756744], [15.1215453, 40.1756545], [15.1212063, 40.174711], [15.1211093, 40.1747315], [15.1211252, 40.174776], [15.1211954, 40.1749697], [15.1212022, 40.1749888], [15.1213269, 40.1753358], [15.1213336, 40.1753549], [15.1213833, 40.1754938], [15.1214469, 40.1756744]]]}, "properties": {"amministra": 1199, "id_conc": "2024L004898", "tipo": "geometrie_oggetti", "oggetto": "ZD007", "amministr0": "Comune di Casal Velino", "uso": "Diporto Nautico", "categoria": "Porto Turistico", "data_scade": "2024-12-31", "tipo_atto": "Domanda", "numero_atto": "", "anno_atto": ""}}, {"type": "Feature", "geometry": {"type": "Polygon", "coordinates": [[[15.1192364, 40.1769183], [15.1192464, 40.1769186], [15.119248, 40.1768794], [15.1193361, 40.1768816], [15.1193344, 40.1769208], [15.1193444, 40.176921], [15.1193476, 40.1768451], [15.1192396, 40.1768425], [15.1192364, 40.1769183]]]}, "properties": {"amministra": 1199, "id_conc": "2007F000712", "tipo": "geometrie_oggetti", "oggetto": "OR003", "amministr0": "Comune di Casal Velino", "uso": "Turistico Ricreativo", "categoria": "Vario", "data_scade": "2027-09-30", "tipo_atto": "Licenza", "numero_atto": "6", "anno_atto": 2007}}, {"type": "Feature", "geometry": {"type": "Polygon", "coordinates": [[[15.1210223, 40.1763503], [15.1208156, 40.1758053], [15.1207931, 40.1758104], [15.1209997, 40.1763553], [15.1210223, 40.1763503]]]}, "properties": {"amministra": 1199, "id_conc": "2013C003070", "tipo": "geometrie_oggetti", "oggetto": "OR010", "amministr0": "Comune di Casal Velino", "uso": "Diporto Nautico", "categoria": "Porto Turistico", "data_scade": "2026-12-31", "tipo_atto": "Licenza", "numero_atto": "71", "anno_atto": 2013}}, {"type": "Feature", "geometry": {"type": "Polygon", "coordinates": [[[15.1134411, 40.1770794], [15.1134389, 40.1770737], [15.1133869, 40.1770879], [15.1133863, 40.1770867], [15.11337, 40.1770918], [15.1133716, 40.1770952], [15.1133911, 40.1770896], [15.1134015, 40.1770867], [15.1134059, 40.1770854], [15.1134411, 40.1770794]]]}, "properties": {"amministra": 1199, "id_conc": "2005L001188", "tipo": "geometrie_oggetti", "oggetto": "OR003", "amministr0": "Comune di Casal Velino", "uso": "Vario", "categoria": "Altro", "data_scade": "2027-09-30", "tipo_atto": "Licenza", "numero_atto": "1", "anno_atto": 2005}}, {"type": "Feature", "geometry": {"type": "Polygon", "coordinates": [[[15.1218825, 40.1764305], [15.1218825, 40.1764298], [15.1218818, 40.1764292], [15.1218811, 40.1764287], [15.1218801, 40.1764287], [15.1218791, 40.1764287], [15.1218785, 40.1764292], [15.1218778, 40.1764298], [15.1218778, 40.1764305], [15.1218778, 40.1764313], [15.1218785, 40.1764318], [15.1218792, 40.1764323], [15.1218801, 40.1764323], [15.1218811, 40.1764323], [15.1218818, 40.1764318], [15.1218825, 40.1764313], [15.1218825, 40.1764305]]]}, "properties": {"amministra": 1199, "id_conc": "2013R002959", "tipo": "geometrie_oggetti", "oggetto": "OR017", "amministr0": "Comune di Casal Velino", "uso": "Diporto Nautico", "categoria": "Porto Turistico", "data_scade": "2025-12-31", "tipo_atto": "Licenza", "numero_atto": "05", "anno_atto": 2013}}, {"type": "Feature", "geometry": {"type": "MultiPolygon", "coordinates": [[[[15.1134059, 40.1770854], [15.1134133, 40.1771103], [15.1134275, 40.177108], [15.1134486, 40.1771044], [15.1134411, 40.1770794], [15.1134059, 40.1770854]]], [[[15.1137938, 40.177082], [15.113784, 40.1770404], [15.1137312, 40.177044], [15.1137018, 40.177046], [15.1137092, 40.1770768], [15.1137401, 40.1770766], [15.1137415, 40.1770767], [15.1137938, 40.177082]]]]}, "properties": {"amministra": 1199, "id_conc": "2005L001188", "tipo": "geometrie_oggetti", "oggetto": "ZD001", "amministr0": "Comune di Casal Velino", "uso": "Vario", "categoria": "Altro", "data_scade": "2027-09-30", "tipo_atto": "Licenza", "numero_atto": "1", "anno_atto": 2005}}, {"type": "Feature", "geometry": {"type": "Polygon", "coordinates": [[[15.1193705, 40.1752181], [15.1196008, 40.1751313], [15.1195645, 40.1750743], [15.1195434, 40.1750962], [15.1193569, 40.1751677], [15.1193705, 40.1752181]]]}, "properties": {"amministra": 1199, "id_conc": "2013R002959", "tipo": "geometrie_oggetti", "oggetto": "SP024", "amministr0": "Comune di Casal Velino", "uso": "Diporto Nautico", "categoria": "Porto Turistico", "data_scade": "2025-12-31", "tipo_atto": "Licenza", "numero_atto": "05", "anno_atto": 2013}}, {"type": "Feature", "geometry": {"type": "Polygon", "coordinates": [[[15.1193569, 40.1749829], [15.1194277, 40.175023], [15.1194386, 40.1750117], [15.1193677, 40.1749716], [15.1193569, 40.1749829]]]}, "properties": {"amministra": 1199, "id_conc": "2013R002959", "tipo": "geometrie_oggetti", "oggetto": "OR020", "amministr0": "Comune di Casal Velino", "uso": "Diporto Nautico", "categoria": "Porto Turistico", "data_scade": "2025-12-31", "tipo_atto": "Licenza", "numero_atto": "05", "anno_atto": 2013}}, {"type": "Feature", "geometry": {"type": "Polygon", "coordinates": [[[15.119532, 40.1758149], [15.1198597, 40.1757627], [15.1198645, 40.1757804], [15.119968, 40.1757639], [15.1199728, 40.1757816], [15.1201384, 40.1757552], [15.1201431, 40.1757728], [15.1204732, 40.1757203], [15.1204804, 40.1757467], [15.120646, 40.1757204], [15.1206075, 40.1755794], [15.1195156, 40.1757534], [15.119532, 40.1758149]]]}, "properties": {"amministra": 1199, "id_conc": "2013R002959", "tipo": "geometrie_oggetti", "oggetto": "SP020", "amministr0": "Comune di Casal Velino", "uso": "Diporto Nautico", "categoria": "Porto Turistico", "data_scade": "2025-12-31", "tipo_atto": "Licenza", "numero_atto": "05", "anno_atto": 2013}}, {"type": "Feature", "geometry": {"type": "Polygon", "coordinates": [[[15.1225351, 40.1761633], [15.122616, 40.1763064], [15.1227321, 40.1762547], [15.1225351, 40.1761633]]]}, "properties": {"amministra": 1199, "id_conc": "2021Q011977", "tipo": "geometrie_oggetti", "oggetto": "ZD008", "amministr0": "Comune di Casal Velino", "uso": "Turistico Ricreativo", "categoria": "Vario", "data_scade": "2027-09-30", "tipo_atto": "Licenza", "numero_atto": "1", "anno_atto": 2021}}, {"type": "Feature", "geometry": {"type": "Polygon", "coordinates": [[[15.1191331, 40.1769365], [15.1192303, 40.1769003], [15.1192325, 40.1768451], [15.1191052, 40.1768925], [15.1191331, 40.1769365]]]}, "properties": {"amministra": 1199, "id_conc": "2021Q011977", "tipo": "geometrie_oggetti", "oggetto": "ZD015", "amministr0": "Comune di Casal Velino", "uso": "Turistico Ricreativo", "categoria": "Vario", "data_scade": "2027-09-30", "tipo_atto": "Licenza", "numero_atto": "1", "anno_atto": 2021}}, {"type": "Feature", "geometry": {"type": "Polygon", "coordinates": [[[15.1192942, 40.1749951], [15.1193333, 40.1749855], [15.1193272, 40.1749709], [15.1192881, 40.1749805], [15.1192942, 40.1749951]]]}, "properties": {"amministra": 1199, "id_conc": "2013R002959", "tipo": "geometrie_oggetti", "oggetto": "OR019", "amministr0": "Comune di Casal Velino", "uso": "Diporto Nautico", "categoria": "Porto Turistico", "data_scade": "2025-12-31", "tipo_atto": "Licenza", "numero_atto": "05", "anno_atto": 2013}}, {"type": "Feature", "geometry": {"type": "Polygon", "coordinates": [[[15.1196284, 40.176189], [15.1196284, 40.1761875], [15.119627, 40.1761864], [15.1196256, 40.1761854], [15.1196237, 40.1761854], [15.1196217, 40.1761854], [15.1196204, 40.1761864], [15.119619, 40.1761875], [15.119619, 40.176189], [15.119619, 40.1761905], [15.1196204, 40.1761915], [15.1196217, 40.1761926], [15.1196237, 40.1761926], [15.1196256, 40.1761926], [15.119627, 40.1761915], [15.1196284, 40.1761905], [15.1196284, 40.176189]]]}, "properties": {"amministra": 1199, "id_conc": "2013R002959", "tipo": "geometrie_oggetti", "oggetto": "OR027", "amministr0": "Comune di Casal Velino", "uso": "Diporto Nautico", "categoria": "Porto Turistico", "data_scade": "2025-12-31", "tipo_atto": "Licenza", "numero_atto": "05", "anno_atto": 2013}}, {"type": "Feature", "geometry": {"type": "Polygon", "coordinates": [[[15.094931, 40.1735434], [15.0949464, 40.1735678], [15.0949475, 40.1735674], [15.0949321, 40.173543], [15.094931, 40.1735434]]]}, "properties": {"amministra": 1199, "id_conc": "2012D002253", "tipo": "tronchi_oggetti", "oggetto": "CE003", "amministr0": "Comune di Casal Velino", "uso": "Turistico Ricreativo", "categoria": "Stabilimento Balneare Privato", "data_scade": "2027-09-30", "tipo_atto": "Licenza", "numero_atto": "4", "anno_atto": 2012}}, {"type": "Feature", "geometry": {"type": "Polygon", "coordinates": [[[15.1210003, 40.1741378], [15.1211372, 40.1741086], [15.1211423, 40.1741221], [15.1211987, 40.1741095], [15.1212626, 40.1740522], [15.1211621, 40.1737856], [15.1210681, 40.1737634], [15.1210117, 40.1737759], [15.1211235, 40.1740723], [15.120987, 40.1741032], [15.1210003, 40.1741378]]]}, "properties": {"amministra": 1199, "id_conc": "2013C003070", "tipo": "geometrie_oggetti", "oggetto": "OR008", "amministr0": "Comune di Casal Velino", "uso": "Diporto Nautico", "categoria": "Porto Turistico", "data_scade": "2026-12-31", "tipo_atto": "Licenza", "numero_atto": "71", "anno_atto": 2013}}, {"type": "Feature", "geometry": {"type": "Polygon", "coordinates": [[[15.1195531, 40.1750443], [15.1201272, 40.1749495], [15.1201209, 40.1749266], [15.1195468, 40.1750214], [15.1195531, 40.1750443]]]}, "properties": {"amministra": 1199, "id_conc": "2024M004899", "tipo": "geometrie_oggetti", "oggetto": "OR050", "amministr0": "Comune di Casal Velino", "uso": "Diporto Nautico", "categoria": "Porto Turistico", "data_scade": "2024-12-31", "tipo_atto": "Domanda", "numero_atto": "", "anno_atto": ""}}, {"type": "Feature", "geometry": {"type": "Polygon", "coordinates": [[[15.1109372, 40.1762039], [15.1109147, 40.176221], [15.1109052, 40.1762281], [15.1109261, 40.1762432], [15.1109452, 40.1762578], [15.1110118, 40.1763005], [15.1110061, 40.1763059], [15.1110094, 40.1763085], [15.1111213, 40.1763547], [15.1111585, 40.1763959], [15.1111874, 40.1764151], [15.1112509, 40.1764574], [15.1112852, 40.1764278], [15.1112185, 40.1763822], [15.1111417, 40.1763295], [15.1110763, 40.1762883], [15.1110554, 40.1762744], [15.1110329, 40.176261], [15.1109372, 40.1762039]]]}, "properties": {"amministra": 1199, "id_conc": "2008T004298", "tipo": "geometrie_oggetti", "oggetto": "OR001", "amministr0": "Comune di Casal Velino", "uso": "Vario", "categoria": "Altro", "data_scade": "2027-09-30", "tipo_atto": "Licenza", "numero_atto": "1", "anno_atto": 2008}}, {"type": "Feature", "geometry": {"type": "Polygon", "coordinates": [[[15.0946623, 40.173648], [15.0949765, 40.1735316], [15.0949825, 40.1735401], [15.0954344, 40.1734111], [15.0954106, 40.1733538], [15.0949337, 40.1734719], [15.0949289, 40.173464], [15.0946159, 40.1735742], [15.0946623, 40.173648]]]}, "properties": {"amministra": 1199, "id_conc": "2012D002253", "tipo": "geometrie_oggetti", "oggetto": "OR001", "amministr0": "Comune di Casal Velino", "uso": "Turistico Ricreativo", "categoria": "Stabilimento Balneare Privato", "data_scade": "2027-09-30", "tipo_atto": "Licenza", "numero_atto": "4", "anno_atto": 2012}}, {"type": "Feature", "geometry": {"type": "Polygon", "coordinates": [[[15.1194493, 40.1755274], [15.1194493, 40.1755259], [15.1194479, 40.1755248], [15.1194465, 40.1755238], [15.1194446, 40.1755238], [15.1194427, 40.1755238], [15.1194413, 40.1755248], [15.1194399, 40.1755259], [15.1194399, 40.1755274], [15.1194399, 40.1755289], [15.1194413, 40.1755299], [15.1194427, 40.175531], [15.1194446, 40.175531], [15.1194465, 40.175531], [15.1194479, 40.1755299], [15.1194493, 40.1755289], [15.1194493, 40.1755274]]]}, "properties": {"amministra": 1199, "id_conc": "2024M004899", "tipo": "geometrie_oggetti", "oggetto": "OR024", "amministr0": "Comune di Casal Velino", "uso": "Diporto Nautico", "categoria": "Porto Turistico", "data_scade": "2024-12-31", "tipo_atto": "Domanda", "numero_atto": "", "anno_atto": ""}}, {"type": "Feature", "geometry": {"type": "Polygon", "coordinates": [[[15.1192479, 40.1751092], [15.1192638, 40.175147], [15.1192752, 40.1751518], [15.1192592, 40.1751136], [15.1192479, 40.1751092]]]}, "properties": {"amministra": 1199, "id_conc": "2024M004899", "tipo": "tronchi_oggetti", "oggetto": "CE021", "amministr0": "Comune di Casal Velino", "uso": "Diporto Nautico", "categoria": "Porto Turistico", "data_scade": "2024-12-31", "tipo_atto": "Domanda", "numero_atto": "", "anno_atto": ""}}, {"type": "Feature", "geometry": {"type": "Polygon", "coordinates": [[[15.1213348, 40.1759383], [15.1213647, 40.1758777], [15.1213444, 40.175822], [15.1213022, 40.1757085], [15.1211974, 40.1757312], [15.1212497, 40.1758727], [15.1212319, 40.1759074], [15.1213348, 40.1759383]]]}, "properties": {"amministra": 1199, "id_conc": "2013C003070", "tipo": "geometrie_oggetti", "oggetto": "SP006", "amministr0": "Comune di Casal Velino", "uso": "Diporto Nautico", "categoria": "Porto Turistico", "data_scade": "2026-12-31", "tipo_atto": "Licenza", "numero_atto": "71", "anno_atto": 2013}}, {"type": "Feature", "geometry": {"type": "Polygon", "coordinates": [[[15.1253314, 40.1750019], [15.1253656, 40.1750496], [15.1254692, 40.1750062], [15.1254349, 40.1749586], [15.1253314, 40.1750019]]]}, "properties": {"amministra": 1199, "id_conc": "2020M019138", "tipo": "geometrie_oggetti", "oggetto": "OR002", "amministr0": "Comune di Casal Velino", "uso": "Turistico Ricreativo", "categoria": "Stabilimento Balneare Pubblico", "data_scade": "2027-09-30", "tipo_atto": "Licenza", "numero_atto": "3", "anno_atto": 2020}}, {"type": "Feature", "geometry": {"type": "Polygon", "coordinates": [[[15.1193896, 40.1753068], [15.1193896, 40.1753054], [15.1193882, 40.1753043], [15.1193868, 40.1753032], [15.1193849, 40.1753032], [15.119383, 40.1753032], [15.1193816, 40.1753043], [15.1193802, 40.1753054], [15.1193802, 40.1753069], [15.1193802, 40.1753083], [15.1193816, 40.1753094], [15.119383, 40.1753105], [15.1193849, 40.1753105], [15.1193869, 40.1753105], [15.1193882, 40.1753094], [15.1193896, 40.1753083], [15.1193896, 40.1753068]]]}, "properties": {"amministra": 1199, "id_conc": "2024M004899", "tipo": "geometrie_oggetti", "oggetto": "OR023", "amministr0": "Comune di Casal Velino", "uso": "Diporto Nautico", "categoria": "Porto Turistico", "data_scade": "2024-12-31", "tipo_atto": "Domanda", "numero_atto": "", "anno_atto": ""}}, {"type": "Feature", "geometry": {"type": "Polygon", "coordinates": [[[15.1189048, 40.1653087], [15.1190609, 40.1649721], [15.1190464, 40.1649658], [15.1188886, 40.165306], [15.1189048, 40.1653087]]]}, "properties": {"amministra": 1199, "id_conc": "2017P050905", "tipo": "tronchi_oggetti", "oggetto": "CE002", "amministr0": "Comune di Casal Velino", "uso": "Vario", "categoria": "Altro", "data_scade": "2027-12-31", "tipo_atto": "Licenza", "numero_atto": "6", "anno_atto": 2017}}, {"type": "Feature", "geometry": {"type": "Polygon", "coordinates": [[[15.1201026, 40.1769566], [15.1201698, 40.1769585], [15.1203088, 40.1769362], [15.1203101, 40.1769315], [15.1201235, 40.1768926], [15.1201026, 40.1769566]]]}, "properties": {"amministra": 1199, "id_conc": "2012K003781", "tipo": "geometrie_oggetti", "oggetto": "OR001", "amministr0": "Comune di Casal Velino", "uso": "Turistico Ricreativo", "categoria": "Vario", "data_scade": "2027-09-30", "tipo_atto": "Licenza", "numero_atto": "3", "anno_atto": 2012}}, {"type": "Feature", "geometry": {"type": "Polygon", "coordinates": [[[15.1275831, 40.1738985], [15.12746, 40.1737893], [15.1274476, 40.1737975], [15.1275707, 40.1739067], [15.1275831, 40.1738985]]]}, "properties": {"amministra": 1199, "id_conc": "2017P050905", "tipo": "tronchi_oggetti", "oggetto": "CE001", "amministr0": "Comune di Casal Velino", "uso": "Vario", "categoria": "Altro", "data_scade": "2027-12-31", "tipo_atto": "Licenza", "numero_atto": "6", "anno_atto": 2017}}, {"type": "Feature", "geometry": {"type": "Polygon", "coordinates": [[[15.1193191, 40.1750926], [15.1192499, 40.17511], [15.1192572, 40.1751129], [15.1193153, 40.1750983], [15.1193191, 40.1750926]]]}, "properties": {"amministra": 1199, "id_conc": "2013R002959", "tipo": "tronchi_oggetti", "oggetto": "CE021", "amministr0": "Comune di Casal Velino", "uso": "Diporto Nautico", "categoria": "Porto Turistico", "data_scade": "2025-12-31", "tipo_atto": "Licenza", "numero_atto": "05", "anno_atto": 2013}}, {"type": "Feature", "geometry": {"type": "Polygon", "coordinates": [[[15.1240531, 40.1756717], [15.1241669, 40.1756207], [15.1241524, 40.1756005], [15.1242309, 40.1755648], [15.1241895, 40.175509], [15.124513, 40.1753764], [15.1245664, 40.1754245], [15.1245794, 40.1754205], [15.1246124, 40.1754057], [15.1243745, 40.1750928], [15.1238047, 40.1753449], [15.1240531, 40.1756717]]]}, "properties": {"amministra": 1199, "id_conc": "2011C000516", "tipo": "geometrie_oggetti", "oggetto": "ZD001", "amministr0": "Comune di Casal Velino", "uso": "Turistico Ricreativo", "categoria": "Stabilimento Balneare Privato", "data_scade": "2027-09-30", "tipo_atto": "Licenza", "numero_atto": "3", "anno_atto": 2011}}, {"type": "Feature", "geometry": {"type": "Polygon", "coordinates": [[[15.1196284, 40.176189], [15.1196284, 40.1761875], [15.119627, 40.1761864], [15.1196256, 40.1761854], [15.1196237, 40.1761854], [15.1196217, 40.1761854], [15.1196204, 40.1761864], [15.119619, 40.1761875], [15.119619, 40.176189], [15.119619, 40.1761905], [15.1196204, 40.1761915], [15.1196217, 40.1761926], [15.1196237, 40.1761926], [15.1196256, 40.1761926], [15.119627, 40.1761915], [15.1196284, 40.1761905], [15.1196284, 40.176189]]]}, "properties": {"amministra": 1199, "id_conc": "2024M004899", "tipo": "geometrie_oggetti", "oggetto": "OR027", "amministr0": "Comune di Casal Velino", "uso": "Diporto Nautico", "categoria": "Porto Turistico", "data_scade": "2024-12-31", "tipo_atto": "Domanda", "numero_atto": "", "anno_atto": ""}}, {"type": "Feature", "geometry": {"type": "Polygon", "coordinates": [[[15.126381, 40.1744997], [15.1263496, 40.1745135], [15.1264149, 40.1746003], [15.1264499, 40.1745834], [15.126381, 40.1744997]]]}, "properties": {"amministra": 1199, "id_conc": "2012X001041", "tipo": "geometrie_oggetti", "oggetto": "OR004", "amministr0": "Comune di Casal Velino", "uso": "Turistico Ricreativo", "categoria": "Stabilimento Balneare Pubblico", "data_scade": "2027-09-30", "tipo_atto": "Licenza", "numero_atto": "2", "anno_atto": 2012}}, {"type": "Feature", "geometry": {"type": "Polygon", "coordinates": [[[15.1212063, 40.174711], [15.1211479, 40.1745487], [15.1211332, 40.1745518], [15.121137, 40.1745622], [15.1210421, 40.1745828], [15.121038, 40.1745716], [15.1210357, 40.1745721], [15.1204637, 40.1744271], [15.1204576, 40.1744212], [15.1204464, 40.1744277], [15.1203868, 40.1743674], [15.1203921, 40.1743643], [15.120088, 40.1742751], [15.1200518, 40.1744024], [15.1211093, 40.1747315], [15.1212063, 40.174711]]]}, "properties": {"amministra": 1199, "id_conc": "2024L004898", "tipo": "geometrie_oggetti", "oggetto": "ZD011", "amministr0": "Comune di Casal Velino", "uso": "Diporto Nautico", "categoria": "Porto Turistico", "data_scade": "2024-12-31", "tipo_atto": "Domanda", "numero_atto": "", "anno_atto": ""}}, {"type": "Feature", "geometry": {"type": "Polygon", "coordinates": [[[15.1210223, 40.1763503], [15.1208156, 40.1758053], [15.1207931, 40.1758104], [15.1209997, 40.1763553], [15.1210223, 40.1763503]]]}, "properties": {"amministra": 1199, "id_conc": "2024L004898", "tipo": "geometrie_oggetti", "oggetto": "OR010", "amministr0": "Comune di Casal Velino", "uso": "Diporto Nautico", "categoria": "Porto Turistico", "data_scade": "2024-12-31", "tipo_atto": "Domanda", "numero_atto": "", "anno_atto": ""}}, {"type": "Feature", "geometry": {"type": "Polygon", "coordinates": [[[15.1133302, 40.1466151], [15.1156953, 40.1466127], [15.1156909, 40.1439294], [15.1133258, 40.1439318], [15.1133302, 40.1466151]]]}, "properties": {"amministra": 1199, "id_conc": "2013G004145", "tipo": "geometrie_oggetti", "oggetto": "SP001", "amministr0": "Comune di Casal Velino", "uso": "Pesca Ed Acquacoltura", "categoria": "Altro", "data_scade": "2033-12-31", "tipo_atto": "Licenza", "numero_atto": "2", "anno_atto": 2013}}, {"type": "Feature", "geometry": {"type": "Polygon", "coordinates": [[[15.1192638, 40.175147], [15.1192146, 40.175157], [15.1192171, 40.1751636], [15.1192752, 40.1751518], [15.1192638, 40.175147]]]}, "properties": {"amministra": 1199, "id_conc": "2024M004899", "tipo": "tronchi_oggetti", "oggetto": "CE021", "amministr0": "Comune di Casal Velino", "uso": "Diporto Nautico", "categoria": "Porto Turistico", "data_scade": "2024-12-31", "tipo_atto": "Domanda", "numero_atto": "", "anno_atto": ""}}, {"type": "Feature", "geometry": {"type": "Polygon", "coordinates": [[[15.1203829, 40.1768331], [15.1205027, 40.1768071], [15.120472, 40.1767258], [15.1204946, 40.1767209], [15.1205708, 40.1767041], [15.1205355, 40.1766094], [15.1205323, 40.17661], [15.1204359, 40.17663], [15.1203185, 40.1766587], [15.1203829, 40.1768331]]]}, "properties": {"amministra": 1199, "id_conc": "2021Q011977", "tipo": "geometrie_oggetti", "oggetto": "ZD001", "amministr0": "Comune di Casal Velino", "uso": "Turistico Ricreativo", "categoria": "Vario", "data_scade": "2027-09-30", "tipo_atto": "Licenza", "numero_atto": "1", "anno_atto": 2021}}, {"type": "Feature", "geometry": {"type": "Polygon", "coordinates": [[[15.1195687, 40.1759684], [15.1195687, 40.1759669], [15.1195673, 40.1759659], [15.1195659, 40.1759648], [15.119564, 40.1759648], [15.119562, 40.1759648], [15.1195607, 40.1759659], [15.1195593, 40.1759669], [15.1195593, 40.1759684], [15.1195593, 40.1759699], [15.1195607, 40.175971], [15.1195621, 40.175972], [15.119564, 40.175972], [15.119566, 40.175972], [15.1195673, 40.175971], [15.1195687, 40.1759699], [15.1195687, 40.1759684]]]}, "properties": {"amministra": 1199, "id_conc": "2013R002959", "tipo": "geometrie_oggetti", "oggetto": "OR026", "amministr0": "Comune di Casal Velino", "uso": "Diporto Nautico", "categoria": "Porto Turistico", "data_scade": "2025-12-31", "tipo_atto": "Licenza", "numero_atto": "05", "anno_atto": 2013}}, {"type": "Feature", "geometry": {"type": "Polygon", "coordinates": [[[15.1194401, 40.1754753], [15.1205326, 40.1753014], [15.1205114, 40.1752227], [15.1194189, 40.1753967], [15.1194401, 40.1754753]]]}, "properties": {"amministra": 1199, "id_conc": "2013R002959", "tipo": "geometrie_oggetti", "oggetto": "SP022", "amministr0": "Comune di Casal Velino", "uso": "Diporto Nautico", "categoria": "Porto Turistico", "data_scade": "2025-12-31", "tipo_atto": "Licenza", "numero_atto": "05", "anno_atto": 2013}}, {"type": "Feature", "geometry": {"type": "Polygon", "coordinates": [[[15.1215842, 40.175764], [15.1216291, 40.1758881], [15.1216631, 40.1758812], [15.1216182, 40.175757], [15.1215842, 40.175764]]]}, "properties": {"amministra": 1199, "id_conc": "2013C003070", "tipo": "geometrie_oggetti", "oggetto": "ZD005", "amministr0": "Comune di Casal Velino", "uso": "Diporto Nautico", "categoria": "Porto Turistico", "data_scade": "2026-12-31", "tipo_atto": "Licenza", "numero_atto": "71", "anno_atto": 2013}}, {"type": "Feature", "geometry": {"type": "Polygon", "coordinates": [[[15.1217656, 40.1763778], [15.1217684, 40.1763773], [15.1217666, 40.1763721], [15.1217639, 40.1763726], [15.1217656, 40.1763778]]]}, "properties": {"amministra": 1199, "id_conc": "2018Q000973", "tipo": "geometrie_oggetti", "oggetto": "OR002", "amministr0": "Comune di Casal Velino", "uso": "Produttivo Ed Industriale", "categoria": "Altro", "data_scade": "2027-09-30", "tipo_atto": "Licenza", "numero_atto": "1", "anno_atto": 2018}}, {"type": "Feature", "geometry": {"type": "Polygon", "coordinates": [[[15.1198296, 40.1769465], [15.120061, 40.1769571], [15.1200677, 40.176872], [15.119833, 40.1769023], [15.1198296, 40.1769465]]]}, "properties": {"amministra": 1199, "id_conc": "2014L004419", "tipo": "geometrie_oggetti", "oggetto": "OR001", "amministr0": "Comune di Casal Velino", "uso": "Turistico Ricreativo", "categoria": "Vario", "data_scade": "2027-09-30", "tipo_atto": "Licenza", "numero_atto": "1", "anno_atto": 2014}}, {"type": "Feature", "geometry": {"type": "Polygon", "coordinates": [[[15.1194493, 40.1755274], [15.1194493, 40.1755259], [15.1194479, 40.1755248], [15.1194465, 40.1755238], [15.1194446, 40.1755238], [15.1194427, 40.1755238], [15.1194413, 40.1755248], [15.1194399, 40.1755259], [15.1194399, 40.1755274], [15.1194399, 40.1755289], [15.1194413, 40.1755299], [15.1194427, 40.175531], [15.1194446, 40.175531], [15.1194465, 40.175531], [15.1194479, 40.1755299], [15.1194493, 40.1755289], [15.1194493, 40.1755274]]]}, "properties": {"amministra": 1199, "id_conc": "2013R002959", "tipo": "geometrie_oggetti", "oggetto": "OR024", "amministr0": "Comune di Casal Velino", "uso": "Diporto Nautico", "categoria": "Porto Turistico", "data_scade": "2025-12-31", "tipo_atto": "Licenza", "numero_atto": "05", "anno_atto": 2013}}, {"type": "Feature", "geometry": {"type": "Polygon", "coordinates": [[[15.1213444, 40.175822], [15.1214881, 40.1757845], [15.1214469, 40.1756744], [15.1213022, 40.1757085], [15.1213444, 40.175822]]]}, "properties": {"amministra": 1199, "id_conc": "2013C003070", "tipo": "geometrie_oggetti", "oggetto": "ZD008", "amministr0": "Comune di Casal Velino", "uso": "Diporto Nautico", "categoria": "Porto Turistico", "data_scade": "2026-12-31", "tipo_atto": "Licenza", "numero_atto": "71", "anno_atto": 2013}}, {"type": "Feature", "geometry": {"type": "Polygon", "coordinates": [[[15.1276449, 40.1739014], [15.12768, 40.1738797], [15.1276836, 40.1738775], [15.1276817, 40.1738584], [15.1275756, 40.1738194], [15.1275652, 40.1738168], [15.1276449, 40.1739014]]]}, "properties": {"amministra": 1199, "id_conc": "2021Q011977", "tipo": "geometrie_oggetti", "oggetto": "ZD012", "amministr0": "Comune di Casal Velino", "uso": "Turistico Ricreativo", "categoria": "Vario", "data_scade": "2027-09-30", "tipo_atto": "Licenza", "numero_atto": "1", "anno_atto": 2021}}, {"type": "Feature", "geometry": {"type": "Polygon", "coordinates": [[[15.1203811, 40.1764922], [15.1204868, 40.1764688], [15.1203045, 40.175984], [15.1203328, 40.1759778], [15.120515, 40.1764625], [15.1209997, 40.1763553], [15.1207931, 40.1758104], [15.1208156, 40.1758053], [15.1210223, 40.1763503], [15.1211238, 40.1763279], [15.1209105, 40.1757654], [15.1207075, 40.1758107], [15.1207304, 40.175871], [15.1201923, 40.1759901], [15.1203811, 40.1764922]]]}, "properties": {"amministra": 1199, "id_conc": "2024L004898", "tipo": "geometrie_oggetti", "oggetto": "SP011", "amministr0": "Comune di Casal Velino", "uso": "Diporto Nautico", "categoria": "Porto Turistico", "data_scade": "2024-12-31", "tipo_atto": "Domanda", "numero_atto": "", "anno_atto": ""}}, {"type": "Feature", "geometry": {"type": "Polygon", "coordinates": [[[15.1240276, 40.1756374], [15.1240855, 40.1756115], [15.1240517, 40.1755672], [15.1240406, 40.1755722], [15.1240162, 40.1755831], [15.1239939, 40.175593], [15.1240276, 40.1756374]]]}, "properties": {"amministra": 1199, "id_conc": "2011C000516", "tipo": "geometrie_oggetti", "oggetto": "OR002", "amministr0": "Comune di Casal Velino", "uso": "Turistico Ricreativo", "categoria": "Stabilimento Balneare Privato", "data_scade": "2027-09-30", "tipo_atto": "Licenza", "numero_atto": "3", "anno_atto": 2011}}, {"type": "Feature", "geometry": {"type": "Polygon", "coordinates": [[[15.1194415, 40.1750048], [15.1193609, 40.1749589], [15.1190721, 40.1750301], [15.1191707, 40.1752653], [15.1194415, 40.1750048]]]}, "properties": {"amministra": 1199, "id_conc": "2013R002959", "tipo": "geometrie_oggetti", "oggetto": "OR012", "amministr0": "Comune di Casal Velino", "uso": "Diporto Nautico", "categoria": "Porto Turistico", "data_scade": "2025-12-31", "tipo_atto": "Licenza", "numero_atto": "05", "anno_atto": 2013}}, {"type": "Feature", "geometry": {"type": "Polygon", "coordinates": [[[15.1192173, 40.1748986], [15.1190766, 40.1748469], [15.1190507, 40.1748488], [15.1189595, 40.1748986], [15.1189608, 40.1749147], [15.1189902, 40.1749481], [15.1192173, 40.1748986]]]}, "properties": {"amministra": 1199, "id_conc": "2013R002959", "tipo": "geometrie_oggetti", "oggetto": "ZD001", "amministr0": "Comune di Casal Velino", "uso": "Diporto Nautico", "categoria": "Porto Turistico", "data_scade": "2025-12-31", "tipo_atto": "Licenza", "numero_atto": "05", "anno_atto": 2013}}, {"type": "Feature", "geometry": {"type": "Polygon", "coordinates": [[[15.1190026, 40.1770138], [15.1190176, 40.1770078], [15.1190257, 40.1770046], [15.1190355, 40.1770008], [15.1190442, 40.1769973], [15.1190816, 40.1769826], [15.1190909, 40.1769796], [15.1191614, 40.1769572], [15.1192145, 40.1769376], [15.1192405, 40.1769209], [15.1192215, 40.1769223], [15.1189972, 40.1770053], [15.1190026, 40.1770138]]]}, "properties": {"amministra": 1199, "id_conc": "2022B003549", "tipo": "geometrie_oggetti", "oggetto": "OR001", "amministr0": "Comune di Casal Velino", "uso": "Vario", "categoria": "Altro", "data_scade": "2025-12-31", "tipo_atto": "Licenza", "numero_atto": "10", "anno_atto": 2022}}, {"type": "Feature", "geometry": {"type": "Polygon", "coordinates": [[[15.1134, 40.1770836], [15.1132212, 40.1771357], [15.1132225, 40.1771383], [15.1133608, 40.1770983], [15.1134015, 40.1770867], [15.1134, 40.1770836]]]}, "properties": {"amministra": 1199, "id_conc": "2005L001188", "tipo": "geometrie_oggetti", "oggetto": "OR004", "amministr0": "Comune di Casal Velino", "uso": "Vario", "categoria": "Altro", "data_scade": "2027-09-30", "tipo_atto": "Licenza", "numero_atto": "1", "anno_atto": 2005}}, {"type": "Feature", "geometry": {"type": "Polygon", "coordinates": [[[15.12429, 40.1754967], [15.1245, 40.1754028], [15.1244486, 40.1753351], [15.1242385, 40.175429], [15.12429, 40.1754967]]]}, "properties": {"amministra": 1199, "id_conc": "2011C000516", "tipo": "geometrie_oggetti", "oggetto": "OR001", "amministr0": "Comune di Casal Velino", "uso": "Turistico Ricreativo", "categoria": "Stabilimento Balneare Privato", "data_scade": "2027-09-30", "tipo_atto": "Licenza", "numero_atto": "3", "anno_atto": 2011}}, {"type": "Feature", "geometry": {"type": "Polygon", "coordinates": [[[15.119183, 40.166429], [15.1191164, 40.1663478], [15.1191021, 40.166354], [15.1191694, 40.1664361], [15.119183, 40.166429]]]}, "properties": {"amministra": 1199, "id_conc": "2017P050905", "tipo": "tronchi_oggetti", "oggetto": "CE002", "amministr0": "Comune di Casal Velino", "uso": "Vario", "categoria": "Altro", "data_scade": "2027-12-31", "tipo_atto": "Licenza", "numero_atto": "6", "anno_atto": 2017}}, {"type": "Feature", "geometry": {"type": "Polygon", "coordinates": [[[15.119509, 40.1757479], [15.119509, 40.1757464], [15.1195076, 40.1757454], [15.1195062, 40.1757443], [15.1195043, 40.1757443], [15.1195024, 40.1757443], [15.119501, 40.1757454], [15.1194996, 40.1757464], [15.1194996, 40.1757479], [15.1194996, 40.1757494], [15.119501, 40.1757505], [15.1195024, 40.1757515], [15.1195043, 40.1757515], [15.1195063, 40.1757515], [15.1195076, 40.1757505], [15.119509, 40.1757494], [15.119509, 40.1757479]]]}, "properties": {"amministra": 1199, "id_conc": "2024M004899", "tipo": "geometrie_oggetti", "oggetto": "OR025", "amministr0": "Comune di Casal Velino", "uso": "Diporto Nautico", "categoria": "Porto Turistico", "data_scade": "2024-12-31", "tipo_atto": "Domanda", "numero_atto": "", "anno_atto": ""}}, {"type": "Feature", "geometry": {"type": "Polygon", "coordinates": [[[15.1135442, 40.1770904], [15.1135895, 40.177078], [15.1136275, 40.1770776], [15.1136739, 40.1770772], [15.1136678, 40.177049], [15.1135774, 40.1770569], [15.1135339, 40.1770641], [15.1135442, 40.1770904]]]}, "properties": {"amministra": 1199, "id_conc": "2005L001188", "tipo": "geometrie_oggetti", "oggetto": "OR014", "amministr0": "Comune di Casal Velino", "uso": "Vario", "categoria": "Altro", "data_scade": "2027-09-30", "tipo_atto": "Licenza", "numero_atto": "1", "anno_atto": 2005}}, {"type": "Feature", "geometry": {"type": "Polygon", "coordinates": [[[15.1222567, 40.175885], [15.1222882, 40.1758751], [15.122257, 40.1758168], [15.1222255, 40.1758267], [15.1222567, 40.175885]]]}, "properties": {"amministra": 1199, "id_conc": "2021Q011977", "tipo": "geometrie_oggetti", "oggetto": "ZD009", "amministr0": "Comune di Casal Velino", "uso": "Turistico Ricreativo", "categoria": "Vario", "data_scade": "2027-09-30", "tipo_atto": "Licenza", "numero_atto": "1", "anno_atto": 2021}}, {"type": "Feature", "geometry": {"type": "Polygon", "coordinates": [[[15.1294983, 40.1728769], [15.1295636, 40.1728424], [15.1295492, 40.1728265], [15.1295869, 40.1728066], [15.1296012, 40.1728225], [15.1296327, 40.1728058], [15.129586, 40.1727539], [15.1295604, 40.1727675], [15.1295537, 40.1727601], [15.1295257, 40.1727749], [15.1295242, 40.1727955], [15.1294986, 40.1727892], [15.1294706, 40.1728041], [15.1294772, 40.1728115], [15.1294516, 40.172825], [15.1294983, 40.1728769]]]}, "properties": {"amministra": 1199, "id_conc": "2008Q000596", "tipo": "geometrie_oggetti", "oggetto": "OR002", "amministr0": "Comune di Casal Velino", "uso": "Turistico Ricreativo", "categoria": "Stabilimento Balneare Pubblico", "data_scade": "2033-12-31", "tipo_atto": "Licenza", "numero_atto": "4", "anno_atto": 2008}}, {"type": "Feature", "geometry": {"type": "Polygon", "coordinates": [[[15.113452, 40.1771155], [15.1134486, 40.1771044], [15.1134411, 40.1770794], [15.1134535, 40.1770773], [15.1134892, 40.1770715], [15.113514, 40.1770674], [15.1135115, 40.177059], [15.1134015, 40.1770784], [15.1134148, 40.1771226], [15.1134363, 40.1771199], [15.113452, 40.1771155]]]}, "properties": {"amministra": 1199, "id_conc": "2005L001188", "tipo": "geometrie_oggetti", "oggetto": "OR008", "amministr0": "Comune di Casal Velino", "uso": "Vario", "categoria": "Altro", "data_scade": "2027-09-30", "tipo_atto": "Licenza", "numero_atto": "1", "anno_atto": 2005}}, {"type": "Feature", "geometry": {"type": "Polygon", "coordinates": [[[15.1205092, 40.1767618], [15.120586, 40.176745], [15.1205708, 40.1767041], [15.1204946, 40.1767209], [15.1205092, 40.1767618]]]}, "properties": {"amministra": 1199, "id_conc": "2021Q011977", "tipo": "geometrie_oggetti", "oggetto": "ZD002", "amministr0": "Comune di Casal Velino", "uso": "Turistico Ricreativo", "categoria": "Vario", "data_scade": "2027-09-30", "tipo_atto": "Licenza", "numero_atto": "1", "anno_atto": 2021}}, {"type": "Feature", "geometry": {"type": "Polygon", "coordinates": [[[15.1274967, 40.1738393], [15.1275209, 40.1739542], [15.1275526, 40.1739609], [15.1275528, 40.1739612], [15.1276029, 40.1739291], [15.1275082, 40.1738323], [15.1274967, 40.1738393]]]}, "properties": {"amministra": 1199, "id_conc": "2021Q011977", "tipo": "geometrie_oggetti", "oggetto": "ZD011", "amministr0": "Comune di Casal Velino", "uso": "Turistico Ricreativo", "categoria": "Vario", "data_scade": "2027-09-30", "tipo_atto": "Licenza", "numero_atto": "1", "anno_atto": 2021}}, {"type": "Feature", "geometry": {"type": "Polygon", "coordinates": [[[15.1112509, 40.1764574], [15.1111874, 40.1764151], [15.1111585, 40.1763959], [15.1111795, 40.1764191], [15.1111819, 40.1764209], [15.1112408, 40.1764664], [15.1112509, 40.1764574]]]}, "properties": {"amministra": 1199, "id_conc": "2008T004298", "tipo": "geometrie_oggetti", "oggetto": "OR004", "amministr0": "Comune di Casal Velino", "uso": "Vario", "categoria": "Altro", "data_scade": "2027-09-30", "tipo_atto": "Licenza", "numero_atto": "1", "anno_atto": 2008}}, {"type": "Feature", "geometry": {"type": "Polygon", "coordinates": [[[15.1195032, 40.176296], [15.119491, 40.1766526], [15.1197712, 40.1766542], [15.119771, 40.1766265], [15.1200124, 40.1766276], [15.1200112, 40.1766875], [15.1200095, 40.1767698], [15.1200091, 40.1767894], [15.1201382, 40.1767909], [15.1201419, 40.1766086], [15.1202655, 40.1765826], [15.1202736, 40.1765694], [15.1202662, 40.176562], [15.1202743, 40.1765158], [15.1196628, 40.1762977], [15.1195032, 40.176296]]]}, "properties": {"amministra": 1199, "id_conc": "2013R002959", "tipo": "geometrie_oggetti", "oggetto": "ZD003", "amministr0": "Comune di Casal Velino", "uso": "Diporto Nautico", "categoria": "Porto Turistico", "data_scade": "2025-12-31", "tipo_atto": "Licenza", "numero_atto": "05", "anno_atto": 2013}}, {"type": "Feature", "geometry": {"type": "Polygon", "coordinates": [[[15.1195094, 40.1757308], [15.1206018, 40.1755569], [15.1205755, 40.1754601], [15.1194831, 40.1756341], [15.1195094, 40.1757308]]]}, "properties": {"amministra": 1199, "id_conc": "2013R002959", "tipo": "geometrie_oggetti", "oggetto": "SP021", "amministr0": "Comune di Casal Velino", "uso": "Diporto Nautico", "categoria": "Porto Turistico", "data_scade": "2025-12-31", "tipo_atto": "Licenza", "numero_atto": "05", "anno_atto": 2013}}, {"type": "Feature", "geometry": {"type": "Polygon", "coordinates": [[[15.1213336, 40.1753549], [15.1213269, 40.1753358], [15.1209706, 40.1754094], [15.1209773, 40.1754285], [15.1213336, 40.1753549]]]}, "properties": {"amministra": 1199, "id_conc": "2013C003070", "tipo": "geometrie_oggetti", "oggetto": "OR003", "amministr0": "Comune di Casal Velino", "uso": "Diporto Nautico", "categoria": "Porto Turistico", "data_scade": "2026-12-31", "tipo_atto": "Licenza", "numero_atto": "71", "anno_atto": 2013}}, {"type": "Feature", "geometry": {"type": "Polygon", "coordinates": [[[15.1191587, 40.1751708], [15.1191506, 40.1751666], [15.119143, 40.175171], [15.1191573, 40.1751784], [15.1191587, 40.1751708]]]}, "properties": {"amministra": 1199, "id_conc": "2024M004899", "tipo": "tronchi_oggetti", "oggetto": "CE021", "amministr0": "Comune di Casal Velino", "uso": "Diporto Nautico", "categoria": "Porto Turistico", "data_scade": "2024-12-31", "tipo_atto": "Domanda", "numero_atto": "", "anno_atto": ""}}, {"type": "Feature", "geometry": {"type": "Polygon", "coordinates": [[[15.1196573, 40.1763019], [15.1196559, 40.1762969], [15.1195372, 40.1758583], [15.1193712, 40.1752452], [15.1193514, 40.1751718], [15.1193457, 40.1751729], [15.1193663, 40.1752494], [15.1195324, 40.1758628], [15.1196499, 40.1762968], [15.1196515, 40.1763028], [15.1196573, 40.1763019]]]}, "properties": {"amministra": 1199, "id_conc": "2013R002959", "tipo": "tronchi_oggetti", "oggetto": "CE021", "amministr0": "Comune di Casal Velino", "uso": "Diporto Nautico", "categoria": "Porto Turistico", "data_scade": "2025-12-31", "tipo_atto": "Licenza", "numero_atto": "05", "anno_atto": 2013}}, {"type": "Feature", "geometry": {"type": "Polygon", "coordinates": [[[15.1194189, 40.1753967], [15.1205114, 40.1752227], [15.1205053, 40.1752001], [15.1194128, 40.1753741], [15.1194189, 40.1753967]]]}, "properties": {"amministra": 1199, "id_conc": "2013R002959", "tipo": "geometrie_oggetti", "oggetto": "OR015", "amministr0": "Comune di Casal Velino", "uso": "Diporto Nautico", "categoria": "Porto Turistico", "data_scade": "2025-12-31", "tipo_atto": "Licenza", "numero_atto": "05", "anno_atto": 2013}}, {"type": "Feature", "geometry": {"type": "Polygon", "coordinates": [[[15.1218825, 40.1764305], [15.1218825, 40.1764298], [15.1218818, 40.1764292], [15.1218811, 40.1764287], [15.1218801, 40.1764287], [15.1218791, 40.1764287], [15.1218785, 40.1764292], [15.1218778, 40.1764298], [15.1218778, 40.1764305], [15.1218778, 40.1764313], [15.1218785, 40.1764318], [15.1218792, 40.1764323], [15.1218801, 40.1764323], [15.1218811, 40.1764323], [15.1218818, 40.1764318], [15.1218825, 40.1764313], [15.1218825, 40.1764305]]]}, "properties": {"amministra": 1199, "id_conc": "2024M004899", "tipo": "geometrie_oggetti", "oggetto": "OR017", "amministr0": "Comune di Casal Velino", "uso": "Diporto Nautico", "categoria": "Porto Turistico", "data_scade": "2024-12-31", "tipo_atto": "Domanda", "numero_atto": "", "anno_atto": ""}}, {"type": "Feature", "geometry": {"type": "Polygon", "coordinates": [[[15.1193201, 40.1750911], [15.1192479, 40.1751092], [15.1192592, 40.1751136], [15.1193142, 40.1750998], [15.1193201, 40.1750911]]]}, "properties": {"amministra": 1199, "id_conc": "2024M004899", "tipo": "tronchi_oggetti", "oggetto": "CE021", "amministr0": "Comune di Casal Velino", "uso": "Diporto Nautico", "categoria": "Porto Turistico", "data_scade": "2024-12-31", "tipo_atto": "Domanda", "numero_atto": "", "anno_atto": ""}}, {"type": "Feature", "geometry": {"type": "Polygon", "coordinates": [[[15.1192364, 40.1769183], [15.1192464, 40.1769186], [15.1193344, 40.1769208], [15.1193444, 40.176921], [15.1193476, 40.1768451], [15.1192396, 40.1768425], [15.1192364, 40.1769183]]]}, "properties": {"amministra": 1199, "id_conc": "2007F000712", "tipo": "geometrie_oggetti", "oggetto": "OR001", "amministr0": "Comune di Casal Velino", "uso": "Turistico Ricreativo", "categoria": "Vario", "data_scade": "2027-09-30", "tipo_atto": "Licenza", "numero_atto": "6", "anno_atto": 2007}}, {"type": "Feature", "geometry": {"type": "Polygon", "coordinates": [[[15.1135187, 40.1770666], [15.1135292, 40.1770944], [15.1135711, 40.177083], [15.1135601, 40.1770597], [15.1135338, 40.1770641], [15.1135187, 40.1770666]]]}, "properties": {"amministra": 1199, "id_conc": "2005L001188", "tipo": "geometrie_oggetti", "oggetto": "OR009", "amministr0": "Comune di Casal Velino", "uso": "Vario", "categoria": "Altro", "data_scade": "2027-09-30", "tipo_atto": "Licenza", "numero_atto": "1", "anno_atto": 2005}}, {"type": "Feature", "geometry": {"type": "Polygon", "coordinates": [[[15.1211093, 40.1747315], [15.1212063, 40.174711], [15.1211479, 40.1745487], [15.1210357, 40.1745721], [15.1204637, 40.1744271], [15.1204023, 40.1743673], [15.120088, 40.1742751], [15.1200518, 40.1744024], [15.1211093, 40.1747315]]]}, "properties": {"amministra": 1199, "id_conc": "2013C003070", "tipo": "geometrie_oggetti", "oggetto": "ZD011", "amministr0": "Comune di Casal Velino", "uso": "Diporto Nautico", "categoria": "Porto Turistico", "data_scade": "2026-12-31", "tipo_atto": "Licenza", "numero_atto": "71", "anno_atto": 2013}}, {"type": "Feature", "geometry": {"type": "Polygon", "coordinates": [[[15.120515, 40.1764625], [15.1203328, 40.1759778], [15.1203045, 40.175984], [15.1204868, 40.1764688], [15.120515, 40.1764625]]]}, "properties": {"amministra": 1199, "id_conc": "2013C003070", "tipo": "geometrie_oggetti", "oggetto": "OR009", "amministr0": "Comune di Casal Velino", "uso": "Diporto Nautico", "categoria": "Porto Turistico", "data_scade": "2026-12-31", "tipo_atto": "Licenza", "numero_atto": "71", "anno_atto": 2013}}, {"type": "Feature", "geometry": {"type": "Polygon", "coordinates": [[[15.1208339, 40.1764988], [15.1208502, 40.1765423], [15.1208952, 40.1765325], [15.1208789, 40.1764889], [15.1208339, 40.1764988]]]}, "properties": {"amministra": 1199, "id_conc": "2021Q011977", "tipo": "geometrie_oggetti", "oggetto": "ZD006", "amministr0": "Comune di Casal Velino", "uso": "Turistico Ricreativo", "categoria": "Vario", "data_scade": "2027-09-30", "tipo_atto": "Licenza", "numero_atto": "1", "anno_atto": 2021}}, {"type": "Feature", "geometry": {"type": "Polygon", "coordinates": [[[15.1213348, 40.1759383], [15.1213647, 40.1758777], [15.1213444, 40.175822], [15.1213022, 40.1757085], [15.1211974, 40.1757312], [15.1212497, 40.1758727], [15.1212319, 40.1759074], [15.1213348, 40.1759383]]]}, "properties": {"amministra": 1199, "id_conc": "2024L004898", "tipo": "geometrie_oggetti", "oggetto": "SP006", "amministr0": "Comune di Casal Velino", "uso": "Diporto Nautico", "categoria": "Porto Turistico", "data_scade": "2024-12-31", "tipo_atto": "Domanda", "numero_atto": "", "anno_atto": ""}}, {"type": "Feature", "geometry": {"type": "Polygon", "coordinates": [[[15.1200095, 40.1767698], [15.1201223, 40.1767698], [15.120124, 40.1766875], [15.1200112, 40.1766875], [15.1200095, 40.1767698]]]}, "properties": {"amministra": 1199, "id_conc": "2024M004899", "tipo": "geometrie_oggetti", "oggetto": "OR010", "amministr0": "Comune di Casal Velino", "uso": "Diporto Nautico", "categoria": "Porto Turistico", "data_scade": "2024-12-31", "tipo_atto": "Domanda", "numero_atto": "", "anno_atto": ""}}, {"type": "Feature", "geometry": {"type": "Polygon", "coordinates": [[[15.1192393, 40.1767704], [15.1193156, 40.1767703], [15.1193156, 40.1767253], [15.1192392, 40.1767253], [15.1192393, 40.1767704]]]}, "properties": {"amministra": 1199, "id_conc": "2021Q011977", "tipo": "geometrie_oggetti", "oggetto": "ZD017", "amministr0": "Comune di Casal Velino", "uso": "Turistico Ricreativo", "categoria": "Vario", "data_scade": "2027-09-30", "tipo_atto": "Licenza", "numero_atto": "1", "anno_atto": 2021}}, {"type": "Feature", "geometry": {"type": "Polygon", "coordinates": [[[15.1193569, 40.1749829], [15.1194277, 40.175023], [15.1194386, 40.1750117], [15.1193677, 40.1749716], [15.1193569, 40.1749829]]]}, "properties": {"amministra": 1199, "id_conc": "2024M004899", "tipo": "geometrie_oggetti", "oggetto": "OR020", "amministr0": "Comune di Casal Velino", "uso": "Diporto Nautico", "categoria": "Porto Turistico", "data_scade": "2024-12-31", "tipo_atto": "Domanda", "numero_atto": "", "anno_atto": ""}}, {"type": "Feature", "geometry": {"type": "Polygon", "coordinates": [[[15.1252489, 40.1750696], [15.1252902, 40.1750524], [15.1252778, 40.175035], [15.1252623, 40.1750414], [15.125251, 40.1750462], [15.1252365, 40.1750522], [15.1252489, 40.1750696]]]}, "properties": {"amministra": 1199, "id_conc": "2020M019138", "tipo": "geometrie_oggetti", "oggetto": "OR005", "amministr0": "Comune di Casal Velino", "uso": "Turistico Ricreativo", "categoria": "Stabilimento Balneare Pubblico", "data_scade": "2027-09-30", "tipo_atto": "Licenza", "numero_atto": "3", "anno_atto": 2020}}, {"type": "Feature", "geometry": {"type": "Polygon", "coordinates": [[[15.1191706, 40.1752653], [15.1194141, 40.1758469], [15.1194007, 40.1762928], [15.1196743, 40.1762907], [15.1193735, 40.1751706], [15.1195076, 40.1751095], [15.1195174, 40.1750658], [15.1194933, 40.1750105], [15.1193922, 40.1749538], [15.1190892, 40.175033], [15.1191706, 40.1752653]]]}, "properties": {"amministra": 1199, "id_conc": "2024M004899", "tipo": "geometrie_oggetti", "oggetto": "ZD022", "amministr0": "Comune di Casal Velino", "uso": "Diporto Nautico", "categoria": "Porto Turistico", "data_scade": "2024-12-31", "tipo_atto": "Domanda", "numero_atto": "", "anno_atto": ""}}, {"type": "Feature", "geometry": {"type": "Polygon", "coordinates": [[[15.1213833, 40.1754938], [15.1213336, 40.1753549], [15.1209773, 40.1754285], [15.1209706, 40.1754094], [15.1213269, 40.1753358], [15.1212022, 40.1749888], [15.1208425, 40.1750707], [15.1208351, 40.1750515], [15.1211954, 40.1749697], [15.1211252, 40.174776], [15.1209146, 40.1748268], [15.1207361, 40.1748699], [15.1210105, 40.1755783], [15.1213833, 40.1754938]]]}, "properties": {"amministra": 1199, "id_conc": "2013C003070", "tipo": "geometrie_oggetti", "oggetto": "SP012", "amministr0": "Comune di Casal Velino", "uso": "Diporto Nautico", "categoria": "Porto Turistico", "data_scade": "2026-12-31", "tipo_atto": "Licenza", "numero_atto": "71", "anno_atto": 2013}}, {"type": "Feature", "geometry": {"type": "Polygon", "coordinates": [[[15.1193831, 40.175013], [15.1193926, 40.1750031], [15.1193879, 40.1750005], [15.1193819, 40.1750068], [15.1193831, 40.175013]]]}, "properties": {"amministra": 1199, "id_conc": "2013R002959", "tipo": "tronchi_oggetti", "oggetto": "CE021", "amministr0": "Comune di Casal Velino", "uso": "Diporto Nautico", "categoria": "Porto Turistico", "data_scade": "2025-12-31", "tipo_atto": "Licenza", "numero_atto": "05", "anno_atto": 2013}}, {"type": "Feature", "geometry": {"type": "Polygon", "coordinates": [[[15.1234293, 40.1754876], [15.1234797, 40.1754645], [15.1234496, 40.1754258], [15.1233992, 40.1754489], [15.1234293, 40.1754876]]]}, "properties": {"amministra": 1199, "id_conc": "2024J009558", "tipo": "geometrie_oggetti", "oggetto": "ZD001", "amministr0": "Comune di Casal Velino", "uso": "Turistico Ricreativo", "categoria": "Vario", "data_scade": "2027-09-30", "tipo_atto": "Licenza", "numero_atto": "4", "anno_atto": 2024}}, {"type": "Feature", "geometry": {"type": "Polygon", "coordinates": [[[15.1192394, 40.1768154], [15.1193157, 40.1768154], [15.1193156, 40.1767703], [15.1192393, 40.1767704], [15.1192394, 40.1768154]]]}, "properties": {"amministra": 1199, "id_conc": "2021Q011977", "tipo": "geometrie_oggetti", "oggetto": "ZD016", "amministr0": "Comune di Casal Velino", "uso": "Turistico Ricreativo", "categoria": "Vario", "data_scade": "2027-09-30", "tipo_atto": "Licenza", "numero_atto": "1", "anno_atto": 2021}}]}