{"type": "FeatureCollection", "features": [{"type": "Feature", "geometry": {"type": "MultiPolygon", "coordinates": [[[[15.1466932, 40.1599458], [15.1464012, 40.1596728], [15.1464012, 40.1596727], [15.1460243, 40.1594149], [15.1459521, 40.1594624], [15.145952, 40.1594624], [15.145952, 40.1594624], [15.1458127, 40.159495], [15.1458123, 40.1594952], [15.145812, 40.1594953], [15.1458117, 40.1594956], [15.1444945, 40.1609565], [15.1444943, 40.1609567], [15.1442806, 40.1612865], [15.1442806, 40.1612865], [15.1442805, 40.1612866], [15.1424773, 40.162644], [15.1424772, 40.1626441], [15.140602, 40.1643602], [15.1406018, 40.1643604], [15.1406016, 40.1643607], [15.1406016, 40.164361], [15.1405954, 40.1644859], [15.1405954, 40.1644859], [15.1404395, 40.1652102], [15.1404394, 40.1652103], [15.1403871, 40.1653353], [15.140387, 40.1653355], [15.1403162, 40.1654175], [15.1403161, 40.1654177], [15.140316, 40.1654179], [15.1403159, 40.1654182], [15.140316, 40.1654185], [15.1403161, 40.1654187], [15.1403162, 40.165419], [15.1403164, 40.1654192], [15.1403167, 40.1654193], [15.140317, 40.1654195], [15.1403173, 40.1654195], [15.1403177, 40.1654196], [15.140318, 40.1654196], [15.1403184, 40.1654195], [15.1403187, 40.1654194], [15.1403189, 40.1654192], [15.1403941, 40.165366], [15.1403941, 40.165366], [15.1404494, 40.1653268], [15.1404494, 40.1653268], [15.140623, 40.1651998], [15.1407304, 40.1651212], [15.1407306, 40.1651211], [15.1409113, 40.1649509], [15.1409311, 40.1649322], [15.1409312, 40.1649321], [15.1410682, 40.1647698], [15.1410682, 40.1647698], [15.1411046, 40.1647297], [15.1411575, 40.1646716], [15.1412007, 40.1646241], [15.1412007, 40.164624], [15.1413148, 40.1645231], [15.141315, 40.1645228], [15.1413151, 40.1645226], [15.1413921, 40.1643358], [15.1413922, 40.1643358], [15.1413983, 40.1643244], [15.1413984, 40.1643243], [15.1414057, 40.1643063], [15.1414058, 40.1643062], [15.1414058, 40.1643061], [15.1414292, 40.1642854], [15.1414292, 40.1642854], [15.1414566, 40.1642629], [15.1414567, 40.1642628], [15.1414568, 40.1642628], [15.141497, 40.1642511], [15.1414972, 40.164251], [15.1415457, 40.1642448], [15.1415458, 40.1642448], [15.1415987, 40.1642355], [15.1415989, 40.1642355], [15.1416535, 40.1642221], [15.1416536, 40.1642221], [15.1416966, 40.1642084], [15.1416966, 40.1642084], [15.1417363, 40.1641955], [15.1417365, 40.1641954], [15.1417737, 40.1641803], [15.141774, 40.1641802], [15.1418116, 40.1641588], [15.1418119, 40.1641585], [15.1418859, 40.1640832], [15.141886, 40.1640832], [15.141945, 40.1640326], [15.141945, 40.1640326], [15.1420261, 40.1639617], [15.1420261, 40.1639617], [15.1421436, 40.1638838], [15.1421436, 40.1638838], [15.1421566, 40.1638758], [15.1422787, 40.1638006], [15.1422787, 40.1638006], [15.1424311, 40.1636999], [15.1424312, 40.1636999], [15.1425394, 40.1636412], [15.1425396, 40.1636411], [15.1426924, 40.1635319], [15.1426925, 40.1635319], [15.1428096, 40.1634368], [15.1428097, 40.1634367], [15.143064, 40.1631832], [15.1430641, 40.1631832], [15.1433044, 40.1629538], [15.1433044, 40.1629537], [15.1433211, 40.1629366], [15.1435588, 40.1626926], [15.1435588, 40.1626926], [15.143711, 40.1625613], [15.143711, 40.1625612], [15.1438795, 40.1624367], [15.1438796, 40.1624366], [15.1441186, 40.1622257], [15.1441186, 40.1622257], [15.1445195, 40.161849], [15.1446991, 40.1616806], [15.1447631, 40.1616206], [15.1447632, 40.1616205], [15.1448755, 40.1614981], [15.1448756, 40.161498], [15.1449752, 40.1614157], [15.1451287, 40.1612901], [15.1451287, 40.1612901], [15.1452148, 40.1612353], [15.1452316, 40.1612246], [15.1452316, 40.1612246], [15.1453566, 40.1611407], [15.1453568, 40.1611406], [15.1455196, 40.1610024], [15.1455196, 40.1610023], [15.1456505, 40.1608774], [15.1456505, 40.1608774], [15.1457588, 40.1607655], [15.1457588, 40.1607654], [15.145759, 40.1607654], [15.1457591, 40.1607652], [15.1458653, 40.1606556], [15.1458653, 40.1606556], [15.1460308, 40.1605042], [15.1460477, 40.1604887], [15.1460478, 40.1604886], [15.1462011, 40.1603655], [15.1462012, 40.1603655], [15.1463737, 40.1602423], [15.1463737, 40.1602423], [15.1463756, 40.1602409], [15.1463757, 40.1602408], [15.146478, 40.160156], [15.1464781, 40.160156], [15.1465802, 40.160064], [15.1465803, 40.1600639], [15.1466719, 40.1599679], [15.1466932, 40.1599459], [15.1466932, 40.1599458], [15.1466933, 40.1599458], [15.1466932, 40.1599458]]], [[[14.911748, 39.9989392], [14.8841221, 40.0172328], [15.0943981, 40.1735145], [15.0943983, 40.1735146], [15.0943984, 40.1735146], [15.0943984, 40.1735146], [15.0943984, 40.1735146], [15.094405, 40.1735136], [15.0944051, 40.1735136], [15.0944051, 40.1735136], [15.094475, 40.173526], [15.094475, 40.173526], [15.0945969, 40.1735523], [15.0945974, 40.1735524], [15.0946469, 40.1735524], [15.0946529, 40.1735524], [15.0946532, 40.1735524], [15.0946536, 40.1735523], [15.0946963, 40.1735379], [15.0946966, 40.1735378], [15.0947369, 40.1735143], [15.0947369, 40.1735143], [15.094737, 40.1735142], [15.09483, 40.1734879], [15.09483, 40.1734879], [15.0949044, 40.1734667], [15.0949044, 40.1734667], [15.0949955, 40.1734486], [15.0949957, 40.1734485], [15.0951365, 40.1734066], [15.0951366, 40.1734066], [15.0952876, 40.1733753], [15.0953569, 40.1733609], [15.095357, 40.1733609], [15.0954225, 40.1733498], [15.0954226, 40.1733498], [15.0954935, 40.1733348], [15.0954936, 40.1733348], [15.0955476, 40.1733281], [15.0955476, 40.1733281], [15.0956056, 40.1733203], [15.0956056, 40.1733202], [15.0956563, 40.173315], [15.0956564, 40.173315], [15.0956766, 40.1733142], [15.095677, 40.1733141], [15.0956773, 40.1733141], [15.0956776, 40.1733139], [15.0956778, 40.1733138], [15.095678, 40.1733136], [15.0957096, 40.1732778], [15.0957097, 40.1732777], [15.0957098, 40.1732777], [15.0957271, 40.1732815], [15.0957272, 40.1732815], [15.0957271, 40.1732815], [15.0957208, 40.1732887], [15.0957206, 40.1732889], [15.0957205, 40.1732892], [15.0957205, 40.1732894], [15.0957205, 40.1732897], [15.0957207, 40.17329], [15.0957208, 40.1732902], [15.0957368, 40.1733081], [15.095737, 40.1733083], [15.0957373, 40.1733085], [15.0957375, 40.1733086], [15.0957816, 40.1733242], [15.0957818, 40.1733243], [15.0957821, 40.1733243], [15.0958614, 40.1733329], [15.0958614, 40.1733329], [15.0959072, 40.1733386], [15.0959156, 40.1733396], [15.0959161, 40.1733396], [15.0959504, 40.1733365], [15.0959926, 40.1733326], [15.0959927, 40.1733326], [15.0961885, 40.1733129], [15.0961885, 40.1733129], [15.0962971, 40.1733033], [15.0962972, 40.1733033], [15.0964812, 40.1732938], [15.0964812, 40.1732938], [15.0966527, 40.1732792], [15.0966528, 40.1732792], [15.0969036, 40.1732774], [15.0969039, 40.1732774], [15.0971808, 40.1732444], [15.097181, 40.1732443], [15.0972839, 40.1732199], [15.0973551, 40.1732033], [15.0973551, 40.1732033], [15.0974178, 40.1731885], [15.0974179, 40.1731885], [15.0976763, 40.1731135], [15.0976764, 40.1731135], [15.0978933, 40.1730359], [15.0978935, 40.1730359], [15.0980916, 40.172993], [15.0980917, 40.1729929], [15.0982152, 40.1729789], [15.0982153, 40.1729789], [15.0986037, 40.1729592], [15.0986038, 40.1729592], [15.0988256, 40.1729709], [15.0988256, 40.1729709], [15.0990582, 40.172977], [15.0990583, 40.172977], [15.0994935, 40.1730183], [15.0994936, 40.1730183], [15.0996487, 40.1730276], [15.0996488, 40.1730276], [15.0997225, 40.1730358], [15.0997225, 40.1730358], [15.0998245, 40.173052], [15.0998247, 40.173052], [15.0999096, 40.1730597], [15.0999097, 40.1730597], [15.1001076, 40.1730957], [15.1001077, 40.1730958], [15.1001078, 40.1730958], [15.1001712, 40.1731315], [15.1001714, 40.1731316], [15.1001717, 40.1731317], [15.1003227, 40.1731686], [15.1003227, 40.1731686], [15.1003228, 40.1731687], [15.1003758, 40.1731976], [15.100376, 40.1731977], [15.1003863, 40.1732021], [15.1003866, 40.1732022], [15.1005423, 40.1732398], [15.1005426, 40.1732399], [15.1006612, 40.173253], [15.1006613, 40.173253], [15.1007542, 40.1732751], [15.1007542, 40.1732751], [15.1007643, 40.1732775], [15.1007648, 40.1732775], [15.1008015, 40.1732781], [15.1008015, 40.1732781], [15.1008182, 40.1732784], [15.1008183, 40.1732784], [15.1008184, 40.1732784], [15.1008778, 40.1733009], [15.100878, 40.173301], [15.1009103, 40.1733215], [15.1009106, 40.1733217], [15.1010192, 40.1733643], [15.1010195, 40.1733644], [15.1014001, 40.1734578], [15.1014002, 40.1734578], [15.1014046, 40.1734588], [15.101405, 40.1734589], [15.1014053, 40.1734589], [15.1014057, 40.1734588], [15.101406, 40.1734587], [15.1014063, 40.1734586], [15.1014209, 40.1734493], [15.1014209, 40.1734492], [15.101421, 40.1734493], [15.1014307, 40.1734582], [15.101431, 40.1734584], [15.1014313, 40.1734586], [15.1014316, 40.1734587], [15.101432, 40.1734587], [15.1014324, 40.1734587], [15.1014327, 40.1734586], [15.101433, 40.1734585], [15.1014333, 40.1734584], [15.1014336, 40.1734581], [15.1014383, 40.1734532], [15.1014383, 40.1734532], [15.1014449, 40.1734464], [15.1014451, 40.1734462], [15.1014452, 40.173446], [15.1014487, 40.1734358], [15.1014488, 40.1734357], [15.1014488, 40.1734357], [15.10147, 40.1734273], [15.1014703, 40.1734272], [15.1014705, 40.1734271], [15.1014707, 40.1734269], [15.1014708, 40.1734266], [15.1014852, 40.1733999], [15.1014852, 40.1733998], [15.1014853, 40.1733998], [15.1015114, 40.1733866], [15.1015114, 40.1733866], [15.1015693, 40.1733634], [15.1015694, 40.1733634], [15.1015694, 40.1733635], [15.1015804, 40.1733767], [15.1015804, 40.1733767], [15.1015804, 40.1733768], [15.1015452, 40.1734031], [15.1015451, 40.1734032], [15.101545, 40.1734032], [15.1015067, 40.1734135], [15.1015064, 40.1734136], [15.1015062, 40.1734138], [15.1015059, 40.1734139], [15.1015022, 40.1734174], [15.1015021, 40.1734175], [15.1014776, 40.1734332], [15.1014773, 40.1734334], [15.1014772, 40.1734337], [15.101477, 40.1734339], [15.1014682, 40.1734588], [15.1014682, 40.1734589], [15.1014681, 40.173459], [15.1014534, 40.1734684], [15.1014534, 40.1734684], [15.1014494, 40.1734708], [15.1014494, 40.1734708], [15.1014335, 40.1734809], [15.1014334, 40.173481], [15.1014244, 40.1734877], [15.1014243, 40.1734877], [15.1014042, 40.1734993], [15.1014039, 40.1734994], [15.1014037, 40.1734996], [15.1014036, 40.1734999], [15.1014035, 40.1735001], [15.1014035, 40.1735004], [15.1014035, 40.1735007], [15.1014036, 40.1735009], [15.1014038, 40.1735011], [15.1014145, 40.1735127], [15.1014147, 40.1735129], [15.1015502, 40.1736167], [15.1015503, 40.1736168], [15.1016248, 40.1736922], [15.1016249, 40.1736923], [15.1016867, 40.1737443], [15.1016867, 40.1737443], [15.101728, 40.1737838], [15.1017281, 40.1737839], [15.1017466, 40.1738178], [15.1017468, 40.1738181], [15.101747, 40.1738183], [15.1017474, 40.1738185], [15.1017875, 40.173835], [15.1017877, 40.1738351], [15.1018216, 40.1738581], [15.1018217, 40.1738582], [15.1018763, 40.1739051], [15.1018764, 40.1739052], [15.1019356, 40.1739483], [15.1019357, 40.1739484], [15.1020962, 40.1740517], [15.1020965, 40.1740519], [15.1022053, 40.1740962], [15.1022055, 40.1740963], [15.1022659, 40.1741139], [15.1022659, 40.1741139], [15.1022897, 40.1741203], [15.1022897, 40.1741203], [15.1022898, 40.1741203], [15.1023329, 40.1741514], [15.1023332, 40.1741516], [15.1025439, 40.1742563], [15.1025441, 40.1742564], [15.1026259, 40.1742877], [15.1026259, 40.1742877], [15.1027062, 40.1743251], [15.1027066, 40.1743252], [15.1028355, 40.1743542], [15.1028356, 40.1743542], [15.1028358, 40.1743543], [15.1029061, 40.1743741], [15.10292, 40.174378], [15.1029201, 40.174378], [15.1030303, 40.1744157], [15.1030304, 40.1744157], [15.1030622, 40.1744302], [15.1030751, 40.174436], [15.1030752, 40.1744361], [15.1031186, 40.1744534], [15.1031212, 40.1744544], [15.1031213, 40.1744545], [15.1031214, 40.1744545], [15.1031546, 40.1744868], [15.1031548, 40.174487], [15.1032107, 40.1745243], [15.1032108, 40.1745244], [15.1033096, 40.1745844], [15.1033096, 40.1745844], [15.103426, 40.1746478], [15.103426, 40.1746478], [15.1034548, 40.1746639], [15.1035367, 40.1747097], [15.103621, 40.1747568], [15.1036214, 40.174757], [15.1038032, 40.1748079], [15.1038033, 40.174808], [15.1039241, 40.174835], [15.1039243, 40.174835], [15.1040556, 40.174879], [15.1040556, 40.174879], [15.1042104, 40.1749333], [15.1042106, 40.1749333], [15.1045449, 40.1750309], [15.1047811, 40.1751], [15.1047811, 40.1751], [15.1049944, 40.1751608], [15.1049947, 40.1751609], [15.1052225, 40.1751939], [15.1052225, 40.1751939], [15.1054084, 40.1752145], [15.1054085, 40.1752146], [15.1055701, 40.1752413], [15.1055703, 40.1752413], [15.1056052, 40.1752545], [15.1056053, 40.1752545], [15.1056053, 40.1752546], [15.1056046, 40.1752572], [15.1056045, 40.1752575], [15.1056046, 40.1752578], [15.1056047, 40.175258], [15.1056049, 40.1752583], [15.1056051, 40.1752585], [15.1056054, 40.1752587], [15.1056058, 40.1752588], [15.1056366, 40.1752664], [15.1056368, 40.1752664], [15.1056526, 40.1752724], [15.1056527, 40.1752725], [15.1058126, 40.17532], [15.1058127, 40.17532], [15.1059037, 40.175344], [15.1059041, 40.1753441], [15.1060126, 40.175354], [15.1060128, 40.175354], [15.1061562, 40.1753589], [15.1061567, 40.1753589], [15.1062941, 40.1753354], [15.1062941, 40.1753354], [15.1064535, 40.175312], [15.1064538, 40.1753119], [15.106515, 40.1752936], [15.1065152, 40.1752936], [15.1065648, 40.1752752], [15.1066142, 40.175257], [15.1067647, 40.1752015], [15.1067649, 40.1752014], [15.1068752, 40.1751485], [15.1068753, 40.1751485], [15.1070837, 40.175082], [15.1070838, 40.1750819], [15.1072139, 40.1750478], [15.107214, 40.1750478], [15.1072838, 40.1750285], [15.107284, 40.1750285], [15.1074633, 40.1750187], [15.1074634, 40.1750187], [15.1076166, 40.1750157], [15.1076167, 40.1750157], [15.1076617, 40.1750156], [15.1077237, 40.1750154], [15.1077238, 40.1750154], [15.1077238, 40.1750155], [15.1077839, 40.1750338], [15.1078076, 40.175041], [15.1078077, 40.1750411], [15.1079002, 40.1750741], [15.1079002, 40.1750741], [15.1080053, 40.1751168], [15.1080055, 40.1751169], [15.1081579, 40.1751626], [15.108158, 40.1751626], [15.1082066, 40.175174], [15.1082066, 40.175174], [15.1082663, 40.1751904], [15.1082664, 40.1751904], [15.1082665, 40.1751904], [15.1083242, 40.1752352], [15.1083245, 40.1752354], [15.1083249, 40.1752355], [15.108433, 40.1752678], [15.1084334, 40.1752679], [15.1085267, 40.175278], [15.1085271, 40.175278], [15.1085276, 40.175278], [15.1086008, 40.1752578], [15.1086259, 40.1752509], [15.1086261, 40.1752509], [15.108859, 40.1752413], [15.108859, 40.1752413], [15.1089482, 40.1752397], [15.1090216, 40.1752383], [15.1090218, 40.1752383], [15.1090347, 40.1752403], [15.109035, 40.1752403], [15.1090448, 40.1752405], [15.109045, 40.1752405], [15.1091525, 40.1752577], [15.1091526, 40.1752577], [15.1094218, 40.1752904], [15.1094219, 40.1752904], [15.1095583, 40.1753066], [15.1096024, 40.1753118], [15.1096026, 40.1753119], [15.1096747, 40.1753374], [15.1096749, 40.1753374], [15.1096866, 40.1753435], [15.1097514, 40.1753769], [15.1097516, 40.175377], [15.1097863, 40.1753912], [15.1098311, 40.1754096], [15.1098312, 40.1754097], [15.1098522, 40.1754213], [15.1099384, 40.1754691], [15.1099385, 40.1754692], [15.1099935, 40.1755061], [15.1099937, 40.1755062], [15.1100589, 40.1755401], [15.1100933, 40.175558], [15.110115, 40.1755693], [15.1101153, 40.1755694], [15.1101891, 40.1755961], [15.1101892, 40.1755961], [15.1101892, 40.1755961], [15.1102081, 40.1756115], [15.1102082, 40.1756116], [15.1102082, 40.1756116], [15.1102074, 40.1756209], [15.1102064, 40.1756322], [15.1102064, 40.1756324], [15.1102065, 40.1756326], [15.1102066, 40.1756329], [15.1102068, 40.1756331], [15.1102305, 40.1756565], [15.1102306, 40.1756566], [15.1102316, 40.1756574], [15.1103625, 40.1757543], [15.1103625, 40.1757543], [15.1104999, 40.1758619], [15.1105001, 40.175862], [15.1106651, 40.1759661], [15.1106652, 40.1759661], [15.1107364, 40.1760073], [15.1107365, 40.1760075], [15.1108095, 40.1760753], [15.1108096, 40.1760754], [15.1109555, 40.1761874], [15.1109555, 40.1761875], [15.1109555, 40.1761875], [15.1109387, 40.1761996], [15.1109385, 40.1761998], [15.1109383, 40.1762], [15.1109382, 40.1762003], [15.1109382, 40.1762005], [15.1109382, 40.1762008], [15.1109382, 40.1762011], [15.1109384, 40.1762013], [15.1109386, 40.1762015], [15.1109388, 40.1762017], [15.1110553, 40.1762736], [15.1110554, 40.1762737], [15.1110553, 40.1762737], [15.1110493, 40.1762807], [15.1110492, 40.176281], [15.1110491, 40.1762812], [15.111049, 40.1762815], [15.1110491, 40.1762817], [15.1110492, 40.176282], [15.1110494, 40.1762822], [15.1110496, 40.1762824], [15.1110499, 40.1762826], [15.1110507, 40.176283], [15.1110507, 40.176283], [15.111068, 40.1762912], [15.111068, 40.1762912], [15.1110692, 40.1762918], [15.1110695, 40.176292], [15.1110698, 40.176292], [15.1110701, 40.1762921], [15.1110705, 40.1762921], [15.1110708, 40.176292], [15.1110711, 40.1762919], [15.1110714, 40.1762917], [15.1110716, 40.1762916], [15.1110767, 40.1762866], [15.1110768, 40.1762865], [15.1110768, 40.1762866], [15.1112564, 40.1764086], [15.1112564, 40.1764086], [15.1112564, 40.1764087], [15.1112566, 40.1764094], [15.1112566, 40.1764096], [15.1112568, 40.1764098], [15.1112569, 40.17641], [15.1112571, 40.1764102], [15.1112594, 40.1764118], [15.1112594, 40.1764118], [15.111291, 40.1764351], [15.1112912, 40.1764352], [15.1112916, 40.1764353], [15.1112919, 40.1764354], [15.1112923, 40.1764354], [15.1112926, 40.1764354], [15.111293, 40.1764353], [15.1112933, 40.1764352], [15.1112949, 40.1764342], [15.111295, 40.1764342], [15.1112951, 40.1764342], [15.1113003, 40.1764376], [15.1113003, 40.1764376], [15.1113327, 40.1764593], [15.1113327, 40.1764593], [15.1113327, 40.1764594], [15.1113235, 40.1764675], [15.1113233, 40.1764677], [15.1113232, 40.176468], [15.1113231, 40.1764683], [15.1113231, 40.1764685], [15.1113232, 40.1764688], [15.1113233, 40.1764691], [15.1113235, 40.1764693], [15.1113238, 40.1764695], [15.1113241, 40.1764696], [15.1113602, 40.1764842], [15.1113604, 40.1764843], [15.1114121, 40.1764994], [15.1114121, 40.1764995], [15.1114544, 40.1765147], [15.1114544, 40.1765147], [15.1114969, 40.1765329], [15.111497, 40.1765329], [15.1115778, 40.1765752], [15.1115779, 40.1765753], [15.1117364, 40.1766436], [15.1117368, 40.1766437], [15.1117371, 40.1766437], [15.1117375, 40.1766437], [15.1117378, 40.1766437], [15.1117382, 40.1766436], [15.1117385, 40.1766434], [15.1117387, 40.1766432], [15.1117389, 40.176643], [15.1117391, 40.1766427], [15.1117413, 40.1766355], [15.1117413, 40.1766355], [15.1117414, 40.1766355], [15.1117572, 40.1766393], [15.1117573, 40.1766393], [15.1117573, 40.1766394], [15.1117581, 40.176651], [15.1117581, 40.1766513], [15.1117582, 40.1766515], [15.1117584, 40.1766518], [15.1117586, 40.176652], [15.1117589, 40.1766521], [15.1117592, 40.1766522], [15.1117673, 40.1766547], [15.1117674, 40.1766547], [15.1117674, 40.1766548], [15.1117782, 40.176686], [15.1117783, 40.1766863], [15.1117785, 40.1766865], [15.1117788, 40.1766867], [15.1117791, 40.1766869], [15.1119229, 40.1767415], [15.1119232, 40.1767415], [15.1120415, 40.1767727], [15.1120419, 40.1767728], [15.1121038, 40.1767777], [15.112104, 40.1767777], [15.1122957, 40.1768248], [15.1122958, 40.1768248], [15.1124276, 40.1768631], [15.1124276, 40.1768631], [15.112481, 40.1768825], [15.1124811, 40.1768825], [15.1125929, 40.1769298], [15.112593, 40.1769299], [15.1126261, 40.1769496], [15.1126262, 40.1769497], [15.1126854, 40.1769965], [15.1126854, 40.1769966], [15.1127546, 40.1770486], [15.1127547, 40.1770487], [15.112823, 40.1770947], [15.1128232, 40.1770949], [15.1128235, 40.177095], [15.1128629, 40.1771079], [15.1128632, 40.177108], [15.1128636, 40.177108], [15.1128639, 40.177108], [15.1128642, 40.1771079], [15.1128645, 40.1771078], [15.1128748, 40.1771031], [15.1128749, 40.177103], [15.112875, 40.177103], [15.1129193, 40.1771047], [15.1129193, 40.1771047], [15.1129662, 40.1771047], [15.1129663, 40.1771047], [15.1130192, 40.1771019], [15.1130195, 40.1771019], [15.1130993, 40.1770891], [15.1130996, 40.177089], [15.1130999, 40.1770889], [15.1131002, 40.1770888], [15.1131004, 40.1770886], [15.1131006, 40.1770884], [15.1131007, 40.1770881], [15.1131013, 40.1770863], [15.1131014, 40.1770862], [15.1131077, 40.1770757], [15.1131078, 40.1770756], [15.1131078, 40.1770757], [15.1131144, 40.1770876], [15.1131146, 40.1770879], [15.1131148, 40.1770881], [15.113115, 40.1770883], [15.1131154, 40.1770884], [15.1131157, 40.1770885], [15.113116, 40.1770885], [15.1131164, 40.1770885], [15.1131562, 40.1770831], [15.1131566, 40.1770831], [15.1131569, 40.1770829], [15.1131572, 40.1770828], [15.1131574, 40.1770826], [15.1131576, 40.1770823], [15.1131577, 40.1770821], [15.1131577, 40.1770818], [15.1131577, 40.1770745], [15.1131577, 40.1770744], [15.1131601, 40.1770644], [15.1131601, 40.1770643], [15.1131602, 40.1770643], [15.113166, 40.1770689], [15.113166, 40.177069], [15.113166, 40.177069], [15.1131661, 40.1770736], [15.1131662, 40.1770738], [15.1131663, 40.1770741], [15.1131685, 40.1770781], [15.1131687, 40.1770783], [15.1131689, 40.1770786], [15.1131692, 40.1770787], [15.1131695, 40.1770788], [15.1131699, 40.1770789], [15.1131702, 40.1770789], [15.1131706, 40.1770789], [15.1131731, 40.1770784], [15.1131731, 40.1770784], [15.1132121, 40.1770741], [15.1132124, 40.177074], [15.1132127, 40.1770739], [15.113213, 40.1770738], [15.1132132, 40.1770736], [15.1132134, 40.1770734], [15.1132139, 40.1770726], [15.1132192, 40.1770654], [15.1132192, 40.1770653], [15.1132193, 40.1770653], [15.1132284, 40.1770693], [15.1132284, 40.1770694], [15.1132337, 40.1770722], [15.1132341, 40.1770724], [15.1132419, 40.1770748], [15.1132422, 40.1770749], [15.1132426, 40.1770749], [15.113243, 40.1770749], [15.1132433, 40.1770748], [15.1132648, 40.1770669], [15.1132648, 40.1770669], [15.1133051, 40.177056], [15.1133053, 40.1770559], [15.1133967, 40.1770433], [15.1133969, 40.1770433], [15.1134363, 40.1770347], [15.1134364, 40.1770347], [15.1134678, 40.177031], [15.113468, 40.177031], [15.1135867, 40.1770079], [15.1135868, 40.1770079], [15.1135868, 40.1770079], [15.1136106, 40.1770096], [15.1136108, 40.1770096], [15.1138314, 40.1770035], [15.1138316, 40.1770035], [15.11385, 40.1770018], [15.1138501, 40.1770018], [15.1138501, 40.1770018], [15.1138591, 40.1770031], [15.1138595, 40.1770031], [15.1138598, 40.1770031], [15.114057, 40.1769723], [15.1140572, 40.1769722], [15.1141207, 40.1769551], [15.1142973, 40.1769082], [15.1142975, 40.1769082], [15.1143255, 40.1768975], [15.1143257, 40.1768974], [15.114362, 40.1768917], [15.1143622, 40.1768917], [15.1145183, 40.1768836], [15.1145183, 40.1768836], [15.1148294, 40.1768738], [15.1148294, 40.1768738], [15.1151351, 40.1768737], [15.1151352, 40.1768737], [15.1153824, 40.1768665], [15.1153826, 40.1768665], [15.1154913, 40.176876], [15.1154916, 40.176876], [15.1157817, 40.1768658], [15.1157818, 40.1768658], [15.1158444, 40.1768691], [15.1158445, 40.1768691], [15.116057, 40.1768886], [15.1160571, 40.1768886], [15.1161199, 40.1769], [15.11612, 40.1769], [15.1162097, 40.1769218], [15.11621, 40.1769218], [15.1163274, 40.1769358], [15.1163277, 40.1769358], [15.1164231, 40.1769321], [15.1164234, 40.176932], [15.1164295, 40.176931], [15.1164298, 40.1769309], [15.1164301, 40.1769308], [15.1164304, 40.1769307], [15.1164306, 40.1769305], [15.1164331, 40.1769279], [15.1164333, 40.1769277], [15.1164348, 40.1769253], [15.1164349, 40.1769251], [15.1164362, 40.1769223], [15.1164363, 40.1769222], [15.1164371, 40.1769197], [15.1164371, 40.1769194], [15.1164372, 40.1769168], [15.1164372, 40.1769165], [15.116437, 40.1769162], [15.1164356, 40.1769139], [15.1164354, 40.1769137], [15.1164351, 40.1769135], [15.1164325, 40.1769118], [15.1164324, 40.1769118], [15.1164324, 40.1769117], [15.1164318, 40.1769095], [15.1164318, 40.1769094], [15.1164319, 40.1769094], [15.1164344, 40.1769071], [15.1164345, 40.1769071], [15.1164346, 40.1769071], [15.1164385, 40.1769067], [15.1164386, 40.1769067], [15.1164387, 40.1769068], [15.1164426, 40.1769078], [15.1164428, 40.1769079], [15.1164457, 40.1769093], [15.1164458, 40.1769094], [15.1164494, 40.1769118], [15.1164494, 40.1769119], [15.1164495, 40.1769119], [15.1164512, 40.1769149], [15.1164512, 40.176915], [15.116452, 40.176917], [15.116452, 40.1769171], [15.1164525, 40.1769194], [15.1164525, 40.1769194], [15.1164528, 40.1769214], [15.1164529, 40.1769214], [15.1164537, 40.1769246], [15.1164537, 40.1769247], [15.1164548, 40.1769289], [15.1164549, 40.176929], [15.1164572, 40.1769347], [15.1164572, 40.1769347], [15.1164581, 40.1769375], [15.1164582, 40.1769376], [15.1164594, 40.1769404], [15.1164595, 40.1769406], [15.1164597, 40.1769408], [15.1164599, 40.176941], [15.1164601, 40.1769411], [15.1164614, 40.1769417], [15.1164617, 40.1769418], [15.116462, 40.1769419], [15.1164639, 40.1769422], [15.1164642, 40.1769422], [15.1164701, 40.1769425], [15.1164756, 40.1769427], [15.116476, 40.1769427], [15.1164827, 40.1769419], [15.1164832, 40.1769417], [15.1164862, 40.1769406], [15.1164867, 40.1769404], [15.1164893, 40.1769387], [15.1164895, 40.1769385], [15.1164913, 40.1769367], [15.1164915, 40.1769365], [15.1164916, 40.1769363], [15.116494, 40.1769314], [15.116494, 40.1769313], [15.1164957, 40.1769284], [15.1164958, 40.1769282], [15.1164983, 40.1769256], [15.1164984, 40.1769256], [15.1165015, 40.1769232], [15.1165016, 40.1769232], [15.1165017, 40.1769232], [15.1165047, 40.1769233], [15.1165048, 40.1769233], [15.1165048, 40.1769234], [15.1165071, 40.1769247], [15.1165072, 40.1769248], [15.11651, 40.1769272], [15.1165101, 40.1769274], [15.1165116, 40.1769295], [15.1165117, 40.1769296], [15.1165128, 40.1769332], [15.116513, 40.1769335], [15.1165145, 40.1769356], [15.1165146, 40.1769358], [15.1165149, 40.176936], [15.1165151, 40.1769361], [15.1165155, 40.1769362], [15.1165158, 40.1769363], [15.1165207, 40.1769369], [15.116521, 40.1769369], [15.1165213, 40.1769369], [15.1165331, 40.1769349], [15.1165332, 40.1769348], [15.1165333, 40.1769349], [15.1168088, 40.1769775], [15.1168089, 40.1769775], [15.1169512, 40.1769954], [15.1169512, 40.1769954], [15.1170333, 40.1770106], [15.1170334, 40.1770106], [15.117064, 40.1770158], [15.1170641, 40.1770159], [15.1170642, 40.1770159], [15.117065, 40.1770176], [15.1170651, 40.1770177], [15.1170664, 40.1770198], [15.1170666, 40.1770201], [15.1170669, 40.1770203], [15.1170671, 40.1770204], [15.1170674, 40.1770205], [15.1170677, 40.1770206], [15.117068, 40.1770207], [15.1170683, 40.1770207], [15.1170686, 40.1770207], [15.117069, 40.1770206], [15.1170693, 40.1770205], [15.1170712, 40.1770195], [15.1170714, 40.1770193], [15.1170717, 40.1770191], [15.1170718, 40.1770188], [15.1170726, 40.1770173], [15.1170726, 40.1770173], [15.1170737, 40.1770148], [15.1170738, 40.1770147], [15.1170744, 40.1770129], [15.1170745, 40.1770129], [15.1170745, 40.1770128], [15.1170777, 40.177012], [15.117078, 40.177012], [15.1170806, 40.1770119], [15.1170807, 40.1770119], [15.1170807, 40.1770119], [15.1170826, 40.1770131], [15.1170827, 40.1770131], [15.1170827, 40.1770132], [15.1170835, 40.1770149], [15.1170835, 40.1770149], [15.1170847, 40.1770173], [15.1170847, 40.1770174], [15.1170854, 40.1770195], [15.1170862, 40.1770221], [15.1170862, 40.1770222], [15.1170862, 40.1770242], [15.1170863, 40.1770245], [15.1170868, 40.1770264], [15.1170869, 40.1770268], [15.1170874, 40.1770275], [15.1170876, 40.1770277], [15.1170878, 40.1770279], [15.1170881, 40.177028], [15.1170885, 40.1770282], [15.1170888, 40.1770282], [15.1170891, 40.1770283], [15.1170895, 40.1770283], [15.1170898, 40.1770282], [15.1170913, 40.1770279], [15.1170916, 40.1770278], [15.1170919, 40.1770276], [15.1170921, 40.1770275], [15.1170923, 40.1770273], [15.117093, 40.1770264], [15.1170932, 40.1770261], [15.1170942, 40.1770239], [15.1170942, 40.1770238], [15.1170958, 40.1770215], [15.1170959, 40.1770215], [15.1170974, 40.1770192], [15.1170975, 40.1770189], [15.1170983, 40.1770171], [15.1170983, 40.177017], [15.1170984, 40.1770169], [15.1170998, 40.1770159], [15.1170999, 40.1770158], [15.1171021, 40.1770148], [15.1171022, 40.1770147], [15.1171023, 40.1770147], [15.1171048, 40.1770153], [15.1171049, 40.1770154], [15.1171049, 40.1770154], [15.1171073, 40.1770176], [15.1171074, 40.1770176], [15.1171091, 40.1770195], [15.1171091, 40.1770196], [15.1171101, 40.1770214], [15.1171102, 40.1770215], [15.1171109, 40.1770237], [15.1171109, 40.1770238], [15.1171117, 40.1770257], [15.1171117, 40.1770259], [15.1171117, 40.1770287], [15.1171118, 40.177029], [15.1171119, 40.1770293], [15.117112, 40.1770295], [15.1171123, 40.1770297], [15.1171125, 40.1770299], [15.1171129, 40.17703], [15.117114, 40.1770303], [15.1171143, 40.1770304], [15.1171146, 40.1770304], [15.1171149, 40.1770304], [15.1171187, 40.1770299], [15.1171188, 40.1770299], [15.1171238, 40.1770297], [15.1171238, 40.1770297], [15.1171296, 40.1770297], [15.1171298, 40.1770297], [15.1172363, 40.1770414], [15.1172364, 40.1770414], [15.1173401, 40.177061], [15.1173403, 40.177061], [15.1173993, 40.177067], [15.1174051, 40.1770677], [15.1174052, 40.1770677], [15.1174052, 40.1770677], [15.1174097, 40.1770696], [15.1174098, 40.1770696], [15.1174098, 40.1770697], [15.1174103, 40.1770708], [15.1174103, 40.1770709], [15.1174103, 40.177071], [15.1174104, 40.1770731], [15.1174104, 40.1770732], [15.1174105, 40.1770758], [15.1174105, 40.1770759], [15.1174108, 40.1770786], [15.1174108, 40.1770787], [15.1174106, 40.1770809], [15.1174106, 40.1770809], [15.1174105, 40.1770822], [15.1174106, 40.1770824], [15.1174106, 40.1770827], [15.1174108, 40.1770829], [15.117411, 40.1770831], [15.1174113, 40.1770833], [15.1174116, 40.1770835], [15.117412, 40.1770836], [15.1174123, 40.1770837], [15.1174127, 40.1770837], [15.1174131, 40.1770837], [15.1174161, 40.1770833], [15.1174166, 40.1770832], [15.1174183, 40.1770826], [15.1174186, 40.1770824], [15.1174204, 40.1770814], [15.1174207, 40.1770812], [15.1174209, 40.177081], [15.117421, 40.1770808], [15.1174216, 40.1770796], [15.1174216, 40.1770795], [15.1174217, 40.1770795], [15.1174233, 40.1770782], [15.1174234, 40.1770781], [15.1174235, 40.1770781], [15.1174289, 40.1770773], [15.117429, 40.1770773], [15.1174291, 40.1770773], [15.1174611, 40.1770905], [15.1174613, 40.1770906], [15.1175003, 40.1771022], [15.1175006, 40.1771022], [15.117501, 40.1771022], [15.1175013, 40.1771022], [15.1175016, 40.1771022], [15.1175045, 40.1771014], [15.1175045, 40.1771013], [15.1175083, 40.1771005], [15.1175084, 40.1771005], [15.1175084, 40.1771004], [15.1175171, 40.1771007], [15.1175172, 40.1771007], [15.1175231, 40.1771015], [15.1175232, 40.1771015], [15.1175232, 40.1771016], [15.1175276, 40.1771056], [15.1175278, 40.1771057], [15.117528, 40.1771059], [15.1175283, 40.177106], [15.1175322, 40.1771071], [15.1175325, 40.1771072], [15.1175328, 40.1771072], [15.1175332, 40.1771072], [15.1175427, 40.1771061], [15.1175428, 40.1771061], [15.1175482, 40.1771053], [15.1175483, 40.1771053], [15.1175483, 40.1771053], [15.1175508, 40.177108], [15.1175509, 40.1771081], [15.1175509, 40.1771081], [15.1175489, 40.1771124], [15.1175489, 40.1771124], [15.117547, 40.1771162], [15.1175469, 40.1771164], [15.1175469, 40.1771167], [15.1175469, 40.1771169], [15.1175476, 40.1771197], [15.1175477, 40.1771199], [15.1175479, 40.1771202], [15.1175481, 40.1771204], [15.1175483, 40.1771205], [15.1175512, 40.1771221], [15.1175515, 40.1771223], [15.1175519, 40.1771224], [15.1175542, 40.1771227], [15.1175545, 40.1771228], [15.1175548, 40.1771228], [15.1175552, 40.1771227], [15.1175578, 40.177122], [15.1175581, 40.1771219], [15.1175583, 40.1771218], [15.1175604, 40.1771206], [15.1175606, 40.1771205], [15.1175608, 40.1771203], [15.1175629, 40.1771181], [15.1175631, 40.1771179], [15.1175647, 40.1771153], [15.1175648, 40.1771151], [15.1175658, 40.1771124], [15.1175658, 40.1771124], [15.1175659, 40.1771123], [15.1175693, 40.1771101], [15.1175693, 40.17711], [15.1175694, 40.1771101], [15.1175705, 40.1771106], [15.1175706, 40.1771107], [15.1175707, 40.1771107], [15.1175712, 40.1771118], [15.1175712, 40.1771119], [15.1175712, 40.177112], [15.1175706, 40.1771161], [15.1175706, 40.1771164], [15.1175706, 40.1771167], [15.117571, 40.1771176], [15.1175711, 40.1771179], [15.1175713, 40.1771181], [15.1175715, 40.1771183], [15.1175718, 40.1771185], [15.1175722, 40.1771186], [15.1175725, 40.1771186], [15.1175729, 40.1771186], [15.1175732, 40.1771186], [15.1175736, 40.1771185], [15.117574, 40.1771183], [15.1175744, 40.1771181], [15.1175746, 40.1771179], [15.1175765, 40.1771158], [15.1175767, 40.1771155], [15.1175781, 40.1771124], [15.1175782, 40.1771124], [15.1175782, 40.1771123], [15.1175805, 40.1771111], [15.1175806, 40.1771111], [15.1175807, 40.1771111], [15.1175822, 40.1771128], [15.1175822, 40.1771129], [15.1175823, 40.177113], [15.1175829, 40.1771155], [15.117583, 40.1771157], [15.1175827, 40.1771182], [15.1175827, 40.1771183], [15.1175827, 40.1771184], [15.1175812, 40.1771207], [15.1175812, 40.1771208], [15.1175798, 40.1771234], [15.1175797, 40.1771237], [15.1175796, 40.1771239], [15.1175796, 40.1771242], [15.1175802, 40.1771271], [15.1175803, 40.1771273], [15.1175805, 40.1771275], [15.1175817, 40.1771291], [15.1175819, 40.1771294], [15.1175821, 40.1771296], [15.1175825, 40.1771297], [15.1175828, 40.1771298], [15.1175861, 40.1771304], [15.1175864, 40.1771305], [15.1175867, 40.1771305], [15.1175871, 40.1771304], [15.1175874, 40.1771303], [15.1175911, 40.1771288], [15.1175913, 40.1771287], [15.117595, 40.1771264], [15.1175951, 40.1771264], [15.1175952, 40.1771264], [15.1175996, 40.1771267], [15.1175997, 40.1771268], [15.1175997, 40.1771268], [15.117603, 40.177129], [15.1176031, 40.1771291], [15.1176031, 40.1771292], [15.1176043, 40.1771325], [15.1176044, 40.1771327], [15.1176046, 40.1771374], [15.1176046, 40.1771376], [15.1176047, 40.1771379], [15.1176049, 40.1771381], [15.1176051, 40.1771383], [15.1176061, 40.1771391], [15.1176064, 40.1771393], [15.1176068, 40.1771394], [15.1176072, 40.1771395], [15.1176076, 40.1771395], [15.1176149, 40.177139], [15.1176153, 40.177139], [15.1176157, 40.1771388], [15.1176188, 40.1771375], [15.1176188, 40.1771374], [15.1176229, 40.1771359], [15.1176232, 40.1771358], [15.1176264, 40.1771354], [15.1176265, 40.1771354], [15.1176265, 40.1771354], [15.1176302, 40.177138], [15.1176302, 40.1771381], [15.1176302, 40.1771381], [15.1176311, 40.1771404], [15.1176312, 40.1771405], [15.1176312, 40.1771406], [15.1176307, 40.177144], [15.1176307, 40.177144], [15.1176301, 40.1771473], [15.1176301, 40.1771476], [15.1176302, 40.1771479], [15.1176303, 40.1771481], [15.1176305, 40.1771484], [15.1176308, 40.1771486], [15.1176325, 40.1771497], [15.1176328, 40.1771498], [15.1176331, 40.1771499], [15.1176335, 40.17715], [15.1176338, 40.17715], [15.1176341, 40.1771499], [15.1176345, 40.1771498], [15.1176376, 40.1771486], [15.1176379, 40.1771485], [15.1176381, 40.1771484], [15.11764, 40.1771469], [15.1176402, 40.1771468], [15.1176437, 40.1771437], [15.1176438, 40.1771436], [15.117647, 40.1771399], [15.1176471, 40.1771398], [15.1176518, 40.1771367], [15.1176518, 40.1771367], [15.1176519, 40.1771367], [15.1176555, 40.177138], [15.1176556, 40.1771381], [15.1176556, 40.1771381], [15.1176567, 40.1771404], [15.1176568, 40.1771405], [15.1176568, 40.1771405], [15.117656, 40.1771441], [15.117656, 40.1771442], [15.1176559, 40.1771442], [15.1176538, 40.1771474], [15.1176537, 40.1771477], [15.1176536, 40.177148], [15.1176536, 40.1771482], [15.1176537, 40.1771485], [15.1176538, 40.1771487], [15.117654, 40.177149], [15.1176543, 40.1771491], [15.1176546, 40.1771493], [15.1176549, 40.1771494], [15.117804, 40.1771799], [15.1178041, 40.1771799], [15.1179295, 40.1771997], [15.1179297, 40.1771998], [15.1179907, 40.1772046], [15.1179909, 40.1772047], [15.1180473, 40.1772165], [15.1180476, 40.1772165], [15.1180804, 40.17722], [15.1180805, 40.17722], [15.1180818, 40.1772201], [15.1180823, 40.1772201], [15.1181093, 40.177217], [15.1181097, 40.1772169], [15.1182652, 40.1771704], [15.1182654, 40.1771703], [15.1184181, 40.1771103], [15.1184183, 40.1771102], [15.1185352, 40.1770531], [15.1185353, 40.177053], [15.1186514, 40.1769868], [15.1186516, 40.1769866], [15.1187954, 40.1768624], [15.1187954, 40.1768624], [15.118911, 40.1767566], [15.1189111, 40.1767564], [15.1189999, 40.1766477], [15.1189999, 40.1766477], [15.1191081, 40.1765274], [15.1191946, 40.1764324], [15.1191947, 40.1764323], [15.1192493, 40.1763538], [15.1192493, 40.1763538], [15.1192846, 40.1763013], [15.1192847, 40.1763012], [15.1193086, 40.1762805], [15.1193087, 40.1762804], [15.1193551, 40.1762516], [15.1193552, 40.1762515], [15.1194022, 40.1762164], [15.1194024, 40.1762162], [15.1194026, 40.176216], [15.1194027, 40.1762157], [15.1194027, 40.1762155], [15.1194154, 40.1758506], [15.1194154, 40.1758504], [15.1194153, 40.1758501], [15.119165, 40.1752483], [15.119165, 40.1752483], [15.119165, 40.1752482], [15.1191717, 40.1752449], [15.1191718, 40.1752448], [15.1191842, 40.1752369], [15.1191844, 40.1752367], [15.1191846, 40.1752365], [15.1191848, 40.1752362], [15.1191907, 40.1752194], [15.1191907, 40.1752192], [15.1191907, 40.1752189], [15.1191906, 40.1752186], [15.1191817, 40.1752016], [15.1191816, 40.1752013], [15.1191813, 40.1752011], [15.119181, 40.1752009], [15.1191312, 40.175176], [15.119131, 40.1751759], [15.1191171, 40.1751658], [15.1191153, 40.1751645], [15.1191152, 40.1751645], [15.119097, 40.1751458], [15.1190968, 40.1751456], [15.1190965, 40.1751455], [15.1190557, 40.1751259], [15.1190556, 40.1751258], [15.1190556, 40.1751258], [15.1190359, 40.1751071], [15.1190359, 40.175107], [15.1190358, 40.175107], [15.1190187, 40.1750742], [15.1190187, 40.1750741], [15.1190124, 40.1750439], [15.1190124, 40.1750438], [15.1190161, 40.1750129], [15.1190161, 40.1750126], [15.119016, 40.1750123], [15.1190077, 40.1749929], [15.1190077, 40.1749929], [15.1189959, 40.1749664], [15.1189959, 40.1749663], [15.11899, 40.1749485], [15.1189899, 40.1749482], [15.118976, 40.1749288], [15.118976, 40.1749287], [15.1189612, 40.1749116], [15.1189612, 40.1749115], [15.1189612, 40.1749115], [15.1189619, 40.1748996], [15.1189619, 40.1748995], [15.1189619, 40.1748995], [15.1189742, 40.1748865], [15.1189742, 40.1748865], [15.1189743, 40.1748864], [15.1189932, 40.1748764], [15.1189933, 40.1748763], [15.1190237, 40.17486], [15.1190237, 40.1748599], [15.1190493, 40.1748486], [15.1190494, 40.1748486], [15.1190495, 40.1748486], [15.1190731, 40.1748461], [15.1190732, 40.1748461], [15.1190733, 40.1748461], [15.1191021, 40.1748538], [15.1191021, 40.1748539], [15.1191265, 40.1748619], [15.1191265, 40.1748619], [15.1191551, 40.1748713], [15.1191552, 40.1748714], [15.1191783, 40.1748816], [15.1191784, 40.1748816], [15.1192148, 40.1748954], [15.1192151, 40.1748955], [15.1192153, 40.1748956], [15.1192647, 40.1749014], [15.1192648, 40.1749014], [15.1192894, 40.1749072], [15.1192895, 40.1749072], [15.1192896, 40.1749072], [15.1193019, 40.1749171], [15.1193019, 40.1749172], [15.1193019, 40.1749172], [15.1193046, 40.1749271], [15.1193046, 40.1749271], [15.1193085, 40.1749487], [15.1193086, 40.174949], [15.1193237, 40.174975], [15.1193237, 40.174975], [15.1193568, 40.1750299], [15.119357, 40.1750302], [15.1193573, 40.1750304], [15.1194276, 40.1750743], [15.1194277, 40.1750744], [15.1194277, 40.1750744], [15.119441, 40.1750912], [15.1194411, 40.1750912], [15.1194498, 40.1751044], [15.1194499, 40.1751046], [15.1194501, 40.1751048], [15.1194737, 40.1751224], [15.1194737, 40.1751224], [15.1195158, 40.175151], [15.1195161, 40.1751512], [15.1195666, 40.1751736], [15.1195667, 40.1751737], [15.1196129, 40.1751917], [15.119613, 40.1751918], [15.1196454, 40.1752075], [15.1196456, 40.1752075], [15.1196694, 40.1752243], [15.1196695, 40.1752244], [15.1197098, 40.175249], [15.11971, 40.1752491], [15.1197688, 40.1752734], [15.119769, 40.1752735], [15.1197693, 40.1752736], [15.1197696, 40.1752736], [15.1197909, 40.1752736], [15.1197909, 40.1752736], [15.1198116, 40.1752743], [15.1198116, 40.1752743], [15.1198117, 40.1752744], [15.1198208, 40.1752901], [15.1198209, 40.1752901], [15.1198209, 40.1752902], [15.1198222, 40.1752988], [15.1198223, 40.1752991], [15.1198225, 40.1752994], [15.1198227, 40.1752996], [15.119823, 40.1752998], [15.1198336, 40.1753055], [15.1198339, 40.1753056], [15.1198342, 40.1753057], [15.1198346, 40.1753057], [15.1198349, 40.1753057], [15.1198514, 40.1753039], [15.1198517, 40.1753038], [15.119852, 40.1753037], [15.1198688, 40.1752966], [15.1198689, 40.1752966], [15.119869, 40.1752966], [15.1199932, 40.1753158], [15.1199932, 40.1753158], [15.1199933, 40.1753159], [15.1199987, 40.1753346], [15.1200185, 40.1754033], [15.1200185, 40.1754033], [15.1200184, 40.1754034], [15.1199916, 40.1754306], [15.1199916, 40.1754307], [15.1195188, 40.1758757], [15.1195185, 40.1758759], [15.1195184, 40.1758762], [15.1195184, 40.1758765], [15.1195019, 40.1762922], [15.1195019, 40.1762925], [15.119502, 40.1762928], [15.1195022, 40.176293], [15.1195024, 40.1762932], [15.1195026, 40.1762934], [15.1195029, 40.1762935], [15.1195033, 40.1762936], [15.1195036, 40.1762936], [15.1196623, 40.176297], [15.1196624, 40.1762971], [15.1196625, 40.1762971], [15.1202731, 40.1765141], [15.1202734, 40.1765142], [15.1202738, 40.1765143], [15.1202741, 40.1765143], [15.1202744, 40.1765142], [15.1211263, 40.1763246], [15.1211264, 40.1763246], [15.1211265, 40.1763246], [15.1211301, 40.1763255], [15.1211304, 40.1763255], [15.1211308, 40.1763255], [15.1211312, 40.1763255], [15.1211315, 40.1763253], [15.1211318, 40.1763252], [15.1211355, 40.1763226], [15.1211357, 40.1763224], [15.1211359, 40.1763221], [15.1213637, 40.1758793], [15.1213638, 40.175879], [15.1213638, 40.1758787], [15.1213637, 40.1758784], [15.1213018, 40.1757085], [15.1213018, 40.1757084], [15.1213019, 40.1757084], [15.121324, 40.1757026], [15.121324, 40.1757026], [15.1214455, 40.1756725], [15.1214458, 40.1756724], [15.1214461, 40.1756723], [15.1214464, 40.1756721], [15.1214466, 40.1756719], [15.1214467, 40.1756716], [15.1214468, 40.1756714], [15.1214468, 40.1756711], [15.1214467, 40.1756709], [15.1211102, 40.1747315], [15.1211101, 40.1747312], [15.1211099, 40.174731], [15.1211097, 40.1747308], [15.1211094, 40.1747307], [15.1211091, 40.1747305], [15.1200991, 40.1744141], [15.1200991, 40.1744141], [15.1200501, 40.1744003], [15.1200498, 40.1744003], [15.1200495, 40.1744003], [15.1200491, 40.1744003], [15.1193443, 40.1745225], [15.1184809, 40.1746713], [15.11806, 40.1747431], [15.1180599, 40.1747431], [15.1180599, 40.1747431], [15.1180328, 40.1746344], [15.1180328, 40.1746344], [15.1180311, 40.1746261], [15.1180311, 40.174626], [15.1180312, 40.174626], [15.1180314, 40.174626], [15.1180314, 40.174626], [15.1191519, 40.1744335], [15.1200885, 40.1742735], [15.1200886, 40.1742735], [15.1200886, 40.1742735], [15.1203735, 40.1743523], [15.1203739, 40.1743524], [15.1203743, 40.1743524], [15.1203746, 40.1743523], [15.1203749, 40.1743522], [15.1203753, 40.1743521], [15.1208881, 40.1740517], [15.1208882, 40.1740516], [15.1208883, 40.1740516], [15.1209783, 40.1740768], [15.1209783, 40.1740769], [15.1209784, 40.1740769], [15.120998, 40.1741327], [15.120998, 40.1741327], [15.1210691, 40.1743286], [15.1211812, 40.1746391], [15.1214432, 40.1753692], [15.1214433, 40.1753695], [15.1214435, 40.1753698], [15.1214438, 40.17537], [15.1214759, 40.1753895], [15.1214761, 40.1753895], [15.1215221, 40.1754131], [15.1215221, 40.1754132], [15.121566, 40.1754331], [15.1215661, 40.1754332], [15.1216187, 40.1754545], [15.1216191, 40.1754546], [15.1216841, 40.1754664], [15.1216843, 40.1754664], [15.1218139, 40.1754776], [15.1218142, 40.1754776], [15.1219091, 40.1754742], [15.1219092, 40.1754742], [15.122005, 40.1754776], [15.1220051, 40.1754776], [15.1220919, 40.1754852], [15.1220922, 40.1754852], [15.1221954, 40.1754812], [15.1221955, 40.1754812], [15.1221955, 40.1754812], [15.1222045, 40.175489], [15.1222048, 40.1754892], [15.122205, 40.1754893], [15.1222053, 40.1754894], [15.1222056, 40.1754895], [15.1222401, 40.1754935], [15.1222405, 40.1754935], [15.1223114, 40.1754916], [15.1223116, 40.1754916], [15.1224049, 40.1755035], [15.1224049, 40.1755035], [15.1225155, 40.1755165], [15.1225159, 40.1755165], [15.1226735, 40.1755143], [15.1226738, 40.1755142], [15.1228629, 40.1754896], [15.1228632, 40.1754895], [15.1230719, 40.1754385], [15.123072, 40.1754385], [15.1232931, 40.1753741], [15.1232932, 40.1753741], [15.123434, 40.1753308], [15.1234342, 40.1753308], [15.1235597, 40.1752778], [15.1235598, 40.1752778], [15.1236541, 40.1752319], [15.1236542, 40.1752319], [15.1237575, 40.1751732], [15.1237577, 40.175173], [15.1239342, 40.175043], [15.1239343, 40.175043], [15.1240464, 40.1749744], [15.1240465, 40.1749743], [15.1240465, 40.1749743], [15.1241248, 40.1749711], [15.1241251, 40.174971], [15.1241755, 40.1749609], [15.1242106, 40.1749539], [15.1242107, 40.1749539], [15.1243599, 40.174915], [15.12436, 40.174915], [15.1243829, 40.1749116], [15.124383, 40.1749116], [15.124469, 40.1749077], [15.1244691, 40.1749077], [15.1245912, 40.1749004], [15.1245912, 40.1749004], [15.1246843, 40.1748964], [15.1246846, 40.1748964], [15.1248025, 40.1748755], [15.1248025, 40.1748755], [15.1248455, 40.174869], [15.1248457, 40.1748689], [15.1249007, 40.174854], [15.124901, 40.1748539], [15.1249757, 40.1748222], [15.1249758, 40.1748222], [15.1250642, 40.1747787], [15.1250643, 40.1747786], [15.1251466, 40.1747292], [15.1251467, 40.1747291], [15.1252518, 40.1746516], [15.1252519, 40.1746515], [15.1254244, 40.1745107], [15.1254244, 40.1745107], [15.125551, 40.1744173], [15.1255511, 40.1744173], [15.1255876, 40.1743964], [15.1256417, 40.1743656], [15.1256417, 40.1743656], [15.1256729, 40.1743506], [15.125673, 40.1743506], [15.125673, 40.1743506], [15.1256996, 40.1743503], [15.1256998, 40.1743503], [15.1257281, 40.1743538], [15.1257283, 40.1743538], [15.1257286, 40.1743538], [15.1257524, 40.1743512], [15.1257527, 40.1743511], [15.1257847, 40.1743426], [15.1257849, 40.1743426], [15.1258315, 40.1743261], [15.1258316, 40.1743261], [15.1259368, 40.1743015], [15.125937, 40.1743015], [15.1260045, 40.174293], [15.1260045, 40.174293], [15.1260862, 40.1742866], [15.1260862, 40.1742866], [15.1261632, 40.1742799], [15.1261634, 40.1742799], [15.1262456, 40.1742666], [15.1262457, 40.1742666], [15.12633, 40.1742489], [15.1263301, 40.1742488], [15.1264175, 40.1742286], [15.1264176, 40.1742285], [15.1264974, 40.1742071], [15.1264976, 40.1742071], [15.126565, 40.1741811], [15.1266782, 40.1741386], [15.1266784, 40.1741386], [15.1267295, 40.1741134], [15.1267296, 40.1741134], [15.1267909, 40.1740873], [15.1267911, 40.1740872], [15.12686, 40.1740475], [15.12686, 40.1740474], [15.1269457, 40.1740094], [15.1269458, 40.1740094], [15.1269924, 40.1739932], [15.1269926, 40.1739931], [15.1270385, 40.1739722], [15.1270385, 40.1739721], [15.1270849, 40.1739521], [15.1270849, 40.1739521], [15.1271218, 40.1739349], [15.1272198, 40.1738893], [15.1272198, 40.1738893], [15.1273205, 40.173848], [15.1273208, 40.1738479], [15.1273745, 40.1738167], [15.1273746, 40.1738167], [15.1273747, 40.1738167], [15.1274004, 40.1738096], [15.1274004, 40.1738096], [15.1274005, 40.1738096], [15.1274203, 40.173814], [15.1274207, 40.1738141], [15.127421, 40.1738141], [15.1274214, 40.173814], [15.1274217, 40.1738139], [15.127422, 40.1738138], [15.1274638, 40.173787], [15.1274638, 40.173787], [15.1275087, 40.1737582], [15.1275089, 40.173758], [15.1275091, 40.1737578], [15.1275092, 40.1737575], [15.1275093, 40.1737573], [15.1275093, 40.173757], [15.1275082, 40.1737434], [15.1275082, 40.1737434], [15.1275083, 40.1737433], [15.1275286, 40.1737273], [15.1275286, 40.1737273], [15.1275287, 40.1737273], [15.127564, 40.1737151], [15.1275643, 40.1737149], [15.1275646, 40.1737148], [15.1277019, 40.1736093], [15.127702, 40.1736092], [15.1277874, 40.1735374], [15.1278639, 40.1734736], [15.1278641, 40.1734734], [15.1279155, 40.1734111], [15.1279157, 40.1734108], [15.1279501, 40.1733334], [15.1279501, 40.1733332], [15.1279705, 40.1732625], [15.1279705, 40.1732622], [15.1279736, 40.1731982], [15.1279735, 40.1731979], [15.1279735, 40.1731976], [15.1279515, 40.1731504], [15.1279515, 40.1731502], [15.1279265, 40.1731097], [15.1279265, 40.1731095], [15.1279218, 40.1730918], [15.1279218, 40.1730917], [15.1279219, 40.1730917], [15.1279521, 40.1730979], [15.1279523, 40.1730979], [15.1279923, 40.1731129], [15.1279925, 40.173113], [15.1280309, 40.1731222], [15.1280309, 40.1731222], [15.1280997, 40.1731424], [15.1280997, 40.1731424], [15.12818, 40.1731639], [15.1281803, 40.1731639], [15.1282513, 40.1731737], [15.1282514, 40.1731737], [15.1283592, 40.173183], [15.1283594, 40.173183], [15.1284767, 40.1731813], [15.1284769, 40.1731812], [15.1285388, 40.1731738], [15.1285716, 40.1731699], [15.1285717, 40.1731699], [15.1286756, 40.1731507], [15.1286759, 40.1731506], [15.1288045, 40.1731075], [15.1288047, 40.1731075], [15.1289289, 40.1730531], [15.128942, 40.1730474], [15.1289422, 40.1730472], [15.1290684, 40.1729658], [15.1290685, 40.1729657], [15.1292115, 40.1728634], [15.1292116, 40.1728634], [15.1293217, 40.172782], [15.1293217, 40.172782], [15.1294251, 40.1727129], [15.1294251, 40.1727129], [15.129516, 40.172649], [15.129516, 40.1726489], [15.1296154, 40.1725907], [15.1296154, 40.1725906], [15.1297032, 40.1725447], [15.1297032, 40.1725447], [15.1298068, 40.1724977], [15.129807, 40.1724976], [15.1298633, 40.172462], [15.1298636, 40.1724617], [15.1299003, 40.1724222], [15.1299005, 40.1724219], [15.1299155, 40.1723931], [15.1299232, 40.1723782], [15.1299233, 40.172378], [15.1299506, 40.1723511], [15.1299506, 40.172351], [15.1299507, 40.172351], [15.1299904, 40.1723429], [15.1299905, 40.1723429], [15.1299906, 40.1723429], [15.1300024, 40.1723438], [15.1300342, 40.1723463], [15.1300347, 40.1723463], [15.1300787, 40.1723406], [15.1300791, 40.1723405], [15.1301127, 40.1723308], [15.1301128, 40.1723308], [15.1302311, 40.1722909], [15.1302311, 40.1722909], [15.13036, 40.1722424], [15.1303602, 40.1722423], [15.1305076, 40.1721696], [15.1305077, 40.1721695], [15.1306395, 40.1720982], [15.1306396, 40.1720982], [15.1307878, 40.1720149], [15.1307878, 40.1720149], [15.1309169, 40.171941], [15.1309171, 40.1719409], [15.1310217, 40.1719044], [15.1310219, 40.1719044], [15.1311596, 40.1718439], [15.1311596, 40.1718439], [15.1313469, 40.1717568], [15.1313469, 40.1717568], [15.1314601, 40.171708], [15.1314602, 40.171708], [15.1315096, 40.1716928], [15.1315097, 40.1716928], [15.1315619, 40.1716741], [15.131562, 40.1716741], [15.131562, 40.1716741], [15.1313907, 40.1717805], [15.1313907, 40.1717805], [15.13119, 40.1719063], [15.1311897, 40.1719065], [15.1311895, 40.1719067], [15.1311894, 40.171907], [15.1311893, 40.1719072], [15.1311893, 40.1719075], [15.1311894, 40.1719078], [15.1311895, 40.171908], [15.1311897, 40.1719082], [15.1311898, 40.1719083], [15.1313189, 40.1720258], [15.1313192, 40.172026], [15.1313194, 40.1720261], [15.1313198, 40.1720262], [15.1313201, 40.1720263], [15.1313205, 40.1720263], [15.1313208, 40.1720262], [15.1313211, 40.1720261], [15.1313214, 40.172026], [15.1313278, 40.172022], [15.1313281, 40.1720218], [15.1313283, 40.1720216], [15.1313284, 40.1720213], [15.1313285, 40.1720211], [15.1313285, 40.1720208], [15.1313284, 40.1720205], [15.1313283, 40.1720203], [15.1313281, 40.17202], [15.1312029, 40.1719062], [15.1312028, 40.1719061], [15.1312029, 40.1719061], [15.1314049, 40.1717794], [15.1316396, 40.1716336], [15.1316396, 40.1716336], [15.1318527, 40.1714968], [15.1318528, 40.1714967], [15.1318529, 40.1714968], [15.1319059, 40.1715501], [15.1319061, 40.1715503], [15.1319064, 40.1715504], [15.1319067, 40.1715505], [15.1319071, 40.1715506], [15.1319074, 40.1715506], [15.1319077, 40.1715506], [15.1319081, 40.1715505], [15.1319283, 40.1715433], [15.1319637, 40.1715306], [15.1319638, 40.1715306], [15.1320033, 40.1715131], [15.1322227, 40.1714162], [15.1324613, 40.1713107], [15.1324616, 40.1713105], [15.1327316, 40.1711335], [15.1327316, 40.1711334], [15.1329331, 40.1709963], [15.1329333, 40.1709962], [15.1331534, 40.1708151], [15.1332784, 40.1707136], [15.1332784, 40.1707136], [15.1333086, 40.1706908], [15.1333346, 40.1706713], [15.1333346, 40.1706712], [15.1333765, 40.1706442], [15.1333863, 40.1706378], [15.1333864, 40.1706377], [15.1334722, 40.1705661], [15.1334724, 40.1705659], [15.1335226, 40.1705037], [15.1335226, 40.1705037], [15.1335246, 40.1705011], [15.1335246, 40.1705011], [15.133571, 40.1704417], [15.1335712, 40.1704415], [15.1335713, 40.1704413], [15.1335713, 40.170441], [15.1335713, 40.1704408], [15.1335712, 40.1704405], [15.133571, 40.1704403], [15.1335708, 40.1704401], [15.133545, 40.1704191], [15.1335449, 40.1704191], [15.1335324, 40.1704079], [15.1335323, 40.1704079], [15.1334909, 40.1703653], [15.1334908, 40.1703652], [15.1334909, 40.1703652], [15.1335593, 40.1703159], [15.1335877, 40.1702954], [15.1335877, 40.1702954], [15.1335894, 40.1702941], [15.1335895, 40.170294], [15.1335895, 40.170294], [15.1335999, 40.170295], [15.1336, 40.170295], [15.1336001, 40.170295], [15.1336037, 40.1702966], [15.1336038, 40.1702966], [15.1336038, 40.1702967], [15.1336277, 40.1703192], [15.1336278, 40.1703192], [15.1336985, 40.170404], [15.1336987, 40.1704042], [15.1336989, 40.1704044], [15.1336992, 40.1704045], [15.1336996, 40.1704046], [15.1336999, 40.1704047], [15.1337002, 40.1704046], [15.1337006, 40.1704046], [15.1337009, 40.1704045], [15.1337012, 40.1704043], [15.1339707, 40.1702224], [15.1339708, 40.1702223], [15.1348024, 40.1696413], [15.1348024, 40.1696412], [15.1348025, 40.1696413], [15.1348148, 40.1696509], [15.1348151, 40.1696511], [15.1348154, 40.1696512], [15.1348157, 40.1696513], [15.134816, 40.1696513], [15.1348164, 40.1696513], [15.1348167, 40.1696512], [15.134817, 40.1696511], [15.1348173, 40.169651], [15.1348269, 40.1696445], [15.1348269, 40.1696445], [15.134827, 40.1696445], [15.1348322, 40.1696488], [15.1348324, 40.169649], [15.1348328, 40.1696491], [15.1348331, 40.1696492], [15.1348335, 40.1696492], [15.1348339, 40.1696492], [15.1348342, 40.1696491], [15.1348345, 40.169649], [15.134929, 40.1695978], [15.1349293, 40.1695976], [15.1350646, 40.1694854], [15.1350647, 40.1694853], [15.1351049, 40.1694455], [15.1351172, 40.1694333], [15.1351173, 40.1694332], [15.1351654, 40.1694006], [15.1352055, 40.1693733], [15.1352056, 40.1693733], [15.1352996, 40.1693021], [15.1352998, 40.169302], [15.1353, 40.1693018], [15.1353014, 40.1692996], [15.1353014, 40.1692996], [15.1353151, 40.1692786], [15.1353151, 40.1692785], [15.1353152, 40.1692785], [15.1353701, 40.1693233], [15.1353704, 40.1693234], [15.1353707, 40.1693236], [15.135371, 40.1693236], [15.1353714, 40.1693237], [15.1353717, 40.1693237], [15.1353721, 40.1693236], [15.1353724, 40.1693235], [15.1353727, 40.1693233], [15.1353729, 40.1693231], [15.1353731, 40.1693229], [15.1353732, 40.1693226], [15.1353732, 40.1693224], [15.1353736, 40.1693169], [15.1353736, 40.1693166], [15.1353735, 40.1693164], [15.1353733, 40.1693161], [15.1353731, 40.1693159], [15.1351776, 40.1691578], [15.1351773, 40.1691576], [15.135177, 40.1691575], [15.1351767, 40.1691574], [15.1349317, 40.1691085], [15.1349316, 40.1691085], [15.1349316, 40.1691084], [15.1349097, 40.1690442], [15.1349096, 40.1690439], [15.1349094, 40.1690437], [15.1349091, 40.1690435], [15.1349088, 40.1690433], [15.1349085, 40.1690432], [15.1349081, 40.1690432], [15.1349078, 40.1690432], [15.1349074, 40.1690432], [15.1349071, 40.1690433], [15.1349068, 40.1690435], [15.1349065, 40.1690437], [15.1345257, 40.1694123], [15.1345257, 40.1694123], [15.1341154, 40.1698125], [15.1341153, 40.1698126], [15.1336906, 40.1701422], [15.1336906, 40.1701423], [15.1335999, 40.1702095], [15.1335998, 40.1702096], [15.1335554, 40.1702479], [15.1335553, 40.1702479], [15.1332463, 40.1704875], [15.1332463, 40.1704876], [15.1332462, 40.1704875], [15.1326548, 40.1698747], [15.1326547, 40.1698746], [15.1326548, 40.1698746], [15.1330312, 40.1695841], [15.1330312, 40.1695841], [15.1354947, 40.167819], [15.1354948, 40.167819], [15.1361797, 40.1673596], [15.1362952, 40.1672821], [15.1362954, 40.167282], [15.1370561, 40.1666171], [15.1372905, 40.1664122], [15.1372906, 40.1664122], [15.1386961, 40.1652684], [15.1396683, 40.1644772], [15.1396683, 40.1644772], [15.1401, 40.1640945], [15.1401, 40.1640945], [15.140742, 40.163521], [15.1407422, 40.1635207], [15.1410179, 40.163124], [15.141018, 40.1631238], [15.1413987, 40.1627604], [15.1413988, 40.1627603], [15.141811, 40.162492], [15.1418111, 40.1624919], [15.1426354, 40.1618491], [15.1426355, 40.1618491], [15.143624, 40.1609719], [15.143624, 40.1609719], [15.1456974, 40.1591912], [14.911748, 39.9989392]]], [[[15.0944234, 40.1735515], [15.0944254, 40.1735544], [15.094472, 40.173623], [15.0945074, 40.1736727], [15.0945079, 40.1736733], [15.0945092, 40.1736753], [15.0945167, 40.1736858], [15.0944721, 40.173623], [15.0944721, 40.173623], [15.0944125, 40.1735354], [15.0944234, 40.1735515]]], [[[15.094531, 40.173706], [15.0945311, 40.1737061], [15.0945312, 40.1737062], [15.0945357, 40.1737128], [15.0945886, 40.1737905], [15.0946189, 40.1738325], [15.0946252, 40.1738415], [15.0946347, 40.173855], [15.0946486, 40.1738753], [15.0946553, 40.1738923], [15.0946612, 40.1739018], [15.0946756, 40.1739246], [15.0946973, 40.1739558], [15.094717, 40.1739819], [15.0946974, 40.1739558], [15.0946973, 40.1739558], [15.0946756, 40.1739246], [15.0946756, 40.1739246], [15.0946614, 40.1739017], [15.0946613, 40.1739017], [15.0946555, 40.1738923], [15.0946554, 40.1738922], [15.0946488, 40.1738754], [15.0946487, 40.1738752], [15.0946347, 40.173855], [15.0946347, 40.173855], [15.0946253, 40.1738415], [15.0946253, 40.1738415], [15.094619, 40.1738325], [15.094619, 40.1738325], [15.0945887, 40.1737906], [15.0945887, 40.1737906], [15.0945359, 40.1737128], [15.0945359, 40.1737128], [15.0945303, 40.1737049], [15.094531, 40.173706]]], [[[15.0947752, 40.1740564], [15.0947766, 40.174058], [15.0947781, 40.1740597], [15.0948035, 40.1740886], [15.0947821, 40.174101], [15.0947909, 40.1741099], [15.0948599, 40.1741808], [15.0948676, 40.1741883], [15.0948637, 40.1741917], [15.094808, 40.1742107], [15.0947891, 40.1742158], [15.0947249, 40.1742219], [15.0947249, 40.1742302], [15.0946999, 40.1742378], [15.094695, 40.1742284], [15.0946297, 40.174234], [15.0944802, 40.1742534], [15.0944844, 40.174288], [15.0944947, 40.1743786], [15.0943995, 40.1743897], [15.0944001, 40.1748657], [15.0949154, 40.1748653], [15.0949154, 40.1748652], [15.0948939, 40.1748163], [15.0948939, 40.1748163], [15.0948938, 40.1748162], [15.0948938, 40.1746046], [15.0948938, 40.1746046], [15.0948938, 40.1746045], [15.0949704, 40.174504], [15.0949706, 40.1745037], [15.0949706, 40.1745034], [15.0949706, 40.1745031], [15.0949705, 40.1745028], [15.0948911, 40.1743377], [15.0948911, 40.1743376], [15.0948846, 40.1743262], [15.0948846, 40.1743261], [15.0948846, 40.174326], [15.094885, 40.1743246], [15.0949139, 40.1742214], [15.0949139, 40.1742211], [15.0949139, 40.1742209], [15.0949138, 40.1742206], [15.0949137, 40.1742204], [15.0948274, 40.1741125], [15.0948273, 40.1741124], [15.0948093, 40.1740949], [15.0948092, 40.1740949], [15.0948036, 40.1740886], [15.0947716, 40.1740524], [15.0947752, 40.1740564]]], [[[15.0951077, 40.1748651], [15.0959689, 40.1745928], [15.0959692, 40.1745926], [15.0959695, 40.1745925], [15.0959697, 40.1745923], [15.0959699, 40.174592], [15.09597, 40.1745917], [15.09597, 40.1745915], [15.0959699, 40.1745912], [15.0959698, 40.1745909], [15.0959261, 40.1745172], [15.0959261, 40.1745171], [15.0958869, 40.1744282], [15.0958868, 40.174428], [15.0958866, 40.1744278], [15.0958864, 40.1744276], [15.0958861, 40.1744275], [15.0958438, 40.1744105], [15.0958435, 40.1744104], [15.0958431, 40.1744104], [15.0958428, 40.1744104], [15.0958424, 40.1744104], [15.0958421, 40.1744105], [15.0958418, 40.1744107], [15.0958416, 40.1744109], [15.0958414, 40.1744111], [15.0958412, 40.1744114], [15.0958412, 40.1744116], [15.0958412, 40.1744119], [15.0958413, 40.1744122], [15.0958677, 40.1744713], [15.0958678, 40.1744714], [15.0959126, 40.1745463], [15.0959126, 40.1745463], [15.0959125, 40.1745464], [15.0949155, 40.1748653], [15.0949155, 40.1748653], [15.0951077, 40.1748651]]], [[[15.1457872, 40.1742458], [15.1457737, 40.1678747], [15.1456003, 40.1678943], [15.1456002, 40.1678943], [15.1454981, 40.1679113], [15.1454977, 40.1679114], [15.1454974, 40.1679115], [15.1454971, 40.1679117], [15.1451498, 40.1682072], [15.1451498, 40.1682073], [15.1449096, 40.1684457], [15.1449095, 40.1684457], [15.1448873, 40.1684698], [15.1448872, 40.1684699], [15.1446485, 40.1687035], [15.1446485, 40.1687035], [15.144588, 40.1687605], [15.1443735, 40.1689615], [15.1443734, 40.1689615], [15.1443733, 40.1689616], [15.1439443, 40.1690885], [15.1439442, 40.1690886], [15.1436304, 40.1691591], [15.1436302, 40.1691591], [15.1434527, 40.169171], [15.1434525, 40.169171], [15.1433314, 40.1691884], [15.1433313, 40.1691884], [15.1433313, 40.1691883], [15.1431055, 40.1691031], [15.1431054, 40.169103], [15.1431053, 40.169103], [15.1429355, 40.1689626], [15.1429355, 40.1689626], [15.1427773, 40.1688021], [15.1427771, 40.1688019], [15.1426312, 40.168703], [15.1426311, 40.1687029], [15.142571, 40.1686446], [15.1425707, 40.1686444], [15.1422697, 40.1684629], [15.1422695, 40.1684628], [15.1420358, 40.1683594], [15.1420355, 40.1683593], [15.1420352, 40.1683593], [15.1420348, 40.1683593], [15.1420345, 40.1683593], [15.1420342, 40.1683594], [15.1420339, 40.1683595], [15.1418085, 40.1684838], [15.1418085, 40.1684838], [15.1415909, 40.1685968], [15.1415909, 40.1685968], [15.1415908, 40.1685968], [15.1414533, 40.1685612], [15.1414529, 40.1685611], [15.1414525, 40.1685611], [15.1414522, 40.1685612], [15.1414518, 40.1685613], [15.1414515, 40.1685615], [15.1414513, 40.1685617], [15.1414511, 40.1685619], [15.1414509, 40.1685622], [15.1414508, 40.1685624], [15.1414508, 40.1685625], [15.1414507, 40.1685625], [15.1412289, 40.1685262], [15.1412285, 40.1685261], [15.1412282, 40.1685262], [15.1412278, 40.1685262], [15.1412275, 40.1685264], [15.1412272, 40.1685266], [15.141227, 40.1685268], [15.1412268, 40.168527], [15.14084, 40.1692961], [15.14084, 40.1692961], [15.1406641, 40.169675], [15.140664, 40.1696752], [15.1402348, 40.1715407], [15.1402348, 40.1715408], [15.1401695, 40.1720594], [15.1401695, 40.1720595], [15.1401753, 40.1724952], [15.1401753, 40.1724954], [15.1401754, 40.1724957], [15.1401756, 40.1724959], [15.1401758, 40.1724961], [15.140176, 40.1724963], [15.1401763, 40.1724964], [15.1401766, 40.1724965], [15.140177, 40.1724965], [15.1401773, 40.1724965], [15.1401777, 40.1724965], [15.1401877, 40.1724937], [15.1401878, 40.1724937], [15.1401878, 40.1724938], [15.1401876, 40.1726022], [15.1401876, 40.1726023], [15.1402034, 40.1735511], [15.1402083, 40.1738414], [15.1402083, 40.1738416], [15.1403173, 40.1742525], [15.1457872, 40.1742458]]], [[[15.1467042, 40.1599562], [15.1467041, 40.1599562], [15.1464511, 40.1603099], [15.146451, 40.1603102], [15.1464509, 40.1603104], [15.1464509, 40.1603107], [15.146451, 40.160311], [15.1464511, 40.1603112], [15.1464513, 40.1603115], [15.1464706, 40.1603286], [15.1464706, 40.1603286], [15.1464706, 40.1603287], [15.1461784, 40.1606089], [15.1461782, 40.1606092], [15.1461781, 40.1606094], [15.146178, 40.1606097], [15.146178, 40.1606099], [15.1461781, 40.1606102], [15.1461782, 40.1606105], [15.1461784, 40.1606107], [15.1461787, 40.1606109], [15.146179, 40.160611], [15.1461793, 40.1606111], [15.1461796, 40.1606112], [15.14618, 40.1606112], [15.1461803, 40.1606111], [15.1461806, 40.160611], [15.1461809, 40.1606108], [15.1461812, 40.1606106], [15.1464825, 40.1603244], [15.1464827, 40.1603242], [15.1464828, 40.1603239], [15.1464829, 40.1603236], [15.1464829, 40.1603234], [15.1464828, 40.1603231], [15.1464827, 40.1603229], [15.1464825, 40.1603226], [15.1464634, 40.1603056], [15.1464634, 40.1603055], [15.1464634, 40.1603055], [15.1467042, 40.1599733], [15.1467042, 40.1599562]]]]}, "properties": {"amministra": 1199, "amministr0": "Comune di Casal Velino", "tipo": "M"}}, {"type": "Feature", "geometry": {"type": "MultiPolygon", "coordinates": [[[[15.0999842, 40.1993322], [15.0999312, 40.1993027], [15.0999312, 40.1993027], [15.0998119, 40.1992353], [15.0998116, 40.1992351], [15.0997993, 40.1992256], [15.0997993, 40.1992256], [15.099675, 40.1991371], [15.099675, 40.1991371], [15.0995676, 40.1990622], [15.0995675, 40.1990622], [15.0994053, 40.1989473], [15.0994053, 40.1989473], [15.0992763, 40.198861], [15.0992763, 40.198861], [15.0992216, 40.1988232], [15.0992215, 40.1988232], [15.0992214, 40.1988231], [15.0990706, 40.198779], [15.0990706, 40.198779], [15.0989629, 40.198747], [15.0989629, 40.198747], [15.0989628, 40.198747], [15.0989229, 40.1988567], [15.0989229, 40.1988567], [15.098881, 40.1989709], [15.098881, 40.198971], [15.0988657, 40.1990612], [15.0988657, 40.1990613], [15.0987951, 40.1995468], [15.098795, 40.1995471], [15.0987949, 40.1995473], [15.0987947, 40.1995475], [15.0986351, 40.1996957], [15.0986351, 40.1996957], [15.0984328, 40.1998786], [15.0984328, 40.1998786], [15.0983499, 40.1999521], [15.0983499, 40.1999521], [15.0982132, 40.2000779], [15.098213, 40.200078], [15.0981705, 40.2001084], [15.0981704, 40.2001085], [15.0980576, 40.2001789], [15.0980576, 40.200179], [15.097942, 40.2002626], [15.0979419, 40.2002626], [15.0978644, 40.2003215], [15.0978644, 40.2003216], [15.097781, 40.2003947], [15.097781, 40.2003947], [15.0977435, 40.2004324], [15.0977364, 40.2004395], [15.0977364, 40.2004395], [15.0976962, 40.200481], [15.097696, 40.2004811], [15.0976607, 40.2005112], [15.0976605, 40.2005114], [15.0972836, 40.2007431], [15.0970941, 40.2008611], [15.0970937, 40.2008613], [15.0970934, 40.2008614], [15.0966077, 40.2009526], [15.0964267, 40.2009867], [15.0964266, 40.2009867], [15.0964265, 40.2009867], [15.0964137, 40.2009945], [15.0963702, 40.2010206], [15.0963701, 40.2010207], [15.0962487, 40.2010837], [15.0962167, 40.2011003], [15.0962167, 40.2011003], [15.096086, 40.2011705], [15.0960738, 40.201177], [15.0960738, 40.2011771], [15.0960214, 40.2012036], [15.0960213, 40.2012036], [15.0959612, 40.2012316], [15.095961, 40.2012316], [15.0957783, 40.2013542], [15.0957783, 40.2013542], [15.0957199, 40.2013956], [15.0957199, 40.2013956], [15.095651, 40.2014499], [15.0956288, 40.2014674], [15.0956167, 40.2014769], [15.0956167, 40.201477], [15.0952986, 40.201712], [15.0952985, 40.201712], [15.0952261, 40.2017695], [15.0951886, 40.2017993], [15.0951682, 40.2018154], [15.0951681, 40.2018156], [15.095131, 40.2018673], [15.095131, 40.2018674], [15.0951037, 40.2019174], [15.0951036, 40.2019176], [15.0951034, 40.2019178], [15.0951031, 40.201918], [15.0950258, 40.2019591], [15.0950258, 40.2019591], [15.0949879, 40.2019842], [15.0949878, 40.2019842], [15.0948615, 40.202058], [15.0948615, 40.202058], [15.0947391, 40.2021229], [15.094739, 40.2021229], [15.0945779, 40.2022114], [15.0945775, 40.2022115], [15.094519, 40.2022316], [15.0943195, 40.2022997], [15.0941817, 40.2023467], [15.0941816, 40.2023467], [15.094076, 40.202376], [15.0940759, 40.2023761], [15.0938315, 40.2024361], [15.0937249, 40.2024624], [15.0937246, 40.2024624], [15.0935755, 40.2024797], [15.0935755, 40.2024797], [15.0935754, 40.2024797], [15.0934298, 40.2025386], [15.0934298, 40.2025386], [15.0933619, 40.2025695], [15.0933617, 40.2025696], [15.0931847, 40.2027026], [15.0931847, 40.2027026], [15.0931235, 40.2027454], [15.0931234, 40.2027455], [15.0931234, 40.2027455], [15.0930764, 40.2028402], [15.0930762, 40.2028405], [15.0930628, 40.2028565], [15.0930626, 40.2028566], [15.0930625, 40.2028568], [15.0929927, 40.2029009], [15.0929926, 40.202901], [15.0929722, 40.2029118], [15.0929722, 40.2029118], [15.0927827, 40.2030177], [15.0927825, 40.2030178], [15.0927247, 40.2030406], [15.0927243, 40.2030407], [15.0926155, 40.2030634], [15.0926154, 40.2030634], [15.0924646, 40.2030913], [15.0924646, 40.2030913], [15.0923002, 40.2031208], [15.0922999, 40.2031209], [15.0922995, 40.2031208], [15.0921826, 40.2031065], [15.0920752, 40.2030934], [15.0920752, 40.2030934], [15.091825, 40.2030623], [15.091825, 40.2030623], [15.0908464, 40.2029521], [15.0908464, 40.2029521], [15.0904678, 40.2029063], [15.0904677, 40.2029063], [15.0904676, 40.2029063], [15.090228, 40.2029626], [15.0901172, 40.2029886], [15.0900082, 40.2030148], [15.090008, 40.2030149], [15.0898501, 40.2030818], [15.0893969, 40.2032756], [15.0893969, 40.2032756], [15.0893158, 40.2033143], [15.0893155, 40.2033144], [15.0893151, 40.2033145], [15.0891358, 40.2033351], [15.0891357, 40.2033351], [15.0890615, 40.2033544], [15.0890614, 40.2033544], [15.0889826, 40.2033736], [15.0889824, 40.2033737], [15.0888689, 40.2034282], [15.0888686, 40.2034283], [15.0888683, 40.2034284], [15.0887805, 40.2034422], [15.0887804, 40.2034422], [15.0886622, 40.203456], [15.0886621, 40.203456], [15.0886621, 40.2034561], [15.0886296, 40.2034719], [15.0886296, 40.2034719], [15.0884575, 40.2035725], [15.0884574, 40.2035726], [15.0883643, 40.2036469], [15.0882385, 40.2037477], [15.0879135, 40.2040131], [15.0879134, 40.2040131], [15.087797, 40.2041068], [15.087797, 40.2041069], [15.0877969, 40.2041069], [15.0877877, 40.2041226], [15.0877876, 40.2041228], [15.0877874, 40.204123], [15.0876618, 40.2042237], [15.0876618, 40.2042237], [15.0874781, 40.2043754], [15.0874626, 40.2043882], [15.0874626, 40.2043883], [15.087402, 40.2044467], [15.087402, 40.2044467], [15.0873414, 40.2045033], [15.0873413, 40.2045033], [15.0872925, 40.2045475], [15.0872923, 40.2045477], [15.0871737, 40.2046218], [15.0871737, 40.2046218], [15.0866909, 40.2049097], [15.0864467, 40.2050563], [15.0864466, 40.2050564], [15.0862868, 40.2051319], [15.0862865, 40.205132], [15.0862862, 40.2051321], [15.0862859, 40.2051321], [15.0862855, 40.2051321], [15.0861845, 40.2051176], [15.0861841, 40.2051175], [15.0861358, 40.2051014], [15.0861357, 40.2051014], [15.0860135, 40.2050602], [15.0860132, 40.2050601], [15.0860129, 40.2050599], [15.0859255, 40.204994], [15.0859255, 40.204994], [15.0857744, 40.2048886], [15.0857743, 40.2048886], [15.0857743, 40.2048886], [15.0853996, 40.2047682], [15.0853996, 40.2047681], [15.0853996, 40.2047682], [15.0854794, 40.2049728], [15.0854954, 40.2050137], [15.0854954, 40.2050138], [15.0855275, 40.2050618], [15.0855276, 40.2050619], [15.0856581, 40.2053165], [15.0857072, 40.2054125], [15.0857073, 40.2054128], [15.0857194, 40.2055175], [15.0857194, 40.2055175], [15.0857194, 40.2055176], [15.0858287, 40.2056441], [15.0858287, 40.2056441], [15.0859828, 40.2058188], [15.085983, 40.2058189], [15.0860994, 40.2059028], [15.0860995, 40.2059028], [15.0863001, 40.2060564], [15.086526, 40.2062259], [15.0865262, 40.2062261], [15.0865264, 40.2062263], [15.0866204, 40.2063721], [15.0866204, 40.2063722], [15.0867569, 40.2065895], [15.086773, 40.2066143], [15.086773, 40.2066144], [15.0867731, 40.2066145], [15.0867937, 40.2066269], [15.0867938, 40.2066269], [15.0867939, 40.206627], [15.0868238, 40.2066342], [15.0868239, 40.2066342], [15.0868632, 40.206645], [15.0868632, 40.206645], [15.0870066, 40.2066864], [15.0870067, 40.2066864], [15.0870598, 40.2067043], [15.0870599, 40.2067043], [15.08706, 40.2067043], [15.0872539, 40.206705], [15.0872542, 40.2067051], [15.0872545, 40.2067051], [15.0872548, 40.2067052], [15.0872551, 40.2067054], [15.0872892, 40.2067283], [15.0872892, 40.2067283], [15.0873457, 40.2067676], [15.0873458, 40.2067676], [15.0873458, 40.2067676], [15.0874891, 40.2068178], [15.0874892, 40.2068179], [15.0874892, 40.2068179], [15.0877487, 40.2068277], [15.0877487, 40.2068277], [15.0879502, 40.2068355], [15.0879505, 40.2068356], [15.0880383, 40.2068519], [15.0880384, 40.2068519], [15.0881633, 40.2068808], [15.0881633, 40.2068808], [15.088502, 40.2069476], [15.0885023, 40.2069477], [15.0885026, 40.2069479], [15.0885029, 40.2069481], [15.0885781, 40.2070134], [15.0885783, 40.2070136], [15.0885785, 40.2070138], [15.0885785, 40.2070141], [15.0885786, 40.2070143], [15.0885783, 40.2070582], [15.0885783, 40.2070582], [15.0885784, 40.2070583], [15.0886522, 40.2070923], [15.0886523, 40.2070923], [15.0890474, 40.2072839], [15.0890475, 40.2072839], [15.0892102, 40.2073572], [15.0892104, 40.2073574], [15.0892106, 40.2073575], [15.0892519, 40.207393], [15.0892519, 40.207393], [15.0893049, 40.2074394], [15.089305, 40.2074395], [15.0894411, 40.2075056], [15.0894414, 40.2075058], [15.0894712, 40.2075289], [15.0894713, 40.2075289], [15.0894714, 40.2075289], [15.0895869, 40.207572], [15.0895869, 40.207572], [15.0899013, 40.2076975], [15.0899015, 40.2076976], [15.0901323, 40.2078082], [15.0901324, 40.2078082], [15.0901324, 40.2078082], [15.090313, 40.2076769], [15.0903132, 40.2076767], [15.0903134, 40.2076766], [15.0907431, 40.2075168], [15.0907433, 40.2075168], [15.0912918, 40.2073661], [15.0912918, 40.207366], [15.0915719, 40.207279], [15.0915721, 40.2072789], [15.0922944, 40.206853], [15.0922947, 40.2068528], [15.0922949, 40.2068528], [15.0927624, 40.2067225], [15.0927628, 40.2067224], [15.0927631, 40.2067224], [15.0932299, 40.2067446], [15.0932299, 40.2067446], [15.0936414, 40.2067711], [15.0936415, 40.2067711], [15.0936416, 40.206771], [15.0940328, 40.2066492], [15.0940329, 40.2066491], [15.094033, 40.2066491], [15.0942836, 40.2063652], [15.0942836, 40.2063652], [15.0945424, 40.2059788], [15.0945425, 40.2059786], [15.0945428, 40.2059784], [15.094543, 40.2059783], [15.0953415, 40.2056025], [15.0953416, 40.2056025], [15.0963838, 40.2051996], [15.096384, 40.2051995], [15.0968839, 40.2048431], [15.0968841, 40.204843], [15.0970998, 40.2045828], [15.0971, 40.2045826], [15.0971003, 40.2045824], [15.0971006, 40.2045823], [15.0974377, 40.2044838], [15.0974378, 40.2044838], [15.0978906, 40.2043181], [15.0978907, 40.204318], [15.0978907, 40.204318], [15.0981742, 40.2039595], [15.0981744, 40.2039593], [15.0981746, 40.2039592], [15.0985549, 40.2037112], [15.0985553, 40.203711], [15.0993379, 40.2034232], [15.0993381, 40.2034231], [15.0993384, 40.2034231], [15.1000298, 40.2033448], [15.10003, 40.2033448], [15.100926, 40.2033157], [15.1009263, 40.2033157], [15.1009266, 40.2033157], [15.101236, 40.2033784], [15.1012362, 40.2033785], [15.1016649, 40.2033917], [15.101665, 40.2033917], [15.1016651, 40.2033917], [15.102227, 40.2032395], [15.102227, 40.2032395], [15.1025606, 40.2031497], [15.102561, 40.2031497], [15.1028442, 40.2031213], [15.1028445, 40.2031213], [15.1036215, 40.2031593], [15.1036218, 40.2031593], [15.1042815, 40.2032805], [15.1042816, 40.2032805], [15.1042817, 40.2032805], [15.1044693, 40.203246], [15.1044696, 40.2032459], [15.104951, 40.2030318], [15.1049513, 40.2030317], [15.1049516, 40.2030316], [15.1049519, 40.2030316], [15.1049523, 40.2030316], [15.1049526, 40.2030317], [15.1049529, 40.2030318], [15.1049531, 40.203032], [15.1049534, 40.2030322], [15.1049979, 40.2030796], [15.1049979, 40.2030797], [15.104998, 40.2030796], [15.1051215, 40.20302], [15.1051216, 40.20302], [15.1051831, 40.2029873], [15.1051834, 40.2029872], [15.1051837, 40.2029871], [15.1052297, 40.2029782], [15.1052299, 40.2029781], [15.1053265, 40.202969], [15.1053266, 40.202969], [15.1053843, 40.20296], [15.1053848, 40.2029599], [15.1056982, 40.2029739], [15.1056982, 40.2029739], [15.105946, 40.2029822], [15.105946, 40.2029822], [15.106027, 40.2029879], [15.1060273, 40.2029879], [15.1060276, 40.202988], [15.1062095, 40.2030468], [15.1062096, 40.2030468], [15.1064499, 40.2031174], [15.106632, 40.2031703], [15.1066323, 40.2031704], [15.1066326, 40.2031706], [15.1066328, 40.2031708], [15.106633, 40.203171], [15.1066331, 40.2031712], [15.1066331, 40.2031715], [15.1066331, 40.2031718], [15.1066145, 40.2033138], [15.1066145, 40.2033138], [15.1066146, 40.2033139], [15.1067547, 40.2034384], [15.1067549, 40.2034386], [15.106755, 40.2034388], [15.1067551, 40.2034391], [15.106771, 40.2035429], [15.106771, 40.203543], [15.1067833, 40.20368], [15.1067833, 40.2036801], [15.1067833, 40.2036801], [15.1068381, 40.2037604], [15.1068381, 40.2037604], [15.1068381, 40.2037604], [15.1069044, 40.2038109], [15.1069045, 40.203811], [15.1069591, 40.2038614], [15.1069591, 40.2038614], [15.1070488, 40.2039417], [15.1070489, 40.2039417], [15.1071736, 40.2040486], [15.1071738, 40.2040488], [15.1072049, 40.2040843], [15.1072051, 40.2040844], [15.107259, 40.2041198], [15.107259, 40.2041199], [15.1072591, 40.2041198], [15.1072903, 40.2040335], [15.1072903, 40.2040334], [15.1073131, 40.2039202], [15.1073131, 40.2039201], [15.1073397, 40.2038193], [15.1073398, 40.203819], [15.10734, 40.2038188], [15.1073403, 40.2038186], [15.1073406, 40.2038184], [15.1075921, 40.2037077], [15.1075921, 40.2037077], [15.1076672, 40.2036759], [15.1076675, 40.2036758], [15.1076678, 40.2036758], [15.1076682, 40.2036758], [15.1076685, 40.2036758], [15.1076689, 40.2036759], [15.1076692, 40.2036761], [15.1076694, 40.2036762], [15.1076696, 40.2036765], [15.1076698, 40.2036767], [15.1076698, 40.203677], [15.1076698, 40.2036772], [15.1076698, 40.2036775], [15.1076697, 40.2036777], [15.1076695, 40.203678], [15.1076692, 40.2036782], [15.107669, 40.2036783], [15.1073463, 40.2038226], [15.1073462, 40.2038227], [15.1073462, 40.2038227], [15.1072841, 40.2041282], [15.107284, 40.2041285], [15.1072838, 40.2041288], [15.1072682, 40.2041463], [15.1072682, 40.2041464], [15.1072682, 40.2041464], [15.1072155, 40.2044006], [15.1072155, 40.2044006], [15.1071796, 40.2045713], [15.1071796, 40.2045714], [15.1070856, 40.2048641], [15.1070855, 40.2048641], [15.1069862, 40.2052042], [15.1069862, 40.2052043], [15.1069512, 40.2053037], [15.1069511, 40.2053038], [15.1068386, 40.2055685], [15.1068386, 40.2055685], [15.1067769, 40.2057101], [15.1067768, 40.2057103], [15.1067624, 40.2057327], [15.1067622, 40.2057328], [15.1067125, 40.2057882], [15.1067124, 40.2057882], [15.1064836, 40.2060081], [15.1064834, 40.2060083], [15.106336, 40.2061051], [15.1063359, 40.2061052], [15.1062021, 40.2062443], [15.106202, 40.2062444], [15.1061207, 40.2063589], [15.1061206, 40.2063589], [15.1060223, 40.2065166], [15.1060223, 40.2065167], [15.1060224, 40.2065167], [15.1060881, 40.2065367], [15.1060884, 40.2065368], [15.1060887, 40.206537], [15.1060889, 40.2065372], [15.1060891, 40.2065374], [15.1060892, 40.2065377], [15.1060892, 40.206538], [15.1060892, 40.2065382], [15.1060891, 40.2065385], [15.1058915, 40.2069318], [15.1058914, 40.206932], [15.105669, 40.2072765], [15.1056689, 40.2072766], [15.1055541, 40.2076234], [15.1055541, 40.2076234], [15.1054336, 40.2081411], [15.1054335, 40.2081414], [15.1054334, 40.2081416], [15.1054331, 40.2081418], [15.1054328, 40.208142], [15.1045747, 40.208549], [15.1045746, 40.208549], [15.1045746, 40.2085491], [15.104196, 40.2091124], [15.104196, 40.2091124], [15.1038485, 40.209677], [15.1038485, 40.2096772], [15.1037865, 40.2099567], [15.1037864, 40.209957], [15.1035278, 40.2105159], [15.1035278, 40.210516], [15.1035278, 40.210516], [15.1035207, 40.2108711], [15.1035206, 40.2108714], [15.1035205, 40.2108717], [15.1032443, 40.2113449], [15.1032441, 40.2113452], [15.1029509, 40.2116553], [15.1029507, 40.2116555], [15.1025747, 40.2119665], [15.1025746, 40.2119665], [15.1022724, 40.2122388], [15.1022724, 40.2122388], [15.1020745, 40.212423], [15.1020744, 40.212423], [15.1020744, 40.2124231], [15.1020301, 40.2127851], [15.1020301, 40.2127851], [15.1020301, 40.2127852], [15.1022799, 40.2134429], [15.10228, 40.213443], [15.102362, 40.2138118], [15.102362, 40.213812], [15.1023486, 40.2140211], [15.1023485, 40.2140214], [15.1023484, 40.2140217], [15.1020895, 40.2144107], [15.1020894, 40.2144109], [15.1019613, 40.2148387], [15.1019613, 40.2148387], [15.101911, 40.2150705], [15.1019109, 40.2150708], [15.1019107, 40.215071], [15.1017321, 40.2152912], [15.1017321, 40.2152913], [15.101732, 40.2152914], [15.1016223, 40.2157015], [15.1016223, 40.2157016], [15.1016223, 40.2157016], [15.1016971, 40.2158674], [15.1016972, 40.2158675], [15.1016972, 40.2158676], [15.1020861, 40.2161433], [15.1020862, 40.2161433], [15.1020863, 40.2161433], [15.1022336, 40.2161111], [15.1022338, 40.216111], [15.1023992, 40.2160928], [15.1023993, 40.2160928], [15.1023993, 40.2160927], [15.1025502, 40.2160342], [15.1025504, 40.2160342], [15.1025507, 40.2160341], [15.1027716, 40.2160065], [15.1027717, 40.2160065], [15.103093, 40.2159583], [15.1030931, 40.2159583], [15.1031635, 40.215934], [15.1031636, 40.215934], [15.1033451, 40.2158812], [15.1033454, 40.2158811], [15.1033457, 40.2158811], [15.1033461, 40.2158811], [15.1033464, 40.2158812], [15.1034621, 40.2159136], [15.1034622, 40.2159136], [15.1034622, 40.2159135], [15.1034766, 40.2158811], [15.1034767, 40.2158809], [15.1034769, 40.2158807], [15.1034772, 40.2158805], [15.1034775, 40.2158804], [15.1034778, 40.2158803], [15.1034781, 40.2158802], [15.1034785, 40.2158802], [15.1034788, 40.2158803], [15.1035624, 40.2159008], [15.1035625, 40.2159008], [15.1035626, 40.2159008], [15.1038756, 40.2158211], [15.1038759, 40.215821], [15.1040646, 40.2157977], [15.1040649, 40.2157977], [15.1042627, 40.215794], [15.1042631, 40.215794], [15.1042635, 40.2157941], [15.1043537, 40.2158247], [15.1043538, 40.2158248], [15.1043539, 40.2158248], [15.104655, 40.2158261], [15.1046553, 40.2158261], [15.1046556, 40.2158262], [15.1049466, 40.2159164], [15.1049466, 40.2159164], [15.1050578, 40.215949], [15.1050579, 40.215949], [15.1051147, 40.2159564], [15.1051147, 40.2159564], [15.105282, 40.2159746], [15.1052823, 40.2159747], [15.1052826, 40.2159748], [15.1052828, 40.2159749], [15.1054617, 40.2160778], [15.1054618, 40.2160778], [15.1054619, 40.2160778], [15.1057755, 40.2160652], [15.1057758, 40.2160652], [15.1057761, 40.2160653], [15.1057764, 40.2160654], [15.1058588, 40.216098], [15.1058591, 40.2160981], [15.106041, 40.2162149], [15.1060411, 40.216215], [15.1060412, 40.216215], [15.1061506, 40.216218], [15.1061507, 40.216218], [15.1061507, 40.2162179], [15.1062712, 40.2161873], [15.1062714, 40.2161872], [15.106322, 40.2161634], [15.1063223, 40.2161632], [15.1063227, 40.2161632], [15.1063231, 40.2161632], [15.1065003, 40.2161714], [15.1065004, 40.2161714], [15.1065005, 40.2161714], [15.1066823, 40.2161047], [15.1066824, 40.2161047], [15.1066824, 40.2161046], [15.1067274, 40.2160115], [15.1067274, 40.2160114], [15.1067394, 40.2159664], [15.1067396, 40.2159662], [15.1067397, 40.2159659], [15.10674, 40.2159657], [15.1067403, 40.2159655], [15.1068798, 40.2159017], [15.1068801, 40.2159016], [15.1068804, 40.2159015], [15.1068807, 40.2159015], [15.106881, 40.2159015], [15.1069753, 40.2159143], [15.1069757, 40.2159144], [15.106976, 40.2159145], [15.1069763, 40.2159147], [15.1071768, 40.2160825], [15.1071768, 40.2160825], [15.1071769, 40.2160825], [15.1073414, 40.2160929], [15.1073417, 40.216093], [15.1073421, 40.2160931], [15.1073424, 40.2160932], [15.107454, 40.216164], [15.1074771, 40.2161786], [15.1074773, 40.2161787], [15.1076663, 40.2163311], [15.1076664, 40.2163312], [15.1077603, 40.2164249], [15.1077606, 40.2164253], [15.1078029, 40.2165076], [15.107803, 40.2165077], [15.107803, 40.2165077], [15.1080221, 40.2165176], [15.1080222, 40.2165176], [15.1081434, 40.2165304], [15.1081435, 40.2165304], [15.1083629, 40.2165679], [15.1083632, 40.216568], [15.1084614, 40.2165987], [15.1084615, 40.2165987], [15.108653, 40.2166681], [15.1086533, 40.2166682], [15.1087999, 40.2167498], [15.1088, 40.2167498], [15.1088001, 40.2167498], [15.1090491, 40.216724], [15.1090494, 40.216724], [15.1090498, 40.216724], [15.1090501, 40.2167241], [15.1090703, 40.2167316], [15.1091911, 40.2167756], [15.1091914, 40.2167758], [15.1091916, 40.2167759], [15.1091918, 40.2167761], [15.109192, 40.2167764], [15.1091921, 40.2167766], [15.1091921, 40.2167769], [15.1091933, 40.2168569], [15.1091933, 40.216857], [15.1091934, 40.216857], [15.109323, 40.2169112], [15.109323, 40.2169112], [15.1094524, 40.2169574], [15.1094526, 40.2169575], [15.1095626, 40.216978], [15.109563, 40.2169781], [15.1095633, 40.2169783], [15.1095636, 40.2169785], [15.1095638, 40.2169787], [15.1095639, 40.216979], [15.1095717, 40.2169998], [15.1095717, 40.2169999], [15.1095718, 40.2169999], [15.1096483, 40.2169992], [15.1096486, 40.2169992], [15.109649, 40.2169993], [15.1096493, 40.2169994], [15.1096495, 40.2169995], [15.1097618, 40.217073], [15.1097621, 40.2170732], [15.1097622, 40.2170734], [15.1097624, 40.2170736], [15.10984, 40.2172625], [15.1098504, 40.2172878], [15.1098505, 40.2172878], [15.1098854, 40.2173862], [15.1098854, 40.2173863], [15.1098855, 40.2173863], [15.1099244, 40.2174077], [15.1099244, 40.2174077], [15.1100153, 40.2174582], [15.1100154, 40.2174583], [15.1101077, 40.2175186], [15.1101078, 40.2175187], [15.1102889, 40.2175998], [15.1102892, 40.2176], [15.1102894, 40.2176002], [15.1102896, 40.2176004], [15.1103739, 40.2177395], [15.1103739, 40.2177396], [15.110374, 40.2177396], [15.110465, 40.2178019], [15.1104651, 40.217802], [15.1104651, 40.217802], [15.1105879, 40.2178127], [15.1105882, 40.2178127], [15.1105886, 40.2178128], [15.1105889, 40.217813], [15.1105891, 40.2178132], [15.1105893, 40.2178135], [15.1106544, 40.2179298], [15.1106802, 40.2179758], [15.1106803, 40.2179759], [15.1106803, 40.2179759], [15.1107494, 40.2180007], [15.1107497, 40.2180008], [15.1107499, 40.218001], [15.1107501, 40.2180012], [15.1107503, 40.2180014], [15.1107504, 40.2180016], [15.1107693, 40.2180719], [15.1107693, 40.2180719], [15.1107694, 40.218072], [15.1108497, 40.2181263], [15.11085, 40.2181265], [15.1108502, 40.2181268], [15.1108818, 40.2181894], [15.110882, 40.2181895], [15.1109316, 40.2182404], [15.1109316, 40.2182404], [15.1109812, 40.2182893], [15.1109814, 40.2182894], [15.1111705, 40.2183941], [15.1111708, 40.2183943], [15.111171, 40.2183945], [15.1111712, 40.2183948], [15.1112129, 40.2185061], [15.111222, 40.2185302], [15.111222, 40.2185302], [15.1113085, 40.2187387], [15.1113085, 40.2187387], [15.1113436, 40.2188195], [15.1113436, 40.2188195], [15.1113437, 40.2188196], [15.1114383, 40.2188616], [15.1114386, 40.2188617], [15.1114389, 40.2188619], [15.1114391, 40.2188622], [15.1114392, 40.2188624], [15.1114392, 40.2188627], [15.1114392, 40.2188629], [15.1114392, 40.2188632], [15.1113724, 40.2190227], [15.1113724, 40.2190228], [15.1113612, 40.2190468], [15.111361, 40.2190471], [15.1113608, 40.2190473], [15.1113606, 40.2190475], [15.1113603, 40.2190476], [15.1113599, 40.2190477], [15.1113596, 40.2190477], [15.1113592, 40.2190477], [15.1113507, 40.2190467], [15.1113506, 40.2190467], [15.1113506, 40.2190468], [15.1113553, 40.2190586], [15.1113554, 40.2190589], [15.1113554, 40.2190592], [15.1113553, 40.2190595], [15.1113475, 40.2190763], [15.1113475, 40.2190763], [15.1113475, 40.2190763], [15.1113623, 40.2190785], [15.1113626, 40.2190785], [15.1113629, 40.2190786], [15.1113631, 40.2190788], [15.1113633, 40.219079], [15.1113635, 40.2190792], [15.1113636, 40.2190794], [15.1113778, 40.2191148], [15.1113779, 40.2191152], [15.1113878, 40.2192345], [15.1113878, 40.2192345], [15.1113976, 40.2193198], [15.1113976, 40.2193199], [15.1113977, 40.21932], [15.1114675, 40.2193829], [15.1114677, 40.2193831], [15.1114678, 40.2193834], [15.1114679, 40.2193836], [15.1114841, 40.2194929], [15.1114841, 40.2194929], [15.1114842, 40.219493], [15.1115511, 40.219544], [15.1115511, 40.2195441], [15.1116021, 40.2195854], [15.1116022, 40.2195854], [15.1116023, 40.2195855], [15.1116681, 40.219607], [15.1116684, 40.2196071], [15.1116687, 40.2196073], [15.1116689, 40.2196075], [15.1116691, 40.2196078], [15.1116692, 40.2196081], [15.1116756, 40.2196609], [15.1116756, 40.2196609], [15.1116757, 40.219661], [15.1117617, 40.2197727], [15.1117618, 40.2197729], [15.1117619, 40.2197731], [15.1117619, 40.2197734], [15.111762, 40.2197973], [15.111762, 40.2197974], [15.1117621, 40.2197974], [15.1119469, 40.2198897], [15.1119469, 40.2198898], [15.1120807, 40.2199505], [15.1120808, 40.2199505], [15.1122369, 40.220016], [15.112237, 40.2200161], [15.1123578, 40.2200524], [15.1123582, 40.2200525], [15.1124568, 40.2201059], [15.1124569, 40.2201059], [15.1126321, 40.2201739], [15.1126321, 40.2201739], [15.1128646, 40.2202466], [15.1128647, 40.2202466], [15.1131227, 40.2203169], [15.1131227, 40.2203169], [15.1133137, 40.220358], [15.1133138, 40.220358], [15.1133139, 40.220358], [15.1136415, 40.2203427], [15.1136416, 40.2203427], [15.1136416, 40.2203427], [15.1136921, 40.2202964], [15.1136924, 40.2202962], [15.1136927, 40.220296], [15.1136931, 40.2202959], [15.1136934, 40.2202959], [15.1138084, 40.2202912], [15.1138085, 40.2202912], [15.1141458, 40.2202929], [15.1141459, 40.2202929], [15.1142445, 40.220283], [15.1142445, 40.220283], [15.1143049, 40.2202756], [15.114305, 40.2202755], [15.114407, 40.2202492], [15.1144194, 40.2202461], [15.1144195, 40.220246], [15.1144989, 40.2202288], [15.114499, 40.2202288], [15.1146198, 40.2202091], [15.1146198, 40.2202091], [15.1147152, 40.2201918], [15.1147153, 40.2201918], [15.1147303, 40.2201881], [15.1148933, 40.2201476], [15.1148933, 40.2201475], [15.114982, 40.2201206], [15.1149823, 40.2201206], [15.1149827, 40.2201205], [15.11517, 40.2201177], [15.1151703, 40.2201178], [15.115217, 40.2201235], [15.1152171, 40.2201235], [15.1152171, 40.2201235], [15.1152369, 40.2200841], [15.1152371, 40.2200839], [15.1152373, 40.2200837], [15.1152376, 40.2200835], [15.1152379, 40.2200834], [15.1152382, 40.2200833], [15.1152386, 40.2200833], [15.1152389, 40.2200833], [15.1152392, 40.2200833], [15.1152396, 40.2200835], [15.1152398, 40.2200836], [15.1152401, 40.2200838], [15.1152402, 40.2200841], [15.1152404, 40.2200843], [15.1152404, 40.2200846], [15.1152404, 40.2200848], [15.1152403, 40.2200851], [15.1152126, 40.2201449], [15.1152126, 40.220145], [15.1152126, 40.220145], [15.1153861, 40.2202515], [15.1153862, 40.2202515], [15.1156434, 40.2204342], [15.1156434, 40.2204342], [15.1159022, 40.2206016], [15.1159022, 40.2206016], [15.1159856, 40.2206574], [15.1159857, 40.2206574], [15.1159858, 40.2206574], [15.1161085, 40.2206213], [15.1161087, 40.2206213], [15.1162016, 40.2206031], [15.1162016, 40.2206031], [15.1162647, 40.2205927], [15.1162648, 40.2205927], [15.1164108, 40.2205769], [15.116411, 40.2205769], [15.1164113, 40.2205769], [15.1164236, 40.2205786], [15.1165009, 40.2205893], [15.116501, 40.2205893], [15.116604, 40.2205915], [15.1166041, 40.2205915], [15.1166042, 40.2205915], [15.116677, 40.2205683], [15.1166772, 40.2205683], [15.1168274, 40.22049], [15.1168347, 40.2205084], [15.1167216, 40.2205569], [15.1167214, 40.220557], [15.1166783, 40.2205842], [15.1166779, 40.2205845], [15.1166475, 40.2205942], [15.1166475, 40.2205942], [15.1166044, 40.2206078], [15.1166041, 40.2206079], [15.1166037, 40.2206079], [15.1164945, 40.2206079], [15.1164941, 40.2206079], [15.1163948, 40.2205904], [15.1163948, 40.2205904], [15.1163947, 40.2205904], [15.1163003, 40.2206002], [15.1163003, 40.2206002], [15.1161804, 40.2206198], [15.1161803, 40.2206198], [15.1159813, 40.2206727], [15.1159813, 40.2206727], [15.1159813, 40.2206728], [15.1159885, 40.2206835], [15.1159885, 40.2206836], [15.1160708, 40.2207721], [15.116071, 40.2207723], [15.1161231, 40.220863], [15.1161232, 40.2208632], [15.1161233, 40.2208635], [15.1161221, 40.2209231], [15.1161221, 40.2209232], [15.1161257, 40.2209561], [15.1161257, 40.2209561], [15.1161257, 40.2209562], [15.1161539, 40.2209832], [15.1161541, 40.2209834], [15.1161542, 40.2209837], [15.1161543, 40.2209839], [15.1161543, 40.2209841], [15.1161473, 40.2210853], [15.1161473, 40.2210854], [15.1161473, 40.2210854], [15.1162513, 40.2212144], [15.1162514, 40.2212146], [15.116287, 40.2212799], [15.1162871, 40.2212802], [15.1162871, 40.2212805], [15.1162871, 40.2212807], [15.1162766, 40.2213217], [15.1162766, 40.2213217], [15.1162766, 40.2213218], [15.1164092, 40.2214453], [15.1164094, 40.2214455], [15.1164344, 40.2214838], [15.1164345, 40.221484], [15.1164704, 40.2215745], [15.1164704, 40.2215746], [15.1164704, 40.2215746], [15.1165385, 40.2216432], [15.1165387, 40.2216434], [15.1165534, 40.2216682], [15.1165534, 40.2216683], [15.1166768, 40.2218906], [15.1166769, 40.2218907], [15.1166769, 40.2218907], [15.116791, 40.2219125], [15.1167913, 40.2219126], [15.1167916, 40.2219127], [15.1167918, 40.2219129], [15.116792, 40.2219131], [15.1168265, 40.2219544], [15.1168267, 40.2219547], [15.1168268, 40.2219549], [15.1168268, 40.2219552], [15.1168239, 40.2220143], [15.1168239, 40.2220143], [15.116824, 40.2220144], [15.1168923, 40.2220576], [15.1168926, 40.2220578], [15.1168928, 40.2220581], [15.1169225, 40.2221036], [15.1169226, 40.2221036], [15.1169603, 40.2221516], [15.1169605, 40.2221518], [15.1170554, 40.2222176], [15.1170555, 40.2222177], [15.1170556, 40.2222177], [15.1171084, 40.2222285], [15.1171087, 40.2222286], [15.117109, 40.2222287], [15.1171093, 40.2222288], [15.1171095, 40.222229], [15.1171096, 40.2222293], [15.1171384, 40.222281], [15.1171811, 40.2223577], [15.1171812, 40.2223579], [15.1173279, 40.2224976], [15.1173281, 40.2224979], [15.1173282, 40.2224981], [15.1173283, 40.2224984], [15.1173319, 40.2225529], [15.1173319, 40.2225529], [15.117332, 40.222553], [15.1175504, 40.2226956], [15.1175506, 40.2226957], [15.1175508, 40.2226959], [15.1175509, 40.2226962], [15.1175759, 40.2227507], [15.1175759, 40.2227508], [15.117576, 40.2227508], [15.117644, 40.2227782], [15.1176441, 40.2227783], [15.1176442, 40.2227783], [15.1176763, 40.222781], [15.1176764, 40.222781], [15.1176764, 40.222781], [15.1176967, 40.2227763], [15.117697, 40.2227763], [15.1176974, 40.2227763], [15.1176977, 40.2227763], [15.117698, 40.2227764], [15.1176983, 40.2227766], [15.1176986, 40.2227768], [15.1179614, 40.2230322], [15.1179616, 40.2230324], [15.1180181, 40.2231078], [15.1180181, 40.2231079], [15.1182702, 40.2233405], [15.1182704, 40.2233408], [15.1183717, 40.2235172], [15.1183717, 40.2235173], [15.1183717, 40.2235173], [15.1185527, 40.2236608], [15.1185528, 40.2236608], [15.1185528, 40.2236609], [15.1187832, 40.2236987], [15.1187834, 40.2236988], [15.1191719, 40.2237951], [15.1191722, 40.2237952], [15.1191725, 40.2237953], [15.1199825, 40.2242835], [15.1199827, 40.2242836], [15.1201764, 40.2243693], [15.1201767, 40.2243694], [15.1203952, 40.224512], [15.1203955, 40.2245122], [15.1206022, 40.2247414], [15.1206024, 40.2247417], [15.1206455, 40.2248422], [15.1206455, 40.2248422], [15.1206455, 40.2248423], [15.1208492, 40.2250345], [15.1208492, 40.2250345], [15.1208493, 40.2250345], [15.1213706, 40.225201], [15.1213708, 40.2252011], [15.1218059, 40.2252719], [15.121806, 40.2252719], [15.1222765, 40.2253137], [15.1222769, 40.2253138], [15.1228154, 40.2254654], [15.1231816, 40.225566], [15.1231818, 40.225566], [15.1235642, 40.225702], [15.1235642, 40.225702], [15.1238939, 40.2258092], [15.1238939, 40.2258092], [15.1243163, 40.2259213], [15.1243163, 40.2259213], [15.1248, 40.2260507], [15.1255175, 40.2262418], [15.1255177, 40.2262419], [15.1258419, 40.2263581], [15.1258419, 40.2263581], [15.125842, 40.2263581], [15.125859, 40.2263392], [15.1258592, 40.226339], [15.1258595, 40.2263388], [15.1258598, 40.2263387], [15.1258601, 40.2263386], [15.1258604, 40.2263386], [15.1258608, 40.2263386], [15.1258611, 40.2263387], [15.1258614, 40.2263388], [15.1258617, 40.2263389], [15.1258619, 40.2263391], [15.1258621, 40.2263393], [15.1258622, 40.2263396], [15.1258623, 40.2263398], [15.1258623, 40.2263401], [15.1258585, 40.2263654], [15.1258584, 40.2263657], [15.1258582, 40.226366], [15.125858, 40.2263662], [15.1258577, 40.2263664], [15.1256915, 40.2264575], [15.1256914, 40.2264576], [15.1256914, 40.2264576], [15.1255919, 40.2266269], [15.1255918, 40.2266269], [15.1254786, 40.2267983], [15.1254784, 40.2267985], [15.1252505, 40.2270256], [15.1252504, 40.2270256], [15.1249272, 40.2273398], [15.1246014, 40.2276625], [15.1246014, 40.2276625], [15.1242309, 40.2280286], [15.1242307, 40.2280288], [15.1242304, 40.2280289], [15.1236567, 40.228288], [15.1236566, 40.228288], [15.1235871, 40.2283338], [15.1235871, 40.2283338], [15.1232629, 40.228568], [15.1232628, 40.2285681], [15.1230775, 40.2286768], [15.1230771, 40.2286769], [15.1223079, 40.228927], [15.1223078, 40.228927], [15.1222242, 40.2289609], [15.1222239, 40.228961], [15.1222237, 40.2289611], [15.1221631, 40.2289696], [15.122163, 40.2289696], [15.122073, 40.2289789], [15.1220729, 40.2289789], [15.1220728, 40.2289789], [15.1219949, 40.2290514], [15.1219946, 40.2290517], [15.1218192, 40.229148], [15.121819, 40.2291481], [15.1216133, 40.2292332], [15.1216132, 40.2292332], [15.1215325, 40.2292725], [15.1214151, 40.2293298], [15.121415, 40.2293298], [15.1214151, 40.2293298], [15.1214796, 40.2293784], [15.1214796, 40.2293784], [15.1215344, 40.2294186], [15.1216324, 40.2294906], [15.1216466, 40.2295011], [15.1216467, 40.2295012], [15.1217037, 40.2295497], [15.1217038, 40.2295498], [15.1217463, 40.2295708], [15.121849, 40.2296215], [15.1218587, 40.2296263], [15.121859, 40.2296265], [15.1218592, 40.2296266], [15.1219085, 40.2296751], [15.1219085, 40.2296752], [15.1219178, 40.2296829], [15.1219934, 40.2297463], [15.1220357, 40.2297818], [15.1220963, 40.2298326], [15.1220964, 40.2298327], [15.1221353, 40.2298688], [15.1221963, 40.2299253], [15.1221964, 40.2299254], [15.1222498, 40.22999], [15.1222588, 40.2300008], [15.1222624, 40.2300052], [15.1223167, 40.2300708], [15.1223168, 40.230071], [15.1224003, 40.2302014], [15.1224062, 40.2302108], [15.1224063, 40.2302108], [15.122446, 40.2302769], [15.1224561, 40.2302939], [15.1224563, 40.2302942], [15.1224798, 40.2303746], [15.1224798, 40.2303746], [15.1224953, 40.230412], [15.1224953, 40.230412], [15.1225069, 40.2304378], [15.122507, 40.2304379], [15.122507, 40.2304379], [15.1225273, 40.2304545], [15.1225275, 40.2304548], [15.1225277, 40.2304551], [15.1225278, 40.2304554], [15.1225277, 40.2304557], [15.1224767, 40.2307545], [15.122449, 40.230917], [15.122449, 40.230917], [15.1224314, 40.2310151], [15.1224313, 40.2310154], [15.1223874, 40.2311049], [15.1223874, 40.231105], [15.1223874, 40.231105], [15.1224136, 40.231246], [15.1224136, 40.2312461], [15.1224136, 40.2312461], [15.1224442, 40.2312891], [15.1224443, 40.2312891], [15.1225475, 40.2314181], [15.1225475, 40.2314181], [15.1226086, 40.2314955], [15.1226087, 40.2314956], [15.1227533, 40.2316329], [15.1227534, 40.2316329], [15.1228906, 40.231779], [15.1228907, 40.231779], [15.122924, 40.2318174], [15.1229693, 40.2318696], [15.1229975, 40.2319021], [15.1229976, 40.2319023], [15.1230475, 40.2319854], [15.1230475, 40.2319855], [15.1230861, 40.232063], [15.1230861, 40.232063], [15.1230862, 40.232063], [15.1231052, 40.2320568], [15.1231055, 40.2320567], [15.1231058, 40.2320567], [15.1231062, 40.2320567], [15.1231065, 40.2320568], [15.1231068, 40.2320569], [15.1231071, 40.2320571], [15.1231073, 40.2320573], [15.1231075, 40.2320575], [15.1231163, 40.2320715], [15.1231163, 40.2320715], [15.123197, 40.2321921], [15.1232073, 40.2322075], [15.1232073, 40.2322075], [15.1232153, 40.232219], [15.1232154, 40.2322192], [15.1232457, 40.2322451], [15.1232457, 40.2322451], [15.1232766, 40.2322728], [15.1232766, 40.2322728], [15.1233538, 40.2323451], [15.1233545, 40.2323458], [15.1233545, 40.2323458], [15.1233903, 40.2323824], [15.1233905, 40.2323825], [15.1234284, 40.2324351], [15.1234285, 40.2324352], [15.1234421, 40.2324505], [15.1234422, 40.2324507], [15.123462, 40.2324839], [15.1234621, 40.232484], [15.1234621, 40.232484], [15.1234679, 40.2324884], [15.1234681, 40.2324886], [15.1234683, 40.2324889], [15.1234684, 40.2324891], [15.1234684, 40.2324894], [15.1234683, 40.2324897], [15.1234682, 40.23249], [15.123468, 40.2324902], [15.1234677, 40.2324904], [15.1234154, 40.2325235], [15.1234152, 40.2325236], [15.123395, 40.2325458], [15.1233948, 40.232546], [15.1232271, 40.2326715], [15.123227, 40.2326716], [15.1232211, 40.232678], [15.1232208, 40.2326782], [15.1232205, 40.2326784], [15.1232202, 40.2326785], [15.1232198, 40.2326786], [15.1232195, 40.2326786], [15.1232191, 40.2326785], [15.123184, 40.2326705], [15.1230012, 40.2326283], [15.1230012, 40.2326283], [15.1227596, 40.2325691], [15.1227595, 40.2325691], [15.1227594, 40.2325691], [15.1227283, 40.2325692], [15.1227278, 40.2325692], [15.1225075, 40.232522], [15.1225074, 40.2325219], [15.1221975, 40.2324389], [15.1221973, 40.2324388], [15.1219609, 40.2323555], [15.1219607, 40.2323554], [15.1219243, 40.2323357], [15.121924, 40.2323355], [15.1219237, 40.2323353], [15.1218551, 40.2322354], [15.121855, 40.2322354], [15.1218549, 40.2322354], [15.1216711, 40.2322569], [15.1216711, 40.2322569], [15.1214833, 40.2322913], [15.1214832, 40.2322913], [15.1213079, 40.2323161], [15.1213077, 40.2323161], [15.1211737, 40.232326], [15.1211733, 40.232326], [15.1211729, 40.2323259], [15.1211726, 40.2323258], [15.1211722, 40.2323256], [15.1208476, 40.2320883], [15.1208476, 40.2320882], [15.1207519, 40.2320216], [15.1207519, 40.2320216], [15.1206181, 40.2319317], [15.120618, 40.2319317], [15.1205187, 40.2318709], [15.1205187, 40.2318709], [15.1205186, 40.2318708], [15.1203365, 40.2318194], [15.1203362, 40.2318193], [15.1203359, 40.2318191], [15.1203356, 40.2318189], [15.1203355, 40.2318187], [15.1203354, 40.2318184], [15.1202966, 40.2316881], [15.1202966, 40.231688], [15.1202965, 40.231688], [15.1201933, 40.2316098], [15.1201932, 40.2316097], [15.1200832, 40.2315102], [15.1200832, 40.2315102], [15.1200831, 40.2315102], [15.119797, 40.2314285], [15.1197969, 40.2314284], [15.1197968, 40.2314285], [15.1196322, 40.231519], [15.1196322, 40.231519], [15.1196321, 40.2315191], [15.1195936, 40.231586], [15.1195935, 40.2315861], [15.119558, 40.231639], [15.1195578, 40.2316392], [15.1195576, 40.2316394], [15.119513, 40.2316717], [15.119513, 40.2316717], [15.1194113, 40.2317551], [15.1194113, 40.2317551], [15.1193278, 40.2318267], [15.1193274, 40.231827], [15.1193038, 40.2318384], [15.1193035, 40.2318386], [15.1191208, 40.2318969], [15.1191206, 40.231897], [15.1189621, 40.2319828], [15.1189619, 40.2319829], [15.1189616, 40.2319829], [15.1188779, 40.232004], [15.1188778, 40.232004], [15.1187684, 40.2320436], [15.1187684, 40.2320436], [15.1187683, 40.2320437], [15.1186741, 40.2323114], [15.1186741, 40.2323114], [15.1186363, 40.2324867], [15.1186363, 40.2324868], [15.1186305, 40.2325236], [15.1186305, 40.2325237], [15.1186368, 40.2325581], [15.1186368, 40.2325582], [15.1186368, 40.2325582], [15.1187036, 40.2326523], [15.1187037, 40.2326525], [15.1187661, 40.2327742], [15.1187662, 40.2327744], [15.1188276, 40.232965], [15.1188276, 40.2329653], [15.1188276, 40.2329657], [15.1187896, 40.2330826], [15.1187895, 40.2330828], [15.1187894, 40.233083], [15.1187892, 40.2330832], [15.1187889, 40.2330833], [15.1186609, 40.2331549], [15.1186606, 40.233155], [15.1186603, 40.2331551], [15.1184836, 40.2331927], [15.1184835, 40.2331927], [15.1184834, 40.2331927], [15.1183863, 40.2332507], [15.1183861, 40.2332508], [15.1178646, 40.2334834], [15.1178646, 40.2334834], [15.1174359, 40.2336673], [15.1174359, 40.2336674], [15.1174359, 40.2336674], [15.1174709, 40.2337362], [15.117471, 40.2337365], [15.1175456, 40.2340816], [15.1175456, 40.2340819], [15.1175436, 40.2342223], [15.1175437, 40.2342224], [15.1175437, 40.2342224], [15.1176549, 40.234427], [15.1176549, 40.234427], [15.117655, 40.2344271], [15.1180293, 40.234642], [15.1180294, 40.2346421], [15.1183283, 40.2348458], [15.1183286, 40.234846], [15.1183287, 40.2348462], [15.1186205, 40.2352918], [15.1186206, 40.2352919], [15.118782, 40.2355792], [15.118782, 40.2355792], [15.1187821, 40.2355793], [15.118995, 40.2357418], [15.1189952, 40.235742], [15.1189954, 40.2357422], [15.1191506, 40.2360179], [15.1194278, 40.2365053], [15.1194279, 40.2365054], [15.1195532, 40.2367882], [15.1195532, 40.2367884], [15.1196613, 40.2371931], [15.1196614, 40.2371934], [15.1196613, 40.2371936], [15.1196612, 40.2371939], [15.1194819, 40.2375261], [15.1194819, 40.2375262], [15.1194819, 40.2375262], [15.1196432, 40.2377973], [15.1196433, 40.2377976], [15.1197629, 40.238327], [15.1197629, 40.2383271], [15.119763, 40.2383271], [15.1201919, 40.2388], [15.1201919, 40.2388], [15.120192, 40.2388], [15.1207001, 40.2388646], [15.1207005, 40.2388647], [15.1207008, 40.2388648], [15.1207011, 40.238865], [15.1213406, 40.2393828], [15.1217565, 40.2397198], [15.1217566, 40.2397199], [15.1222486, 40.2400011], [15.1222489, 40.2400013], [15.1222491, 40.2400015], [15.122475, 40.2403088], [15.1224752, 40.2403091], [15.1224752, 40.2403095], [15.1224825, 40.2404888], [15.1224826, 40.2404889], [15.1224826, 40.2404889], [15.1228421, 40.2407242], [15.1228421, 40.2407242], [15.1228422, 40.2407243], [15.1231528, 40.2408056], [15.1231531, 40.2408057], [15.1231534, 40.2408059], [15.1231536, 40.2408061], [15.1231538, 40.2408063], [15.1231539, 40.2408066], [15.123154, 40.2408069], [15.1231539, 40.2408072], [15.1231538, 40.2408074], [15.1231536, 40.2408077], [15.1231534, 40.2408079], [15.1228316, 40.2410384], [15.1228316, 40.2410384], [15.1217746, 40.2417893], [15.1217746, 40.2417894], [15.1217746, 40.2417894], [15.1217783, 40.2419002], [15.1217782, 40.2419005], [15.1217782, 40.2419007], [15.121778, 40.2419009], [15.1217778, 40.2419011], [15.1217776, 40.2419013], [15.1217364, 40.2419266], [15.1216569, 40.2419755], [15.1216568, 40.2419756], [15.1215207, 40.2420769], [15.1215206, 40.242077], [15.1215207, 40.2420771], [15.1218764, 40.2424379], [15.1218765, 40.242438], [15.1219538, 40.2424942], [15.1219539, 40.2424942], [15.1222041, 40.2426491], [15.1222045, 40.2426493], [15.1223347, 40.2427927], [15.1223347, 40.2427927], [15.1223348, 40.2427928], [15.1223799, 40.2427992], [15.1223803, 40.2427993], [15.1223806, 40.2427995], [15.1224659, 40.2428485], [15.1224659, 40.2428485], [15.1225247, 40.2428774], [15.122525, 40.2428776], [15.1225475, 40.2428944], [15.1225476, 40.2428944], [15.1226317, 40.2429602], [15.1226317, 40.2429602], [15.1226318, 40.2429602], [15.1227398, 40.2429742], [15.1227399, 40.2429742], [15.1228766, 40.2429865], [15.1228769, 40.2429866], [15.1228773, 40.2429867], [15.1228776, 40.2429869], [15.1229184, 40.2430182], [15.1229185, 40.2430183], [15.1230262, 40.2431211], [15.1230264, 40.2431213], [15.1230435, 40.2431447], [15.1230435, 40.2431447], [15.1231171, 40.2432395], [15.1231171, 40.2432395], [15.1231172, 40.2432395], [15.1231625, 40.2432434], [15.1231629, 40.2432435], [15.1231632, 40.2432436], [15.1231635, 40.2432437], [15.1232851, 40.2433216], [15.1232852, 40.2433216], [15.1233177, 40.2433442], [15.1233178, 40.2433442], [15.1235322, 40.2435191], [15.1235324, 40.2435192], [15.1236778, 40.2436654], [15.1236779, 40.2436654], [15.1237921, 40.243789], [15.1237922, 40.2437891], [15.1237922, 40.2437891], [15.1239107, 40.243833], [15.123911, 40.2438332], [15.1239112, 40.2438334], [15.1240653, 40.2439644], [15.1240653, 40.2439645], [15.1243415, 40.2442106], [15.1243416, 40.2442106], [15.1243817, 40.2442488], [15.1243817, 40.2442488], [15.1245648, 40.2444131], [15.1245649, 40.2444131], [15.1249257, 40.2447239], [15.1249257, 40.2447239], [15.1249258, 40.2447239], [15.1254114, 40.2445168], [15.1254114, 40.2445167], [15.1257084, 40.2443921], [15.1260113, 40.2442644], [15.1260117, 40.2442642], [15.1260121, 40.2442642], [15.1266127, 40.2442504], [15.1266127, 40.2442504], [15.1273204, 40.2442489], [15.1273204, 40.2442489], [15.127702, 40.2442537], [15.1277021, 40.2442536], [15.1279026, 40.2442304], [15.1279026, 40.2442304], [15.1281188, 40.244207], [15.1281189, 40.244207], [15.1283612, 40.2441835], [15.1283612, 40.2441835], [15.1286324, 40.2441503], [15.1286328, 40.2441503], [15.1286331, 40.2441503], [15.1293361, 40.2442609], [15.1293361, 40.244261], [15.1295525, 40.2442984], [15.129553, 40.2442985], [15.129946, 40.2444681], [15.1299461, 40.2444682], [15.1299461, 40.2444681], [15.1299855, 40.2443945], [15.1299856, 40.2443944], [15.1300016, 40.2443343], [15.1300016, 40.2443341], [15.1300403, 40.2442528], [15.1300403, 40.2442527], [15.1300907, 40.2441644], [15.130091, 40.2441641], [15.1301235, 40.2441333], [15.1301235, 40.2441332], [15.1302467, 40.2439843], [15.1302467, 40.2439842], [15.1303099, 40.2438733], [15.1303099, 40.2438733], [15.1303469, 40.2438129], [15.1303469, 40.2438129], [15.1304217, 40.2436811], [15.1304443, 40.2436854], [15.1304057, 40.2437522], [15.1304057, 40.2437522], [15.1304023, 40.2437581], [15.130383, 40.2437914], [15.1303796, 40.2437974], [15.1303796, 40.2437974], [15.1303759, 40.2438037], [15.1303759, 40.2438037], [15.1303727, 40.2438091], [15.1302521, 40.2440104], [15.1302309, 40.2440458], [15.1302307, 40.2440461], [15.1301192, 40.2441528], [15.1301191, 40.2441529], [15.1301182, 40.2441546], [15.1300079, 40.2443559], [15.1300078, 40.244356], [15.1300078, 40.2443561], [15.1300114, 40.2444104], [15.1300114, 40.2444106], [15.1300113, 40.2444108], [15.12997, 40.2445123], [15.12997, 40.2445124], [15.12997, 40.2445124], [15.1301152, 40.2445145], [15.1301155, 40.2445145], [15.1301158, 40.2445146], [15.1301161, 40.2445147], [15.1303092, 40.2446039], [15.1303092, 40.2446039], [15.1305661, 40.2447199], [15.1305662, 40.2447199], [15.1319186, 40.2451552], [15.1319187, 40.2451552], [15.1319188, 40.2451552], [15.1319598, 40.2451575], [15.1319599, 40.2451575], [15.1329877, 40.2451445], [15.1329878, 40.2451445], [15.1335896, 40.2451699], [15.1335896, 40.2451699], [15.1343151, 40.2452072], [15.1343152, 40.2452072], [15.1347285, 40.2452221], [15.1347286, 40.2452221], [15.1354951, 40.245218], [15.1354951, 40.245218], [15.1365451, 40.2452243], [15.1365453, 40.2452243], [15.1366465, 40.2452047], [15.1366465, 40.2452047], [15.1368995, 40.2451459], [15.1368999, 40.2451459], [15.1373841, 40.2451157], [15.1373844, 40.2451157], [15.1375362, 40.2451251], [15.1375364, 40.2451251], [15.137896, 40.2451789], [15.137896, 40.245179], [15.13814, 40.2452197], [15.13814, 40.2452197], [15.1381401, 40.2452196], [15.1388678, 40.2445737], [15.1388678, 40.2445737], [15.1390728, 40.2443549], [15.139073, 40.2443547], [15.1392081, 40.2442493], [15.1393193, 40.2441625], [15.1393193, 40.2441625], [15.1397061, 40.2438498], [15.1397062, 40.2438498], [15.1402933, 40.2433243], [15.1402934, 40.2433241], [15.1403138, 40.2432914], [15.1403139, 40.2432914], [15.1405562, 40.2428734], [15.1405562, 40.2428734], [15.1410213, 40.242121], [15.1410215, 40.2421208], [15.1410218, 40.2421206], [15.1410221, 40.2421204], [15.1410224, 40.2421203], [15.1410228, 40.2421203], [15.1410231, 40.2421203], [15.1417217, 40.2421873], [15.1417218, 40.2421873], [15.1418491, 40.2422031], [15.1418492, 40.2422031], [15.1418493, 40.242203], [15.1422842, 40.2417883], [15.1422842, 40.2417883], [15.1423382, 40.2417336], [15.1423383, 40.2417335], [15.1425188, 40.241434], [15.1425188, 40.241434], [15.1425423, 40.2413854], [15.1426434, 40.2411763], [15.1426435, 40.2411761], [15.1426499, 40.2411674], [15.1426499, 40.2411674], [15.1426499, 40.2411673], [15.1426473, 40.2411665], [15.142647, 40.2411663], [15.1426467, 40.2411662], [15.1426465, 40.241166], [15.1426464, 40.2411657], [15.1426463, 40.2411654], [15.1426462, 40.2411652], [15.1426463, 40.2411649], [15.1426464, 40.2411646], [15.1426466, 40.2411644], [15.142773, 40.2410336], [15.142773, 40.2410336], [15.1431013, 40.2406812], [15.1431015, 40.240681], [15.1431017, 40.2406809], [15.143102, 40.2406808], [15.1431024, 40.2406807], [15.1431027, 40.2406807], [15.143103, 40.2406807], [15.1431033, 40.2406807], [15.1431036, 40.2406808], [15.1431149, 40.2406859], [15.1431149, 40.240686], [15.1431149, 40.2406859], [15.1431108, 40.2406767], [15.1431108, 40.2406765], [15.1431108, 40.2406762], [15.1431108, 40.2406759], [15.1431109, 40.2406757], [15.1431111, 40.2406755], [15.1431421, 40.2406444], [15.1431422, 40.2406444], [15.1431422, 40.2406443], [15.1430717, 40.240046], [15.1431109, 40.2400095], [15.1431236, 40.2401375], [15.1431721, 40.2406211], [15.1431722, 40.2406212], [15.1431722, 40.2406212], [15.143285, 40.2405165], [15.1432852, 40.2405163], [15.1432855, 40.2405161], [15.1433194, 40.2405029], [15.1433195, 40.2405029], [15.1435205, 40.2404329], [15.1441116, 40.2402272], [15.1441117, 40.2402272], [15.1442794, 40.2401473], [15.1442796, 40.2401472], [15.1444029, 40.2401018], [15.1444029, 40.2401018], [15.1444851, 40.2400671], [15.1444852, 40.2400671], [15.1445872, 40.2400096], [15.1447437, 40.2399214], [15.1447438, 40.2399214], [15.1449438, 40.2398169], [15.1449439, 40.2398169], [15.1453958, 40.2395878], [15.1453959, 40.2395878], [15.1455268, 40.2395269], [15.1455271, 40.2395268], [15.1455274, 40.2395267], [15.1455278, 40.2395267], [15.1455281, 40.2395267], [15.1455284, 40.2395268], [15.1455287, 40.2395269], [15.1456521, 40.2395916], [15.1456523, 40.2395918], [15.145721, 40.2396396], [15.1457211, 40.2396397], [15.1457212, 40.2396396], [15.1457343, 40.2396313], [15.1457346, 40.2396311], [15.145735, 40.239631], [15.1457353, 40.239631], [15.1457357, 40.239631], [15.145736, 40.239631], [15.1457364, 40.2396311], [15.1457367, 40.2396313], [15.1457369, 40.2396315], [15.1457371, 40.2396317], [15.1457372, 40.239632], [15.1457373, 40.2396323], [15.1457373, 40.2396326], [15.1457372, 40.2396328], [15.145737, 40.2396331], [15.1457368, 40.2396333], [15.1457121, 40.2396525], [15.145712, 40.2396526], [15.1457121, 40.2396526], [15.1457798, 40.2397157], [15.1457799, 40.2397158], [15.1458118, 40.2397503], [15.1458118, 40.2397504], [15.1458738, 40.2398272], [15.1458739, 40.2398272], [15.14594, 40.2398942], [15.1459401, 40.2398943], [15.1463307, 40.2402338], [15.146786, 40.2406255], [15.146786, 40.2406255], [15.1468848, 40.2407117], [15.1468848, 40.2407117], [15.1471109, 40.2409039], [15.1471109, 40.2409039], [15.1473229, 40.2410941], [15.1473229, 40.2410941], [15.1476454, 40.2413864], [15.1476454, 40.2413864], [15.1480055, 40.2416982], [15.1480055, 40.2416982], [15.1481666, 40.2418432], [15.1481668, 40.2418434], [15.1483442, 40.2420634], [15.1483442, 40.2420634], [15.1485464, 40.242303], [15.1485464, 40.2423031], [15.1486326, 40.2424151], [15.1486326, 40.2424151], [15.1487345, 40.2425566], [15.1487346, 40.2425567], [15.1489194, 40.2427587], [15.1489197, 40.2427591], [15.1490013, 40.2429497], [15.1490014, 40.2429501], [15.1490139, 40.2431629], [15.1490139, 40.2431632], [15.1489621, 40.2433846], [15.1489259, 40.2435411], [15.1489259, 40.2435411], [15.1489259, 40.2435411], [15.1490729, 40.2434016], [15.1490731, 40.2434015], [15.1490734, 40.2434013], [15.1493228, 40.2432931], [15.1493228, 40.2432931], [15.1495585, 40.2431707], [15.1495585, 40.2431707], [15.14966, 40.2431167], [15.1496602, 40.2431166], [15.1498544, 40.2430407], [15.1498545, 40.2430407], [15.150118, 40.2429323], [15.1501182, 40.2429323], [15.1505657, 40.2426412], [15.1505657, 40.2426412], [15.1506475, 40.2425849], [15.1506901, 40.2425556], [15.1509336, 40.2423879], [15.1509662, 40.2423655], [15.1513637, 40.2420917], [15.1513637, 40.2420917], [15.1523903, 40.2413896], [15.1524431, 40.2413535], [15.1530164, 40.2409603], [15.1532897, 40.2407728], [15.1532897, 40.2407728], [15.154007, 40.240289], [15.1540071, 40.240289], [15.1543662, 40.2400495], [15.1548522, 40.2397255], [15.1548522, 40.2397255], [15.1549033, 40.2396896], [15.1555647, 40.2392246], [15.1555647, 40.2392246], [15.1558356, 40.23904], [15.1558356, 40.23904], [15.1558357, 40.2390399], [15.1558669, 40.2389941], [15.155867, 40.238994], [15.1559094, 40.2388914], [15.1559095, 40.2388914], [15.1559431, 40.2387939], [15.1559432, 40.2387937], [15.1559433, 40.2387935], [15.1559435, 40.2387933], [15.1559438, 40.2387932], [15.1559441, 40.238793], [15.1560416, 40.2387594], [15.1560416, 40.2387593], [15.1560416, 40.2387593], [15.1560067, 40.2386918], [15.1560066, 40.2386915], [15.1560066, 40.2386913], [15.1560066, 40.238691], [15.1560067, 40.2386908], [15.1560068, 40.2386905], [15.156007, 40.2386903], [15.1560073, 40.2386902], [15.1560076, 40.23869], [15.1561506, 40.2386363], [15.1561507, 40.2386363], [15.1561507, 40.2386362], [15.1562336, 40.2385157], [15.1562336, 40.2385156], [15.1562758, 40.2384159], [15.156276, 40.2384157], [15.1562761, 40.2384155], [15.1562764, 40.2384153], [15.1562766, 40.2384151], [15.1562769, 40.238415], [15.1563831, 40.2383857], [15.1563832, 40.2383857], [15.1563832, 40.2383856], [15.1563741, 40.2383328], [15.156374, 40.2383326], [15.1563741, 40.2383323], [15.1563742, 40.2383321], [15.1563743, 40.2383319], [15.1564227, 40.2382765], [15.1564227, 40.2382764], [15.1564227, 40.2382763], [15.1563701, 40.2382104], [15.15637, 40.2382102], [15.1563699, 40.23821], [15.1563699, 40.2382097], [15.1563699, 40.2382095], [15.1564026, 40.2380373], [15.1564027, 40.2380371], [15.1564028, 40.2380368], [15.156403, 40.2380366], [15.1564033, 40.2380364], [15.1564036, 40.2380363], [15.1564039, 40.2380362], [15.1564042, 40.2380361], [15.156484, 40.2380313], [15.156484, 40.2380313], [15.156484, 40.2380312], [15.1564686, 40.2379425], [15.1564686, 40.2379423], [15.1564684, 40.2379226], [15.1564684, 40.2379224], [15.1564685, 40.2379221], [15.1564826, 40.2378912], [15.1564826, 40.2378911], [15.1565538, 40.2377639], [15.1565539, 40.2377638], [15.1566096, 40.2376879], [15.1566097, 40.2376878], [15.1566843, 40.2376051], [15.1566843, 40.2376051], [15.156753, 40.2375202], [15.1567532, 40.23752], [15.1568235, 40.2374619], [15.1568237, 40.2374618], [15.1568726, 40.2374327], [15.1568727, 40.2374326], [15.156982, 40.2373385], [15.156982, 40.2373385], [15.1570825, 40.2372378], [15.1570826, 40.2372377], [15.157186, 40.2371415], [15.1571861, 40.2371414], [15.1572807, 40.2370274], [15.1572807, 40.2370274], [15.1573294, 40.2369715], [15.1573294, 40.2369715], [15.1573666, 40.2369246], [15.1573667, 40.2369245], [15.1573667, 40.2369245], [15.1573917, 40.2368176], [15.1573917, 40.2368175], [15.1573936, 40.236787], [15.1573936, 40.2367868], [15.1573938, 40.2367865], [15.1573939, 40.2367863], [15.1573941, 40.2367861], [15.1574432, 40.2367483], [15.1574433, 40.2367482], [15.1577127, 40.2364151], [15.1577127, 40.2364151], [15.1579219, 40.2361473], [15.1580356, 40.2360018], [15.1581333, 40.2358767], [15.1582541, 40.2357221], [15.1582541, 40.2357221], [15.158254, 40.2357221], [15.1580237, 40.2357943], [15.1580234, 40.2357944], [15.158023, 40.2357944], [15.1580227, 40.2357944], [15.1580224, 40.2357943], [15.158022, 40.2357942], [15.1580218, 40.235794], [15.1580044, 40.2357802], [15.1580042, 40.23578], [15.158004, 40.2357797], [15.1580039, 40.2357795], [15.1580039, 40.2357792], [15.1580039, 40.235779], [15.158004, 40.2357787], [15.1580042, 40.2357785], [15.1580044, 40.2357783], [15.1580047, 40.2357781], [15.158005, 40.235778], [15.1582297, 40.2357035], [15.1582297, 40.2357035], [15.1582298, 40.2357035], [15.1584787, 40.2354033], [15.1584788, 40.2354031], [15.1584953, 40.2353886], [15.1584954, 40.2353885], [15.1585268, 40.2353533], [15.1585269, 40.2353533], [15.1591425, 40.2345915], [15.1591426, 40.2345914], [15.1592923, 40.2343229], [15.1592925, 40.2343227], [15.1594158, 40.2341868], [15.1594158, 40.2341867], [15.159557, 40.2340405], [15.1595571, 40.2340405], [15.1595986, 40.233994], [15.1595986, 40.233994], [15.1596874, 40.2338917], [15.1598397, 40.2337162], [15.1601661, 40.2333336], [15.1605674, 40.2328619], [15.1605674, 40.2328619], [15.1607922, 40.2325918], [15.1607922, 40.2325918], [15.1609468, 40.2324194], [15.1609469, 40.2324193], [15.1610274, 40.2322509], [15.1610274, 40.2322509], [15.1611943, 40.231924], [15.1611943, 40.231924], [15.1613776, 40.2315781], [15.1613776, 40.231578], [15.161554, 40.2312568], [15.161554, 40.2312567], [15.1616141, 40.2311405], [15.1616142, 40.2311405], [15.1616685, 40.2309981], [15.1617776, 40.2307127], [15.1617776, 40.2307127], [15.1618123, 40.2306227], [15.1619618, 40.2302359], [15.1621403, 40.229773], [15.1621403, 40.2297729], [15.1622456, 40.2294836], [15.1622456, 40.2294836], [15.1623903, 40.2291226], [15.1623903, 40.2291226], [15.1624431, 40.2289669], [15.1624431, 40.2289668], [15.162556, 40.2286964], [15.1626814, 40.2283878], [15.1628473, 40.2279664], [15.1628473, 40.2279664], [15.1629213, 40.2277928], [15.1629213, 40.2277928], [15.1632137, 40.2270775], [15.1632137, 40.2270775], [15.1632268, 40.2270462], [15.1632268, 40.2270461], [15.1632292, 40.227038], [15.1632293, 40.2270379], [15.1632584, 40.2269702], [15.1632585, 40.2269702], [15.1633112, 40.2268347], [15.1633214, 40.2268085], [15.163383, 40.2266503], [15.163399, 40.226609], [15.1633991, 40.226609], [15.1634217, 40.2265567], [15.1634523, 40.226486], [15.1634933, 40.2263914], [15.1634933, 40.2263913], [15.1634933, 40.2263913], [15.1634836, 40.2263807], [15.1634616, 40.2263566], [15.1634389, 40.2263319], [15.1634295, 40.2263216], [15.1634295, 40.2263216], [15.163402, 40.2262973], [15.163402, 40.2262973], [15.1633921, 40.2262885], [15.1633919, 40.2262883], [15.1633918, 40.226288], [15.1633917, 40.2262878], [15.1633917, 40.2262875], [15.1633917, 40.2262873], [15.1633918, 40.2262871], [15.163392, 40.2262868], [15.1633922, 40.2262866], [15.1634242, 40.2262611], [15.1634242, 40.2262611], [15.1634242, 40.226261], [15.163407, 40.2262455], [15.1634069, 40.2262455], [15.1634069, 40.2262455], [15.1633946, 40.2262457], [15.1633942, 40.2262456], [15.1633938, 40.2262455], [15.1633935, 40.2262454], [15.1633932, 40.2262452], [15.1633668, 40.2262231], [15.1633666, 40.2262229], [15.1633664, 40.2262226], [15.1633663, 40.2262224], [15.1633663, 40.2262221], [15.1633663, 40.2262219], [15.1633664, 40.2262216], [15.1633666, 40.2262214], [15.1633668, 40.2262212], [15.163375, 40.2262143], [15.1633751, 40.2262142], [15.163375, 40.2262142], [15.163193, 40.2260785], [15.163193, 40.2260784], [15.1630739, 40.2259778], [15.1630738, 40.2259777], [15.1628836, 40.2258522], [15.1628754, 40.2258468], [15.162828, 40.2258155], [15.162828, 40.2258155], [15.1628184, 40.2258094], [15.1628184, 40.2258094], [15.1625165, 40.2256182], [15.1625163, 40.2256181], [15.1623484, 40.2254836], [15.1623484, 40.2254836], [15.1622708, 40.2254239], [15.1620244, 40.2252346], [15.1620242, 40.2252345], [15.1619152, 40.2251222], [15.1619152, 40.2251222], [15.1618126, 40.2250128], [15.1618031, 40.2250028], [15.1618031, 40.2250027], [15.161803, 40.2250027], [15.1615732, 40.2249023], [15.1615729, 40.2249022], [15.1615727, 40.224902], [15.1615376, 40.2248702], [15.1615376, 40.2248702], [15.1613974, 40.2247408], [15.1613554, 40.2247021], [15.1613553, 40.224702], [15.1613058, 40.2246393], [15.1613058, 40.2246393], [15.1612631, 40.224585], [15.1611892, 40.2244911], [15.1611892, 40.224491], [15.1611083, 40.2244129], [15.1611082, 40.2244129], [15.1610816, 40.2243885], [15.16091, 40.2242312], [15.1609099, 40.2242312], [15.1609099, 40.2242312], [15.160814, 40.2241922], [15.160814, 40.2241922], [15.1607568, 40.2241706], [15.1605101, 40.224077], [15.1605101, 40.224077], [15.160294, 40.2240009], [15.1602937, 40.2240008], [15.1602934, 40.2240006], [15.1602749, 40.2239841], [15.1602747, 40.223984], [15.1602746, 40.2239837], [15.1602745, 40.2239835], [15.1602744, 40.2239833], [15.1602741, 40.2239714], [15.1602742, 40.2239711], [15.1602743, 40.2239709], [15.1602745, 40.2239706], [15.1602748, 40.2239704], [15.1604685, 40.2238425], [15.1604685, 40.2238424], [15.1604788, 40.2238334], [15.1605678, 40.2237546], [15.1605679, 40.2237545], [15.1605678, 40.2237545], [15.1605397, 40.2237449], [15.1605393, 40.2237447], [15.160508, 40.2237257], [15.160445, 40.2236871], [15.1604448, 40.2236871], [15.1604198, 40.2236793], [15.1604195, 40.2236791], [15.1604192, 40.2236789], [15.1604189, 40.2236787], [15.1604188, 40.2236785], [15.1604187, 40.2236782], [15.1604187, 40.2236779], [15.1604187, 40.2236777], [15.1604516, 40.2235789], [15.1604516, 40.2235788], [15.1604515, 40.2235788], [15.1602275, 40.2235316], [15.1602275, 40.2235316], [15.1601072, 40.2235097], [15.1601039, 40.2235091], [15.1600832, 40.2235054], [15.1598533, 40.2234635], [15.1598532, 40.2234635], [15.1596707, 40.2234229], [15.1596707, 40.2234229], [15.1592961, 40.223339], [15.1592961, 40.223339], [15.1589323, 40.2232736], [15.1589323, 40.2232736], [15.1586092, 40.2232149], [15.1586091, 40.2232149], [15.158609, 40.2232149], [15.1583751, 40.223267], [15.1583751, 40.223267], [15.1577404, 40.2233884], [15.1573806, 40.2234573], [15.1573805, 40.2234573], [15.1573805, 40.2234573], [15.1571252, 40.2236485], [15.1571249, 40.2236487], [15.1566874, 40.2238666], [15.1566577, 40.2238814], [15.1566577, 40.2238815], [15.1565514, 40.2239331], [15.156551, 40.2239332], [15.1565506, 40.2239333], [15.1556697, 40.2240007], [15.1556693, 40.2240007], [15.1556689, 40.2240006], [15.1556685, 40.2240005], [15.1552291, 40.2237797], [15.1552289, 40.2237796], [15.1547466, 40.2236553], [15.1547462, 40.2236552], [15.1547459, 40.223655], [15.1547457, 40.2236548], [15.1545807, 40.2234774], [15.1545807, 40.2234773], [15.1545093, 40.2233942], [15.1545092, 40.2233942], [15.1544128, 40.22331], [15.1544127, 40.2233099], [15.1542866, 40.2231879], [15.1542864, 40.2231877], [15.1542863, 40.2231874], [15.1542665, 40.223123], [15.1542664, 40.2231229], [15.1542432, 40.2230392], [15.1542432, 40.223039], [15.1542276, 40.2227616], [15.1542276, 40.2227616], [15.1542193, 40.2225816], [15.1542193, 40.2225815], [15.1542193, 40.2225814], [15.1541904, 40.222542], [15.1541904, 40.222542], [15.1541593, 40.2225008], [15.1540271, 40.2223258], [15.154027, 40.2223258], [15.1540269, 40.2223257], [15.154007, 40.2223147], [15.1537701, 40.2221847], [15.1537701, 40.2221847], [15.1534184, 40.2219875], [15.1534183, 40.2219874], [15.1534182, 40.2219874], [15.1522933, 40.2220445], [15.1522929, 40.2220445], [15.1522926, 40.2220444], [15.1522922, 40.2220443], [15.1522919, 40.2220441], [15.1522917, 40.2220439], [15.1522235, 40.2219653], [15.1522233, 40.2219651], [15.1522232, 40.2219648], [15.1522232, 40.2219645], [15.1522232, 40.2219643], [15.1522233, 40.221964], [15.1522235, 40.2219638], [15.1522237, 40.2219636], [15.152224, 40.2219634], [15.1522243, 40.2219633], [15.1522247, 40.2219632], [15.152225, 40.2219632], [15.1533373, 40.2219794], [15.1533374, 40.2219794], [15.1533374, 40.2219794], [15.1534055, 40.2218916], [15.1534055, 40.2218915], [15.1534055, 40.2218915], [15.1531255, 40.22162], [15.1531254, 40.2216198], [15.1531252, 40.2216196], [15.1531252, 40.2216194], [15.1531251, 40.2216191], [15.1531505, 40.2211758], [15.1531506, 40.2211754], [15.1532498, 40.2209557], [15.1532498, 40.2209555], [15.1532922, 40.2206939], [15.1532922, 40.2206938], [15.1532922, 40.2206937], [15.1527138, 40.2201279], [15.1527138, 40.2201279], [15.1527137, 40.2201279], [15.1523028, 40.2202376], [15.1523027, 40.2202376], [15.1516093, 40.2204989], [15.1516093, 40.2204989], [15.1511338, 40.2206731], [15.1511338, 40.2206731], [15.1508069, 40.2207829], [15.1508069, 40.2207829], [15.1504998, 40.2208775], [15.1504998, 40.2208775], [15.1502902, 40.220945], [15.150267, 40.2208966], [15.150124, 40.2208092], [15.1492841, 40.2206097], [15.1490629, 40.2205401], [15.1488613, 40.2204418], [15.1483458, 40.2201381], [15.1482788, 40.2196727], [15.1482493, 40.219483], [15.1482493, 40.2194828], [15.1482499, 40.2194735], [15.148254, 40.219406], [15.1482544, 40.2193996], [15.1482544, 40.2193993], [15.148324, 40.2191642], [15.148324, 40.2191642], [15.1484958, 40.2184965], [15.1484958, 40.2184964], [15.1485492, 40.2183162], [15.1486251, 40.2180604], [15.1486251, 40.2180602], [15.1486253, 40.2180599], [15.1491433, 40.217442], [15.1491433, 40.217442], [15.1493862, 40.2171615], [15.1493864, 40.2171613], [15.1496093, 40.2169718], [15.1496093, 40.2169718], [15.1502287, 40.2164563], [15.1502289, 40.2164562], [15.1505483, 40.2162705], [15.1505484, 40.2162705], [15.1507607, 40.2161232], [15.150761, 40.216123], [15.1507613, 40.2161229], [15.1507617, 40.2161229], [15.150762, 40.2161228], [15.1507624, 40.2161229], [15.1512167, 40.2162065], [15.1512168, 40.2162065], [15.1512168, 40.2162065], [15.1513999, 40.216165], [15.1514001, 40.2161649], [15.152051, 40.2160896], [15.152051, 40.2160896], [15.1536428, 40.2159087], [15.1537932, 40.2158913], [15.1548804, 40.2157655], [15.1548805, 40.2157655], [15.1548805, 40.2157654], [15.154973, 40.2153576], [15.1549975, 40.2152495], [15.1549975, 40.2152494], [15.1549975, 40.2152494], [15.1548012, 40.2140984], [15.1548012, 40.2140983], [15.1548011, 40.2140983], [15.154198, 40.213589], [15.1541978, 40.2135888], [15.1541977, 40.2135885], [15.1541976, 40.2135883], [15.1541976, 40.213588], [15.1542036, 40.2134663], [15.1542037, 40.2134661], [15.1542038, 40.2134658], [15.154204, 40.2134656], [15.1542042, 40.2134654], [15.1542045, 40.2134652], [15.1542048, 40.2134651], [15.1542051, 40.213465], [15.1542054, 40.213465], [15.1542058, 40.2134651], [15.1542061, 40.2134651], [15.1542947, 40.2134935], [15.1542948, 40.2134936], [15.1542948, 40.2134935], [15.1542894, 40.2133804], [15.1542894, 40.2133803], [15.1542798, 40.2133134], [15.1542798, 40.2133131], [15.1542798, 40.2133129], [15.1544514, 40.2127393], [15.1544516, 40.212739], [15.1545749, 40.2125618], [15.154575, 40.2125617], [15.1546527, 40.2124624], [15.1546529, 40.2124622], [15.1549144, 40.2122384], [15.1549145, 40.2122384], [15.1549144, 40.2122383], [15.1549081, 40.2122339], [15.1549079, 40.2122337], [15.1549077, 40.2122335], [15.1549076, 40.2122333], [15.1549075, 40.212233], [15.1549075, 40.2122327], [15.1549076, 40.2122325], [15.1549078, 40.2122322], [15.1551089, 40.2119705], [15.1551089, 40.2119704], [15.1551089, 40.2119704], [15.1550934, 40.2117157], [15.1550934, 40.2117157], [15.1550765, 40.2112451], [15.1550765, 40.211245], [15.1550584, 40.2111672], [15.1550583, 40.2111668], [15.1550859, 40.210907], [15.1550859, 40.210907], [15.1551121, 40.210684], [15.1551121, 40.2106839], [15.1551166, 40.210435], [15.1551166, 40.210435], [15.1551153, 40.2102274], [15.1551152, 40.2102273], [15.1551152, 40.2102273], [15.1549321, 40.2099699], [15.154932, 40.2099696], [15.1549319, 40.2099693], [15.1549319, 40.209969], [15.154932, 40.2099687], [15.1549887, 40.2098537], [15.1549887, 40.2098537], [15.1550629, 40.2097053], [15.155063, 40.2097053], [15.1550809, 40.2096708], [15.1551001, 40.2096341], [15.1551002, 40.209634], [15.1551399, 40.2095762], [15.1551399, 40.2095762], [15.1552318, 40.2094451], [15.1552319, 40.209445], [15.1553775, 40.2092858], [15.1553776, 40.2092858], [15.155552, 40.2091121], [15.1555521, 40.209112], [15.1556651, 40.2090115], [15.1556653, 40.2090114], [15.1556656, 40.2090112], [15.1557437, 40.2089789], [15.1557438, 40.2089788], [15.1558952, 40.2088979], [15.1558954, 40.2088978], [15.1560308, 40.2087727], [15.1560309, 40.2087727], [15.1560309, 40.2087726], [15.1561236, 40.2085273], [15.1561237, 40.2085271], [15.1561239, 40.2085268], [15.1564991, 40.2081798], [15.1569474, 40.2077639], [15.1569474, 40.2077639], [15.1572863, 40.2074529], [15.1572863, 40.2074529], [15.1573853, 40.2073601], [15.1573854, 40.20736], [15.1574582, 40.2072714], [15.1574582, 40.2072713], [15.1574582, 40.2072712], [15.1573959, 40.2071465], [15.1573678, 40.2070901], [15.1573677, 40.2070898], [15.1573677, 40.2070896], [15.1573677, 40.2070893], [15.1573678, 40.2070891], [15.1574466, 40.2069298], [15.1574466, 40.2069297], [15.1574793, 40.2067664], [15.1574793, 40.2067663], [15.1574778, 40.2065269], [15.1574778, 40.2065268], [15.1574777, 40.2065267], [15.1574306, 40.2064791], [15.1574306, 40.206479], [15.1573468, 40.2064035], [15.1573467, 40.2064035], [15.1570647, 40.2062073], [15.157061, 40.2062047], [15.1570607, 40.2062045], [15.1570606, 40.2062042], [15.1570604, 40.206204], [15.1570604, 40.2062037], [15.1570604, 40.2062035], [15.1570605, 40.2062032], [15.1570606, 40.206203], [15.1570608, 40.2062028], [15.1570611, 40.2062026], [15.1570613, 40.2062024], [15.1570617, 40.2062023], [15.157062, 40.2062023], [15.1570623, 40.2062023], [15.1570627, 40.2062023], [15.157063, 40.2062024], [15.1574162, 40.2063384], [15.1574165, 40.2063386], [15.1575841, 40.2064431], [15.1575842, 40.2064432], [15.1575842, 40.2064431], [15.1578275, 40.2062018], [15.1578275, 40.2062017], [15.1578275, 40.2062017], [15.1576218, 40.2060647], [15.1576217, 40.2060647], [15.1574218, 40.2059426], [15.1572149, 40.205817], [15.1570218, 40.2057019], [15.1570218, 40.2057019], [15.1567508, 40.2055556], [15.1567506, 40.2055554], [15.156661, 40.2054821], [15.1566609, 40.2054821], [15.1563668, 40.2053094], [15.1561484, 40.2051822], [15.1561484, 40.2051821], [15.1559761, 40.205095], [15.1559761, 40.205095], [15.1558774, 40.2050463], [15.1558773, 40.2050462], [15.1556135, 40.2049595], [15.1556135, 40.2049595], [15.1554024, 40.2048813], [15.1554023, 40.2048813], [15.15515, 40.2048015], [15.15515, 40.2048015], [15.1549459, 40.2047479], [15.1549459, 40.2047479], [15.1548428, 40.2047167], [15.1548425, 40.2047166], [15.1547371, 40.2046645], [15.1547369, 40.2046644], [15.1546176, 40.204593], [15.1546174, 40.2045928], [15.15456, 40.2045441], [15.1545599, 40.2045439], [15.1544884, 40.2044547], [15.1544884, 40.2044547], [15.154396, 40.2043287], [15.154396, 40.2043287], [15.1543382, 40.2042429], [15.1543382, 40.2042428], [15.1542736, 40.2041173], [15.1542735, 40.204117], [15.1542734, 40.2041167], [15.1542735, 40.2041165], [15.1542736, 40.2041162], [15.1544034, 40.2039121], [15.1544035, 40.2039119], [15.1544038, 40.2039117], [15.1544041, 40.2039115], [15.1544743, 40.2038799], [15.1544745, 40.2038798], [15.1546617, 40.2038177], [15.1549998, 40.2037058], [15.1549998, 40.2037058], [15.1553768, 40.2035903], [15.1553769, 40.2035903], [15.1555002, 40.2035582], [15.1555003, 40.2035582], [15.1557149, 40.2034749], [15.1557149, 40.2034749], [15.1559295, 40.2033881], [15.1559296, 40.203388], [15.1560346, 40.2033525], [15.1560347, 40.2033525], [15.1563065, 40.2032707], [15.1563066, 40.2032707], [15.1565006, 40.2032086], [15.1565009, 40.2032085], [15.1567203, 40.2031761], [15.1567203, 40.2031761], [15.1570517, 40.2031187], [15.1570521, 40.2031187], [15.1573082, 40.2031124], [15.1573084, 40.2031124], [15.157562, 40.2030518], [15.1577014, 40.2030179], [15.1577015, 40.2030178], [15.1578659, 40.2029628], [15.1580784, 40.2028918], [15.1580784, 40.2028918], [15.158197, 40.2028439], [15.1581971, 40.2028439], [15.1581972, 40.2028439], [15.1583428, 40.2027205], [15.1583428, 40.2027205], [15.1583429, 40.2027204], [15.1584106, 40.2025851], [15.1584106, 40.202585], [15.1584525, 40.2025103], [15.1584525, 40.2025102], [15.1584702, 40.2024243], [15.1584702, 40.2024241], [15.1584671, 40.2022891], [15.1584671, 40.202289], [15.1584383, 40.2020838], [15.1584382, 40.2020837], [15.1584123, 40.201961], [15.1584123, 40.201961], [15.1583442, 40.2017102], [15.1583442, 40.2017102], [15.1582939, 40.2015358], [15.1582939, 40.2015357], [15.1582938, 40.2015357], [15.1581566, 40.2014541], [15.1581563, 40.2014539], [15.1581561, 40.2014537], [15.158156, 40.2014535], [15.1581559, 40.2014532], [15.1581251, 40.2012801], [15.1581251, 40.2012801], [15.1580225, 40.2006416], [15.1580225, 40.2006415], [15.1580224, 40.2006415], [15.1578849, 40.2006239], [15.1578845, 40.2006238], [15.1578842, 40.2006237], [15.1578839, 40.2006236], [15.1578837, 40.2006234], [15.1578835, 40.2006231], [15.1578834, 40.2006229], [15.1578834, 40.2006226], [15.1578834, 40.2006223], [15.1578835, 40.2006221], [15.1578836, 40.2006218], [15.1578838, 40.2006216], [15.1578841, 40.2006214], [15.1578844, 40.2006213], [15.1581657, 40.200523], [15.1581658, 40.200523], [15.1581658, 40.2005229], [15.1581654, 40.2004526], [15.1581654, 40.2004524], [15.1581189, 40.2003294], [15.1581189, 40.2003294], [15.1580539, 40.2001993], [15.1580539, 40.2001993], [15.1579382, 40.2000377], [15.1579382, 40.2000376], [15.1578043, 40.1998831], [15.1578042, 40.199883], [15.1576105, 40.1997323], [15.1576105, 40.1997322], [15.1574791, 40.1996217], [15.157479, 40.1996217], [15.15741, 40.1995552], [15.1574098, 40.199555], [15.1574097, 40.1995547], [15.1572655, 40.1991892], [15.1572655, 40.1991892], [15.157163, 40.1988938], [15.1571629, 40.1988935], [15.1571436, 40.198707], [15.1571436, 40.198707], [15.1571168, 40.1984236], [15.1571168, 40.1984236], [15.1570928, 40.1982159], [15.1570928, 40.1982159], [15.1570732, 40.19798], [15.1570732, 40.19798], [15.1570631, 40.197811], [15.1570631, 40.1978109], [15.1570754, 40.1975258], [15.1570755, 40.1975255], [15.1571344, 40.1973811], [15.1571344, 40.1973811], [15.1571796, 40.1972471], [15.1571796, 40.197247], [15.1572017, 40.1970886], [15.1572017, 40.1970885], [15.1572031, 40.1969107], [15.1572031, 40.1969106], [15.1571563, 40.1967418], [15.1571563, 40.1967417], [15.1571286, 40.1966173], [15.1571286, 40.196617], [15.1571286, 40.1966167], [15.1571287, 40.1966165], [15.1571289, 40.1966162], [15.1571292, 40.196616], [15.1571295, 40.1966159], [15.1571298, 40.1966158], [15.1571302, 40.1966157], [15.1571305, 40.1966157], [15.1571309, 40.1966158], [15.1573533, 40.1966707], [15.1573534, 40.1966707], [15.1573534, 40.1966707], [15.1573348, 40.1966145], [15.1573347, 40.1966144], [15.1573347, 40.1966144], [15.1571922, 40.1965691], [15.1571921, 40.1965691], [15.1571051, 40.1965378], [15.1571047, 40.1965376], [15.1571044, 40.1965374], [15.1567793, 40.1962235], [15.1567793, 40.1962234], [15.1567792, 40.1962234], [15.1562687, 40.196063], [15.1562686, 40.196063], [15.1562686, 40.196063], [15.1560804, 40.1960777], [15.1560804, 40.1960777], [15.1556534, 40.1961036], [15.1551255, 40.1961369], [15.1551254, 40.1961369], [15.1547856, 40.196145], [15.1547856, 40.196145], [15.1541589, 40.1961452], [15.1541585, 40.1961451], [15.1539105, 40.1961107], [15.1539105, 40.1961107], [15.1534877, 40.1960416], [15.1534875, 40.1960415], [15.1532258, 40.1960318], [15.1532257, 40.1960318], [15.1529272, 40.1960116], [15.152927, 40.1960115], [15.1526651, 40.1959701], [15.1524215, 40.1959321], [15.1524215, 40.1959321], [15.1521435, 40.1958784], [15.1521432, 40.1958783], [15.1517753, 40.1957492], [15.1517752, 40.1957491], [15.1514164, 40.1956024], [15.1514162, 40.1956023], [15.1509926, 40.1953747], [15.1509926, 40.1953746], [15.1508684, 40.1953012], [15.1508681, 40.195301], [15.1506565, 40.195105], [15.1506562, 40.1951047], [15.1506561, 40.1951045], [15.150656, 40.1951042], [15.1506561, 40.1951039], [15.150714, 40.1947909], [15.150714, 40.1947909], [15.150714, 40.1947908], [15.1506593, 40.1947492], [15.1506591, 40.194749], [15.1506589, 40.1947487], [15.1506588, 40.1947484], [15.1506588, 40.1947481], [15.1506785, 40.1945889], [15.1506786, 40.1945886], [15.1506787, 40.1945884], [15.1506789, 40.1945881], [15.1509391, 40.1943588], [15.1509393, 40.1943587], [15.1511767, 40.1942104], [15.151177, 40.1942103], [15.1511773, 40.1942102], [15.1511776, 40.1942101], [15.1511779, 40.1942101], [15.1514023, 40.1942165], [15.1514023, 40.1942165], [15.1514665, 40.1942198], [15.1514666, 40.1942198], [15.1514667, 40.1942198], [15.1516224, 40.1941524], [15.1516224, 40.1941524], [15.1516225, 40.1941524], [15.1517091, 40.1940466], [15.1517092, 40.1940464], [15.1517914, 40.1939723], [15.1517915, 40.1939722], [15.1518324, 40.1939053], [15.1518324, 40.1939052], [15.1519051, 40.1937536], [15.1519051, 40.1937536], [15.1519051, 40.1937535], [15.1518492, 40.1935989], [15.1518492, 40.1935987], [15.1518398, 40.1935461], [15.1518397, 40.193546], [15.1518397, 40.1935459], [15.151418, 40.1932461], [15.151418, 40.1932461], [15.1513582, 40.1932111], [15.151358, 40.1932111], [15.1507371, 40.1930122], [15.150737, 40.1930122], [15.1503784, 40.1929288], [15.1503784, 40.1929288], [15.1499968, 40.1928384], [15.1499968, 40.1928383], [15.1497885, 40.1927865], [15.1497884, 40.1927865], [15.1497003, 40.19276], [15.1497, 40.19276], [15.1495443, 40.1927499], [15.149544, 40.1927499], [15.1495437, 40.1927498], [15.1494062, 40.1927046], [15.149406, 40.1927045], [15.1494058, 40.1927044], [15.1493646, 40.1926765], [15.1493645, 40.1926765], [15.1493644, 40.1926765], [15.1492864, 40.1926591], [15.1492863, 40.1926591], [15.1486564, 40.192499], [15.1486563, 40.192499], [15.1476654, 40.1922255], [15.1476651, 40.1922254], [15.1476009, 40.1921975], [15.1476007, 40.1921975], [15.1471772, 40.1919769], [15.1471772, 40.1919769], [15.1468595, 40.1917983], [15.1468593, 40.1917982], [15.1465644, 40.1915772], [15.1465644, 40.1915772], [15.1464449, 40.1914863], [15.1464447, 40.1914861], [15.1464445, 40.1914859], [15.1464444, 40.1914856], [15.146379, 40.1912503], [15.146379, 40.1912502], [15.146379, 40.1912502], [15.1461505, 40.1909782], [15.1461503, 40.190978], [15.1461502, 40.1909778], [15.1460711, 40.1907458], [15.1460711, 40.1907457], [15.1459591, 40.1903974], [15.1458565, 40.1900773], [15.1458564, 40.1900772], [15.1458049, 40.1898626], [15.1458048, 40.1898625], [15.1457115, 40.189567], [15.1457115, 40.189567], [15.1455813, 40.1892505], [15.1455813, 40.1892503], [15.1452693, 40.1888411], [15.1452693, 40.188841], [15.1452692, 40.188841], [15.1450807, 40.1887782], [15.1450807, 40.1887782], [15.1450806, 40.1887782], [15.1448649, 40.1887929], [15.1448649, 40.1887929], [15.1446722, 40.1888111], [15.1446721, 40.1888111], [15.1446721, 40.1888111], [15.1442003, 40.1890379], [15.1436299, 40.1893125], [15.1433277, 40.1894578], [15.1433274, 40.1894579], [15.1430433, 40.1895432], [15.1430432, 40.1895432], [15.1426811, 40.189671], [15.1426811, 40.189671], [15.1424086, 40.1897792], [15.1424081, 40.1897793], [15.1422478, 40.1898044], [15.1422477, 40.1898044], [15.1420965, 40.189826], [15.1420962, 40.189826], [15.1417106, 40.1898342], [15.1417106, 40.1898342], [15.1414673, 40.1898454], [15.1414672, 40.1898454], [15.1412653, 40.1898601], [15.1412652, 40.1898601], [15.1409715, 40.1898786], [15.1409714, 40.1898786], [15.1406685, 40.18989], [15.1406683, 40.18989], [15.140298, 40.1898861], [15.1402804, 40.1898859], [15.1402803, 40.1898859], [15.140111, 40.1898899], [15.1401106, 40.1898899], [15.1401103, 40.1898898], [15.1401099, 40.1898897], [15.1399631, 40.1898129], [15.1399631, 40.1898129], [15.1397375, 40.1896938], [15.1397375, 40.1896938], [15.1395258, 40.1895958], [15.1395257, 40.1895958], [15.1393419, 40.18954], [15.1393418, 40.18954], [15.1393417, 40.18954], [15.1390168, 40.1897557], [15.1390168, 40.1897558], [15.1390022, 40.1897649], [15.1390019, 40.1897651], [15.1390016, 40.1897652], [15.1390012, 40.1897652], [15.1390009, 40.1897652], [15.1390005, 40.1897652], [15.1390002, 40.1897651], [15.1389999, 40.1897649], [15.1389997, 40.1897647], [15.1389815, 40.1897461], [15.1389813, 40.1897459], [15.1389811, 40.1897456], [15.1389811, 40.1897454], [15.1389761, 40.1896707], [15.1389761, 40.1896706], [15.1389368, 40.1895168], [15.1389368, 40.1895165], [15.1389368, 40.1895162], [15.1389587, 40.1894413], [15.1389587, 40.1894413], [15.138988, 40.1893285], [15.1389881, 40.1893285], [15.1389888, 40.1893248], [15.1389888, 40.1893248], [15.1390026, 40.1892573], [15.1390028, 40.1892569], [15.1391199, 40.1890694], [15.1391201, 40.1890692], [15.1391203, 40.189069], [15.1391205, 40.1890688], [15.139218, 40.1890201], [15.1392181, 40.1890201], [15.1392964, 40.1889863], [15.1392966, 40.1889862], [15.1394483, 40.1888809], [15.1394483, 40.1888809], [15.1396442, 40.1887379], [15.1396443, 40.1887379], [15.1397569, 40.1886439], [15.1397569, 40.1886438], [15.1398303, 40.1885687], [15.1398304, 40.1885686], [15.1398841, 40.1884935], [15.1398842, 40.1884934], [15.1399428, 40.1883656], [15.1399429, 40.1883656], [15.1400252, 40.1881623], [15.1400357, 40.1881362], [15.1400358, 40.1881362], [15.1401779, 40.1878354], [15.1401779, 40.1878353], [15.1402681, 40.1876737], [15.1402681, 40.1876736], [15.1403855, 40.1875045], [15.1403856, 40.1875044], [15.1404932, 40.1873841], [15.1404933, 40.187384], [15.1405666, 40.1873127], [15.1405668, 40.1873126], [15.1407037, 40.1872073], [15.1407039, 40.1872072], [15.140836, 40.1871283], [15.1408362, 40.1871282], [15.1410173, 40.1870454], [15.1410174, 40.1870454], [15.1413455, 40.1869062], [15.1413457, 40.1869061], [15.1416493, 40.1868233], [15.1416495, 40.1868232], [15.1418038, 40.1867968], [15.1418038, 40.1867968], [15.1419458, 40.1867742], [15.141946, 40.1867742], [15.1421321, 40.1867665], [15.1421321, 40.1867665], [15.1423233, 40.1867551], [15.1423233, 40.1867551], [15.1424555, 40.1867475], [15.1424557, 40.1867475], [15.1426223, 40.1867512], [15.1426223, 40.1867512], [15.1426908, 40.1867511], [15.1426909, 40.1867511], [15.142691, 40.1867511], [15.1427741, 40.1867285], [15.1427743, 40.1867285], [15.1428329, 40.1867022], [15.142833, 40.1867022], [15.142833, 40.1867021], [15.1429113, 40.1866269], [15.1429113, 40.1866269], [15.142975, 40.186563], [15.142975, 40.186563], [15.1430385, 40.1864953], [15.1430386, 40.1864952], [15.1430924, 40.1864013], [15.1430924, 40.1864012], [15.1431413, 40.186296], [15.1431413, 40.1862959], [15.1431705, 40.1861343], [15.1431706, 40.1861343], [15.1432096, 40.1859614], [15.1432096, 40.1859613], [15.1432339, 40.185811], [15.1432339, 40.185811], [15.1432534, 40.1857171], [15.1432535, 40.1857169], [15.1433072, 40.1855967], [15.1433072, 40.1855966], [15.1434148, 40.1853974], [15.1434148, 40.1853974], [15.1435762, 40.1851004], [15.1435763, 40.1851002], [15.1436496, 40.1850026], [15.1436497, 40.1850024], [15.1437818, 40.1848671], [15.1437819, 40.184867], [15.1440266, 40.1846564], [15.1440267, 40.1846564], [15.144243, 40.1844372], [15.1442431, 40.1844371], [15.1444892, 40.1842189], [15.1444892, 40.1842189], [15.1446381, 40.1841032], [15.1446381, 40.1841032], [15.144717, 40.1840396], [15.144841, 40.1839386], [15.1448972, 40.1838925], [15.1448975, 40.1838923], [15.1450552, 40.1838], [15.1450552, 40.1838], [15.1453145, 40.1836498], [15.1453146, 40.1836498], [15.1454949, 40.1835516], [15.145495, 40.1835516], [15.1457129, 40.1833899], [15.1458706, 40.1832716], [15.1458708, 40.1832715], [15.1459947, 40.1831994], [15.1459948, 40.1831994], [15.1460999, 40.1831387], [15.1461, 40.1831387], [15.1461751, 40.1830839], [15.1461752, 40.1830838], [15.1462277, 40.1830464], [15.1462278, 40.1830463], [15.1462278, 40.1830463], [15.1462953, 40.1829511], [15.1462954, 40.182951], [15.1463967, 40.1828386], [15.1463968, 40.1828385], [15.1465207, 40.1827231], [15.1465207, 40.182723], [15.1465207, 40.182723], [15.1463928, 40.1826511], [15.1463928, 40.182651], [15.1463927, 40.182651], [15.146201, 40.1826367], [15.1462009, 40.1826367], [15.1460247, 40.1826346], [15.1460243, 40.1826346], [15.146024, 40.1826345], [15.1460237, 40.1826344], [15.1460234, 40.1826342], [15.1460232, 40.182634], [15.1460231, 40.1826338], [15.146023, 40.1826335], [15.1460229, 40.1826333], [15.1460229, 40.182633], [15.1460353, 40.1825785], [15.1460354, 40.1825783], [15.1460356, 40.1825781], [15.1460358, 40.1825778], [15.146036, 40.1825777], [15.1461824, 40.1824977], [15.1461827, 40.1824975], [15.146183, 40.1824975], [15.1461833, 40.1824974], [15.1464187, 40.1824772], [15.1464188, 40.1824772], [15.1464188, 40.1824771], [15.1464907, 40.1823766], [15.1464907, 40.1823766], [15.1464908, 40.1823765], [15.1465103, 40.182271], [15.1465103, 40.182271], [15.1465494, 40.1820699], [15.1465494, 40.1820699], [15.1465819, 40.1818739], [15.1465819, 40.1818738], [15.1465819, 40.1818737], [15.1464117, 40.1817334], [15.1464115, 40.1817332], [15.1464113, 40.181733], [15.1464112, 40.1817328], [15.1463457, 40.1815375], [15.1463457, 40.1815373], [15.1463457, 40.181537], [15.1463457, 40.1815367], [15.1464044, 40.1814014], [15.1464044, 40.1814013], [15.1465052, 40.1807781], [15.1465052, 40.180778], [15.1465052, 40.1807779], [15.1462514, 40.180395], [15.1462514, 40.1803949], [15.1462513, 40.1803949], [15.1456475, 40.1799918], [15.1456474, 40.1799918], [15.1439005, 40.178576], [15.1439005, 40.1785759], [15.1428844, 40.1776819], [15.1428843, 40.1776819], [15.1419476, 40.1769187], [15.1419475, 40.1769187], [15.1419474, 40.1769187], [15.141839, 40.1770003], [15.1418389, 40.1770004], [15.1416233, 40.1771968], [15.1416231, 40.177197], [15.1416228, 40.1771971], [15.1416226, 40.1771972], [15.1416222, 40.1771973], [15.1416219, 40.1771973], [15.1416216, 40.1771973], [15.1415082, 40.1771789], [15.1415082, 40.1771789], [15.1415081, 40.1771789], [15.1413879, 40.1771911], [15.1413878, 40.1771912], [15.1412454, 40.1772082], [15.1412453, 40.1772082], [15.1411758, 40.1772156], [15.1411755, 40.1772156], [15.1410688, 40.1772132], [15.1410684, 40.1772132], [15.1410681, 40.1772131], [15.1410678, 40.177213], [15.1410675, 40.1772128], [15.1410673, 40.1772126], [15.1410671, 40.1772123], [15.1410671, 40.177212], [15.1410671, 40.1772118], [15.1410671, 40.1772115], [15.1410673, 40.1772112], [15.1410778, 40.1771963], [15.141078, 40.177196], [15.1410782, 40.1771958], [15.1410785, 40.1771957], [15.1410789, 40.1771956], [15.1410792, 40.1771955], [15.1416198, 40.1771631], [15.1416199, 40.1771631], [15.14162, 40.1771631], [15.1418415, 40.1769874], [15.1419623, 40.1768917], [15.1419623, 40.1768916], [15.1419623, 40.1768916], [15.1410792, 40.176314], [15.1410789, 40.1763137], [15.1408286, 40.1760389], [15.1408284, 40.1760387], [15.1407615, 40.1759134], [15.1407614, 40.1759132], [15.1404653, 40.1750734], [15.1404653, 40.1750732], [15.1403712, 40.1744558], [15.1403712, 40.1744557], [15.1402083, 40.1738416], [15.1402083, 40.1738414], [15.1402034, 40.1735511], [15.1401876, 40.1726023], [15.1401876, 40.1726022], [15.1401878, 40.1724938], [15.1401878, 40.1724937], [15.1401877, 40.1724937], [15.1401777, 40.1724965], [15.1401773, 40.1724965], [15.140177, 40.1724965], [15.1401766, 40.1724965], [15.1401763, 40.1724964], [15.140176, 40.1724963], [15.1401758, 40.1724961], [15.1401756, 40.1724959], [15.1401754, 40.1724957], [15.1401753, 40.1724954], [15.1401753, 40.1724952], [15.1401695, 40.1720595], [15.1401695, 40.1720594], [15.1402348, 40.1715408], [15.1402348, 40.1715407], [15.140664, 40.1696752], [15.1406641, 40.169675], [15.14084, 40.1692961], [15.14084, 40.1692961], [15.1412268, 40.168527], [15.141227, 40.1685268], [15.1412272, 40.1685266], [15.1412275, 40.1685264], [15.1412278, 40.1685262], [15.1412282, 40.1685262], [15.1412285, 40.1685261], [15.1412289, 40.1685262], [15.1414507, 40.1685625], [15.1414508, 40.1685625], [15.1414508, 40.1685624], [15.1414509, 40.1685622], [15.1414511, 40.1685619], [15.1414513, 40.1685617], [15.1414515, 40.1685615], [15.1414518, 40.1685613], [15.1414522, 40.1685612], [15.1414525, 40.1685611], [15.1414529, 40.1685611], [15.1414533, 40.1685612], [15.1415908, 40.1685968], [15.1415909, 40.1685968], [15.1415909, 40.1685968], [15.1418085, 40.1684838], [15.1418085, 40.1684838], [15.1420339, 40.1683595], [15.1420342, 40.1683594], [15.1420345, 40.1683593], [15.1420348, 40.1683593], [15.1420352, 40.1683593], [15.1420355, 40.1683593], [15.1420358, 40.1683594], [15.1422695, 40.1684628], [15.1422697, 40.1684629], [15.1425707, 40.1686444], [15.142571, 40.1686446], [15.1426311, 40.1687029], [15.1426312, 40.168703], [15.1427771, 40.1688019], [15.1427773, 40.1688021], [15.1429355, 40.1689626], [15.1429355, 40.1689626], [15.1431053, 40.169103], [15.1431054, 40.169103], [15.1431055, 40.1691031], [15.1433313, 40.1691883], [15.1433313, 40.1691884], [15.1433314, 40.1691884], [15.1434525, 40.169171], [15.1434527, 40.169171], [15.1436302, 40.1691591], [15.1436304, 40.1691591], [15.1439442, 40.1690886], [15.1439443, 40.1690885], [15.1443733, 40.1689616], [15.1443734, 40.1689615], [15.1443735, 40.1689615], [15.144588, 40.1687605], [15.1446485, 40.1687035], [15.1446485, 40.1687035], [15.1448872, 40.1684699], [15.1448873, 40.1684698], [15.1449095, 40.1684457], [15.1449096, 40.1684457], [15.1451498, 40.1682073], [15.1451498, 40.1682072], [15.1454971, 40.1679117], [15.1454974, 40.1679115], [15.1454977, 40.1679114], [15.1454981, 40.1679113], [15.1456002, 40.1678943], [15.1456003, 40.1678943], [15.1460756, 40.1678406], [15.1460756, 40.1678406], [15.1463032, 40.1678159], [15.1463032, 40.1678159], [15.146327, 40.1678137], [15.146327, 40.1678137], [15.1465026, 40.1677992], [15.1465026, 40.1677992], [15.1469508, 40.1677682], [15.1469509, 40.1677682], [15.1471117, 40.1677521], [15.1471117, 40.1677521], [15.1472201, 40.1677402], [15.1472202, 40.1677402], [15.1472674, 40.1677359], [15.1472674, 40.1677359], [15.1473507, 40.1677285], [15.1473508, 40.1677285], [15.1476915, 40.1676849], [15.1476915, 40.1676849], [15.1478234, 40.1676698], [15.1478234, 40.1676698], [15.1481293, 40.1676294], [15.1481451, 40.1676273], [15.1481451, 40.1676273], [15.1486576, 40.1675401], [15.1486577, 40.16754], [15.1489823, 40.167505], [15.1489823, 40.167505], [15.150005, 40.1673823], [15.1500051, 40.1673823], [15.1505653, 40.1673291], [15.1505653, 40.1673291], [15.1508407, 40.1673111], [15.1508407, 40.1673111], [15.1508624, 40.167309], [15.1508624, 40.167309], [15.1511645, 40.16729], [15.1511645, 40.16729], [15.1522287, 40.1672052], [15.1522287, 40.1672052], [15.1526814, 40.1671698], [15.1526814, 40.1671698], [15.1527602, 40.1671624], [15.1527603, 40.1671624], [15.1528601, 40.1671519], [15.1528601, 40.1671519], [15.1528602, 40.1671519], [15.1528767, 40.1671426], [15.1528767, 40.1671426], [15.1529746, 40.1670847], [15.1529747, 40.1670846], [15.1535902, 40.1666358], [15.1535902, 40.1666357], [15.1535902, 40.1666357], [15.1534072, 40.1664883], [15.153407, 40.166488], [15.1534068, 40.1664878], [15.1534067, 40.1664876], [15.1534067, 40.1664873], [15.1534067, 40.166487], [15.1534068, 40.1664868], [15.153407, 40.1664866], [15.1534072, 40.1664864], [15.1534074, 40.1664862], [15.1534537, 40.1664615], [15.1534539, 40.1664613], [15.154375, 40.1656223], [15.1543751, 40.1656223], [15.154375, 40.1656222], [15.154238, 40.1653541], [15.154238, 40.1653541], [15.1541628, 40.165185], [15.1541628, 40.1651849], [15.1540686, 40.1649592], [15.1540686, 40.1649591], [15.1539865, 40.1647357], [15.1539865, 40.1647357], [15.1537854, 40.164065], [15.1537854, 40.1640649], [15.1536004, 40.1635865], [15.1536004, 40.1635864], [15.1535329, 40.163343], [15.1535329, 40.163343], [15.153486, 40.1632085], [15.153486, 40.1632085], [15.1534282, 40.1630226], [15.1534282, 40.1630225], [15.153368, 40.1628919], [15.153368, 40.1628918], [15.1532697, 40.1627223], [15.1532697, 40.1627222], [15.1531621, 40.162526], [15.153162, 40.162526], [15.1530501, 40.1623805], [15.1530499, 40.1623804], [15.1528546, 40.1622419], [15.1528544, 40.1622418], [15.1525885, 40.162007], [15.1525884, 40.162007], [15.1521435, 40.1617036], [15.1521435, 40.1617036], [15.1518882, 40.1615256], [15.1518882, 40.1615256], [15.1517398, 40.1614388], [15.1517397, 40.1614388], [15.1514717, 40.1613194], [15.1514717, 40.1613194], [15.150918, 40.1610653], [15.1509179, 40.1610653], [15.150733, 40.1609718], [15.1505845, 40.1608971], [15.1505845, 40.1608971], [15.1505794, 40.1608945], [15.1505794, 40.1608945], [15.1503418, 40.1607733], [15.1503415, 40.1607731], [15.149977, 40.1604972], [15.149977, 40.1604972], [15.149948, 40.1604765], [15.149948, 40.1604764], [15.1499479, 40.1604765], [15.1497282, 40.1606081], [15.1497282, 40.1606082], [15.149319, 40.1608767], [15.1493189, 40.1608767], [15.1491324, 40.1609955], [15.1491323, 40.1609956], [15.1489548, 40.1611498], [15.1489548, 40.1611499], [15.1487942, 40.1612831], [15.1487941, 40.1612832], [15.1486618, 40.1613753], [15.1486618, 40.1613753], [15.1483376, 40.1616166], [15.1483373, 40.1616168], [15.148337, 40.1616169], [15.1483367, 40.161617], [15.1483363, 40.161617], [15.148336, 40.161617], [15.1483356, 40.1616169], [15.1483353, 40.1616167], [15.148335, 40.1616166], [15.1483348, 40.1616163], [15.1483245, 40.1616028], [15.1483244, 40.1616027], [15.1475793, 40.1608481], [15.1475793, 40.160848], [15.1474577, 40.1607188], [15.1473601, 40.1606152], [15.1473601, 40.1606152], [15.1472579, 40.1605096], [15.1472579, 40.1605096], [15.1471582, 40.1604061], [15.1471582, 40.1604061], [15.1469701, 40.1602093], [15.1469701, 40.1602092], [15.1469367, 40.1601772], [15.1469367, 40.1601772], [15.146875, 40.1601113], [15.146875, 40.1601113], [15.146797, 40.1600264], [15.146797, 40.1600264], [15.1467197, 40.1599521], [15.1467197, 40.1599521], [15.1467196, 40.1599521], [15.1464634, 40.1603055], [15.1464634, 40.1603055], [15.1464634, 40.1603056], [15.1464825, 40.1603226], [15.1464827, 40.1603229], [15.1464828, 40.1603231], [15.1464829, 40.1603234], [15.1464829, 40.1603236], [15.1464828, 40.1603239], [15.1464827, 40.1603242], [15.1464825, 40.1603244], [15.1461812, 40.1606106], [15.1461809, 40.1606108], [15.1461806, 40.160611], [15.1461803, 40.1606111], [15.14618, 40.1606112], [15.1461796, 40.1606112], [15.1461793, 40.1606111], [15.146179, 40.160611], [15.1461787, 40.1606109], [15.1461784, 40.1606107], [15.1461782, 40.1606105], [15.1461781, 40.1606102], [15.146178, 40.1606099], [15.146178, 40.1606097], [15.1461781, 40.1606094], [15.1461782, 40.1606092], [15.1461784, 40.1606089], [15.1464706, 40.1603287], [15.1464706, 40.1603286], [15.1464706, 40.1603286], [15.1464513, 40.1603115], [15.1464511, 40.1603112], [15.146451, 40.160311], [15.1464509, 40.1603107], [15.1464509, 40.1603104], [15.146451, 40.1603102], [15.1464511, 40.1603099], [15.1467042, 40.1599561], [15.1467042, 40.1599561], [15.1467042, 40.159956], [15.1466934, 40.1599458], [15.1466933, 40.1599458], [15.1466933, 40.1599458], [15.1466719, 40.1599679], [15.1465803, 40.1600639], [15.1465802, 40.160064], [15.1464781, 40.160156], [15.146478, 40.160156], [15.1463757, 40.1602408], [15.1463756, 40.1602409], [15.1463737, 40.1602423], [15.1463737, 40.1602423], [15.1462012, 40.1603655], [15.1462011, 40.1603655], [15.1460478, 40.1604886], [15.1460477, 40.1604887], [15.1460308, 40.1605042], [15.1458653, 40.1606556], [15.1458653, 40.1606556], [15.1457591, 40.1607652], [15.145759, 40.1607654], [15.1457588, 40.1607654], [15.1457588, 40.1607655], [15.1456505, 40.1608774], [15.1456505, 40.1608774], [15.1455196, 40.1610023], [15.1455196, 40.1610024], [15.1453568, 40.1611406], [15.1453566, 40.1611407], [15.1452316, 40.1612246], [15.1452316, 40.1612246], [15.1452148, 40.1612353], [15.1451287, 40.1612901], [15.1451287, 40.1612901], [15.1449752, 40.1614157], [15.1448756, 40.161498], [15.1448755, 40.1614981], [15.1447632, 40.1616205], [15.1447631, 40.1616206], [15.1446991, 40.1616806], [15.1445195, 40.161849], [15.1441186, 40.1622257], [15.1441186, 40.1622257], [15.1438796, 40.1624366], [15.1438795, 40.1624367], [15.143711, 40.1625612], [15.143711, 40.1625613], [15.1435588, 40.1626926], [15.1435588, 40.1626926], [15.1433211, 40.1629366], [15.1433044, 40.1629537], [15.1433044, 40.1629538], [15.1430641, 40.1631832], [15.143064, 40.1631832], [15.1428097, 40.1634367], [15.1428096, 40.1634368], [15.1426925, 40.1635319], [15.1426924, 40.1635319], [15.1425396, 40.1636411], [15.1425394, 40.1636412], [15.1424312, 40.1636999], [15.1424311, 40.1636999], [15.1422787, 40.1638006], [15.1422787, 40.1638006], [15.1421566, 40.1638758], [15.1421436, 40.1638838], [15.1421436, 40.1638838], [15.1420261, 40.1639617], [15.1420261, 40.1639617], [15.141945, 40.1640326], [15.141945, 40.1640326], [15.141886, 40.1640832], [15.1418859, 40.1640832], [15.1418119, 40.1641585], [15.1418116, 40.1641588], [15.141774, 40.1641802], [15.1417737, 40.1641803], [15.1417365, 40.1641954], [15.1417363, 40.1641955], [15.1416966, 40.1642084], [15.1416966, 40.1642084], [15.1416536, 40.1642221], [15.1416535, 40.1642221], [15.1415989, 40.1642355], [15.1415987, 40.1642355], [15.1415458, 40.1642448], [15.1415457, 40.1642448], [15.1414972, 40.164251], [15.141497, 40.1642511], [15.1414568, 40.1642628], [15.1414567, 40.1642628], [15.1414566, 40.1642629], [15.1414292, 40.1642854], [15.1414292, 40.1642854], [15.1414058, 40.1643061], [15.1414058, 40.1643062], [15.1414057, 40.1643063], [15.1413984, 40.1643243], [15.1413983, 40.1643244], [15.1413922, 40.1643358], [15.1413921, 40.1643358], [15.1413151, 40.1645226], [15.141315, 40.1645228], [15.1413148, 40.1645231], [15.1412007, 40.164624], [15.1412007, 40.1646241], [15.1411575, 40.1646716], [15.1411046, 40.1647297], [15.1410682, 40.1647698], [15.1410682, 40.1647698], [15.1409312, 40.1649321], [15.1409311, 40.1649322], [15.1409113, 40.1649509], [15.1407306, 40.1651211], [15.1407304, 40.1651212], [15.140623, 40.1651998], [15.1404494, 40.1653268], [15.1404494, 40.1653268], [15.1403941, 40.165366], [15.1403941, 40.165366], [15.1403189, 40.1654192], [15.1403187, 40.1654194], [15.1403184, 40.1654195], [15.140318, 40.1654196], [15.1403177, 40.1654196], [15.1403173, 40.1654195], [15.140317, 40.1654195], [15.1403167, 40.1654193], [15.1403164, 40.1654192], [15.1403162, 40.165419], [15.1403161, 40.1654187], [15.140316, 40.1654185], [15.1403159, 40.1654182], [15.140316, 40.1654179], [15.1403161, 40.1654177], [15.1403162, 40.1654175], [15.140387, 40.1653355], [15.1403871, 40.1653353], [15.1404394, 40.1652103], [15.1404395, 40.1652102], [15.1405954, 40.1644859], [15.1405954, 40.1644859], [15.1406016, 40.164361], [15.1406016, 40.1643607], [15.1406018, 40.1643604], [15.140602, 40.1643602], [15.1424772, 40.1626441], [15.1424773, 40.162644], [15.1442805, 40.1612866], [15.1442806, 40.1612865], [15.1442806, 40.1612865], [15.1444943, 40.1609567], [15.1444945, 40.1609565], [15.1458117, 40.1594956], [15.145812, 40.1594953], [15.1458123, 40.1594952], [15.1458127, 40.159495], [15.145952, 40.1594624], [15.145952, 40.1594624], [15.1459521, 40.1594624], [15.1461039, 40.1593626], [15.1461039, 40.1593626], [15.1461039, 40.1593626], [15.1458275, 40.1590796], [15.1458274, 40.1590796], [15.1458274, 40.1590796], [15.143624, 40.1609719], [15.143624, 40.1609719], [15.1426355, 40.1618491], [15.1426354, 40.1618491], [15.1418111, 40.1624919], [15.141811, 40.162492], [15.1413988, 40.1627603], [15.1413987, 40.1627604], [15.141018, 40.1631238], [15.1410179, 40.163124], [15.1407422, 40.1635207], [15.140742, 40.163521], [15.1401, 40.1640945], [15.1401, 40.1640945], [15.1396683, 40.1644772], [15.1396683, 40.1644772], [15.1386961, 40.1652684], [15.1372906, 40.1664122], [15.1372905, 40.1664122], [15.1370561, 40.1666171], [15.1362954, 40.167282], [15.1362952, 40.1672821], [15.1361797, 40.1673596], [15.1354948, 40.167819], [15.1354947, 40.167819], [15.1330312, 40.1695841], [15.1330312, 40.1695841], [15.1326548, 40.1698746], [15.1326547, 40.1698746], [15.1326548, 40.1698747], [15.1332462, 40.1704875], [15.1332463, 40.1704876], [15.1332463, 40.1704875], [15.1335553, 40.1702479], [15.1335554, 40.1702479], [15.1335998, 40.1702096], [15.1335999, 40.1702095], [15.1336906, 40.1701423], [15.1336906, 40.1701422], [15.1341153, 40.1698126], [15.1341154, 40.1698125], [15.1345257, 40.1694123], [15.1345257, 40.1694123], [15.1349065, 40.1690437], [15.1349068, 40.1690435], [15.1349071, 40.1690433], [15.1349074, 40.1690432], [15.1349078, 40.1690432], [15.1349081, 40.1690432], [15.1349085, 40.1690432], [15.1349088, 40.1690433], [15.1349091, 40.1690435], [15.1349094, 40.1690437], [15.1349096, 40.1690439], [15.1349097, 40.1690442], [15.1349316, 40.1691084], [15.1349316, 40.1691085], [15.1349317, 40.1691085], [15.1351767, 40.1691574], [15.135177, 40.1691575], [15.1351773, 40.1691576], [15.1351776, 40.1691578], [15.1353731, 40.1693159], [15.1353733, 40.1693161], [15.1353735, 40.1693164], [15.1353736, 40.1693166], [15.1353736, 40.1693169], [15.1353732, 40.1693224], [15.1353732, 40.1693226], [15.1353731, 40.1693229], [15.1353729, 40.1693231], [15.1353727, 40.1693233], [15.1353724, 40.1693235], [15.1353721, 40.1693236], [15.1353717, 40.1693237], [15.1353714, 40.1693237], [15.135371, 40.1693236], [15.1353707, 40.1693236], [15.1353704, 40.1693234], [15.1353701, 40.1693233], [15.1353152, 40.1692785], [15.1353151, 40.1692785], [15.1353151, 40.1692786], [15.1353014, 40.1692996], [15.1353014, 40.1692996], [15.1353, 40.1693018], [15.1352998, 40.169302], [15.1352996, 40.1693021], [15.1352056, 40.1693733], [15.1352055, 40.1693733], [15.1351654, 40.1694006], [15.1351173, 40.1694332], [15.1351172, 40.1694333], [15.1351049, 40.1694455], [15.1350647, 40.1694853], [15.1350646, 40.1694854], [15.1349293, 40.1695976], [15.134929, 40.1695978], [15.1348345, 40.169649], [15.1348342, 40.1696491], [15.1348339, 40.1696492], [15.1348335, 40.1696492], [15.1348331, 40.1696492], [15.1348328, 40.1696491], [15.1348324, 40.169649], [15.1348322, 40.1696488], [15.134827, 40.1696445], [15.1348269, 40.1696445], [15.1348269, 40.1696445], [15.1348173, 40.169651], [15.134817, 40.1696511], [15.1348167, 40.1696512], [15.1348164, 40.1696513], [15.134816, 40.1696513], [15.1348157, 40.1696513], [15.1348154, 40.1696512], [15.1348151, 40.1696511], [15.1348148, 40.1696509], [15.1348025, 40.1696413], [15.1348024, 40.1696412], [15.1348024, 40.1696413], [15.1339708, 40.1702223], [15.1339707, 40.1702224], [15.1337012, 40.1704043], [15.1337009, 40.1704045], [15.1337006, 40.1704046], [15.1337002, 40.1704046], [15.1336999, 40.1704047], [15.1336996, 40.1704046], [15.1336992, 40.1704045], [15.1336989, 40.1704044], [15.1336987, 40.1704042], [15.1336985, 40.170404], [15.1336278, 40.1703192], [15.1336277, 40.1703192], [15.1336038, 40.1702967], [15.1336038, 40.1702966], [15.1336037, 40.1702966], [15.1336001, 40.170295], [15.1336, 40.170295], [15.1335999, 40.170295], [15.1335895, 40.170294], [15.1335895, 40.170294], [15.1335894, 40.1702941], [15.1335877, 40.1702954], [15.1335877, 40.1702954], [15.1335593, 40.1703159], [15.1334909, 40.1703652], [15.1334908, 40.1703652], [15.1334909, 40.1703653], [15.1335323, 40.1704079], [15.1335324, 40.1704079], [15.1335449, 40.1704191], [15.133545, 40.1704191], [15.1335708, 40.1704401], [15.133571, 40.1704403], [15.1335712, 40.1704405], [15.1335713, 40.1704408], [15.1335713, 40.170441], [15.1335713, 40.1704413], [15.1335712, 40.1704415], [15.133571, 40.1704417], [15.1335246, 40.1705011], [15.1335246, 40.1705011], [15.1335226, 40.1705037], [15.1335226, 40.1705037], [15.1334724, 40.1705659], [15.1334722, 40.1705661], [15.1333864, 40.1706377], [15.1333863, 40.1706378], [15.1333765, 40.1706442], [15.1333346, 40.1706712], [15.1333346, 40.1706713], [15.1333086, 40.1706908], [15.1332784, 40.1707136], [15.1332784, 40.1707136], [15.1331534, 40.1708151], [15.1329333, 40.1709962], [15.1329331, 40.1709963], [15.1327316, 40.1711334], [15.1327316, 40.1711335], [15.1324616, 40.1713105], [15.1324613, 40.1713107], [15.1322227, 40.1714162], [15.1320033, 40.1715131], [15.1319638, 40.1715306], [15.1319637, 40.1715306], [15.1319283, 40.1715433], [15.1319081, 40.1715505], [15.1319077, 40.1715506], [15.1319074, 40.1715506], [15.1319071, 40.1715506], [15.1319067, 40.1715505], [15.1319064, 40.1715504], [15.1319061, 40.1715503], [15.1319059, 40.1715501], [15.1318529, 40.1714968], [15.1318528, 40.1714967], [15.1318527, 40.1714968], [15.1316396, 40.1716336], [15.1316396, 40.1716336], [15.1314049, 40.1717794], [15.1312029, 40.1719061], [15.1312028, 40.1719061], [15.1312029, 40.1719062], [15.1313281, 40.17202], [15.1313283, 40.1720203], [15.1313284, 40.1720205], [15.1313285, 40.1720208], [15.1313285, 40.1720211], [15.1313284, 40.1720213], [15.1313283, 40.1720216], [15.1313281, 40.1720218], [15.1313278, 40.172022], [15.1313214, 40.172026], [15.1313211, 40.1720261], [15.1313208, 40.1720262], [15.1313205, 40.1720263], [15.1313201, 40.1720263], [15.1313198, 40.1720262], [15.1313194, 40.1720261], [15.1313192, 40.172026], [15.1313189, 40.1720258], [15.1311898, 40.1719083], [15.1311897, 40.1719082], [15.1311895, 40.171908], [15.1311894, 40.1719078], [15.1311893, 40.1719075], [15.1311893, 40.1719072], [15.1311894, 40.171907], [15.1311895, 40.1719067], [15.1311897, 40.1719065], [15.13119, 40.1719063], [15.1313907, 40.1717805], [15.1313907, 40.1717805], [15.131562, 40.1716741], [15.131562, 40.1716741], [15.1315619, 40.1716741], [15.1315097, 40.1716928], [15.1315096, 40.1716928], [15.1314602, 40.171708], [15.1314601, 40.171708], [15.1313469, 40.1717568], [15.1313469, 40.1717568], [15.1311596, 40.1718439], [15.1311596, 40.1718439], [15.1310219, 40.1719044], [15.1310217, 40.1719044], [15.1309171, 40.1719409], [15.1309169, 40.171941], [15.1307878, 40.1720149], [15.1307878, 40.1720149], [15.1306396, 40.1720982], [15.1306395, 40.1720982], [15.1305077, 40.1721695], [15.1305076, 40.1721696], [15.1303602, 40.1722423], [15.13036, 40.1722424], [15.1302311, 40.1722909], [15.1302311, 40.1722909], [15.1301128, 40.1723308], [15.1301127, 40.1723308], [15.1300791, 40.1723405], [15.1300787, 40.1723406], [15.1300347, 40.1723463], [15.1300342, 40.1723463], [15.1300024, 40.1723438], [15.1299906, 40.1723429], [15.1299905, 40.1723429], [15.1299904, 40.1723429], [15.1299507, 40.172351], [15.1299506, 40.172351], [15.1299506, 40.1723511], [15.1299233, 40.172378], [15.1299232, 40.1723782], [15.1299155, 40.1723931], [15.1299005, 40.1724219], [15.1299003, 40.1724222], [15.1298636, 40.1724617], [15.1298633, 40.172462], [15.129807, 40.1724976], [15.1298068, 40.1724977], [15.1297032, 40.1725447], [15.1297032, 40.1725447], [15.1296154, 40.1725906], [15.1296154, 40.1725907], [15.129516, 40.1726489], [15.129516, 40.172649], [15.1294251, 40.1727129], [15.1294251, 40.1727129], [15.1293217, 40.172782], [15.1293217, 40.172782], [15.1292116, 40.1728634], [15.1292115, 40.1728634], [15.1290685, 40.1729657], [15.1290684, 40.1729658], [15.1289422, 40.1730472], [15.128942, 40.1730474], [15.1289289, 40.1730531], [15.1288047, 40.1731075], [15.1288045, 40.1731075], [15.1286759, 40.1731506], [15.1286756, 40.1731507], [15.1285717, 40.1731699], [15.1285716, 40.1731699], [15.1285388, 40.1731738], [15.1284769, 40.1731812], [15.1284767, 40.1731813], [15.1283594, 40.173183], [15.1283592, 40.173183], [15.1282514, 40.1731737], [15.1282513, 40.1731737], [15.1281803, 40.1731639], [15.12818, 40.1731639], [15.1280997, 40.1731424], [15.1280997, 40.1731424], [15.1280309, 40.1731222], [15.1280309, 40.1731222], [15.1279925, 40.173113], [15.1279923, 40.1731129], [15.1279523, 40.1730979], [15.1279521, 40.1730979], [15.1279219, 40.1730917], [15.1279218, 40.1730917], [15.1279218, 40.1730918], [15.1279265, 40.1731095], [15.1279265, 40.1731097], [15.1279515, 40.1731502], [15.1279515, 40.1731504], [15.1279735, 40.1731976], [15.1279735, 40.1731979], [15.1279736, 40.1731982], [15.1279705, 40.1732622], [15.1279705, 40.1732625], [15.1279501, 40.1733332], [15.1279501, 40.1733334], [15.1279157, 40.1734108], [15.1279155, 40.1734111], [15.1278641, 40.1734734], [15.1278639, 40.1734736], [15.1277874, 40.1735374], [15.127702, 40.1736092], [15.1277019, 40.1736093], [15.1275646, 40.1737148], [15.1275643, 40.1737149], [15.127564, 40.1737151], [15.1275287, 40.1737273], [15.1275286, 40.1737273], [15.1275286, 40.1737273], [15.1275083, 40.1737433], [15.1275082, 40.1737434], [15.1275082, 40.1737434], [15.1275093, 40.173757], [15.1275093, 40.1737573], [15.1275092, 40.1737575], [15.1275091, 40.1737578], [15.1275089, 40.173758], [15.1275087, 40.1737582], [15.1274638, 40.173787], [15.1274638, 40.173787], [15.127422, 40.1738138], [15.1274217, 40.1738139], [15.1274214, 40.173814], [15.127421, 40.1738141], [15.1274207, 40.1738141], [15.1274203, 40.173814], [15.1274005, 40.1738096], [15.1274004, 40.1738096], [15.1274004, 40.1738096], [15.1273747, 40.1738167], [15.1273746, 40.1738167], [15.1273745, 40.1738167], [15.1273208, 40.1738479], [15.1273205, 40.173848], [15.1272198, 40.1738893], [15.1272198, 40.1738893], [15.1271218, 40.1739349], [15.1270849, 40.1739521], [15.1270849, 40.1739521], [15.1270385, 40.1739721], [15.1270385, 40.1739722], [15.1269926, 40.1739931], [15.1269924, 40.1739932], [15.1269458, 40.1740094], [15.1269457, 40.1740094], [15.12686, 40.1740474], [15.12686, 40.1740475], [15.1267911, 40.1740872], [15.1267909, 40.1740873], [15.1267296, 40.1741134], [15.1267295, 40.1741134], [15.1266784, 40.1741386], [15.1266782, 40.1741386], [15.126565, 40.1741811], [15.1264976, 40.1742071], [15.1264974, 40.1742071], [15.1264176, 40.1742285], [15.1264175, 40.1742286], [15.1263301, 40.1742488], [15.12633, 40.1742489], [15.1262457, 40.1742666], [15.1262456, 40.1742666], [15.1261634, 40.1742799], [15.1261632, 40.1742799], [15.1260862, 40.1742866], [15.1260862, 40.1742866], [15.1260045, 40.174293], [15.1260045, 40.174293], [15.125937, 40.1743015], [15.1259368, 40.1743015], [15.1258316, 40.1743261], [15.1258315, 40.1743261], [15.1257849, 40.1743426], [15.1257847, 40.1743426], [15.1257527, 40.1743511], [15.1257524, 40.1743512], [15.1257286, 40.1743538], [15.1257283, 40.1743538], [15.1257281, 40.1743538], [15.1256998, 40.1743503], [15.1256996, 40.1743503], [15.125673, 40.1743506], [15.125673, 40.1743506], [15.1256729, 40.1743506], [15.1256417, 40.1743656], [15.1256417, 40.1743656], [15.1255876, 40.1743964], [15.1255511, 40.1744173], [15.125551, 40.1744173], [15.1254244, 40.1745107], [15.1254244, 40.1745107], [15.1252519, 40.1746515], [15.1252518, 40.1746516], [15.1251467, 40.1747291], [15.1251466, 40.1747292], [15.1250643, 40.1747786], [15.1250642, 40.1747787], [15.1249758, 40.1748222], [15.1249757, 40.1748222], [15.124901, 40.1748539], [15.1249007, 40.174854], [15.1248457, 40.1748689], [15.1248455, 40.174869], [15.1248025, 40.1748755], [15.1248025, 40.1748755], [15.1246846, 40.1748964], [15.1246843, 40.1748964], [15.1245912, 40.1749004], [15.1245912, 40.1749004], [15.1244691, 40.1749077], [15.124469, 40.1749077], [15.124383, 40.1749116], [15.1243829, 40.1749116], [15.12436, 40.174915], [15.1243599, 40.174915], [15.1242107, 40.1749539], [15.1242106, 40.1749539], [15.1241755, 40.1749609], [15.1241251, 40.174971], [15.1241248, 40.1749711], [15.1240465, 40.1749743], [15.1240465, 40.1749743], [15.1240464, 40.1749744], [15.1239343, 40.175043], [15.1239342, 40.175043], [15.1237577, 40.175173], [15.1237575, 40.1751732], [15.1236542, 40.1752319], [15.1236541, 40.1752319], [15.1235598, 40.1752778], [15.1235597, 40.1752778], [15.1234342, 40.1753308], [15.123434, 40.1753308], [15.1232932, 40.1753741], [15.1232931, 40.1753741], [15.123072, 40.1754385], [15.1230719, 40.1754385], [15.1228632, 40.1754895], [15.1228629, 40.1754896], [15.1226738, 40.1755142], [15.1226735, 40.1755143], [15.1225159, 40.1755165], [15.1225155, 40.1755165], [15.1224049, 40.1755035], [15.1224049, 40.1755035], [15.1223116, 40.1754916], [15.1223114, 40.1754916], [15.1222405, 40.1754935], [15.1222401, 40.1754935], [15.1222056, 40.1754895], [15.1222053, 40.1754894], [15.122205, 40.1754893], [15.1222048, 40.1754892], [15.1222045, 40.175489], [15.1221955, 40.1754812], [15.1221955, 40.1754812], [15.1221954, 40.1754812], [15.1220922, 40.1754852], [15.1220919, 40.1754852], [15.1220051, 40.1754776], [15.122005, 40.1754776], [15.1219092, 40.1754742], [15.1219091, 40.1754742], [15.1218142, 40.1754776], [15.1218139, 40.1754776], [15.1216843, 40.1754664], [15.1216841, 40.1754664], [15.1216191, 40.1754546], [15.1216187, 40.1754545], [15.1215661, 40.1754332], [15.121566, 40.1754331], [15.1215221, 40.1754132], [15.1215221, 40.1754131], [15.1214761, 40.1753895], [15.1214759, 40.1753895], [15.1214438, 40.17537], [15.1214435, 40.1753698], [15.1214433, 40.1753695], [15.1214432, 40.1753692], [15.1211812, 40.1746391], [15.1210691, 40.1743286], [15.120998, 40.1741327], [15.120998, 40.1741327], [15.1209784, 40.1740769], [15.1209783, 40.1740769], [15.1209783, 40.1740768], [15.1208883, 40.1740516], [15.1208882, 40.1740516], [15.1208881, 40.1740517], [15.1203753, 40.1743521], [15.1203749, 40.1743522], [15.1203746, 40.1743523], [15.1203743, 40.1743524], [15.1203739, 40.1743524], [15.1203735, 40.1743523], [15.1200886, 40.1742735], [15.1200886, 40.1742735], [15.1200885, 40.1742735], [15.1191519, 40.1744335], [15.1180314, 40.174626], [15.1180314, 40.174626], [15.1180312, 40.174626], [15.1180311, 40.174626], [15.1180311, 40.1746261], [15.1180328, 40.1746344], [15.1180328, 40.1746344], [15.1180599, 40.1747431], [15.1180599, 40.1747431], [15.11806, 40.1747431], [15.1184809, 40.1746713], [15.1193443, 40.1745225], [15.1200491, 40.1744003], [15.1200495, 40.1744003], [15.1200498, 40.1744003], [15.1200501, 40.1744003], [15.1200991, 40.1744141], [15.1200991, 40.1744141], [15.1211091, 40.1747305], [15.1211094, 40.1747307], [15.1211097, 40.1747308], [15.1211099, 40.174731], [15.1211101, 40.1747312], [15.1211102, 40.1747315], [15.1214467, 40.1756709], [15.1214468, 40.1756711], [15.1214468, 40.1756714], [15.1214467, 40.1756716], [15.1214466, 40.1756719], [15.1214464, 40.1756721], [15.1214461, 40.1756723], [15.1214458, 40.1756724], [15.1214455, 40.1756725], [15.121324, 40.1757026], [15.121324, 40.1757026], [15.1213019, 40.1757084], [15.1213018, 40.1757084], [15.1213018, 40.1757085], [15.1213637, 40.1758784], [15.1213638, 40.1758787], [15.1213638, 40.175879], [15.1213637, 40.1758793], [15.1211359, 40.1763221], [15.1211357, 40.1763224], [15.1211355, 40.1763226], [15.1211318, 40.1763252], [15.1211315, 40.1763253], [15.1211312, 40.1763255], [15.1211308, 40.1763255], [15.1211304, 40.1763255], [15.1211301, 40.1763255], [15.1211265, 40.1763246], [15.1211264, 40.1763246], [15.1211263, 40.1763246], [15.1202744, 40.1765142], [15.1202741, 40.1765143], [15.1202738, 40.1765143], [15.1202734, 40.1765142], [15.1202731, 40.1765141], [15.1196625, 40.1762971], [15.1196624, 40.1762971], [15.1196623, 40.176297], [15.1195036, 40.1762936], [15.1195033, 40.1762936], [15.1195029, 40.1762935], [15.1195026, 40.1762934], [15.1195024, 40.1762932], [15.1195022, 40.176293], [15.119502, 40.1762928], [15.1195019, 40.1762925], [15.1195019, 40.1762922], [15.1195184, 40.1758765], [15.1195184, 40.1758762], [15.1195185, 40.1758759], [15.1195188, 40.1758757], [15.1199916, 40.1754307], [15.1199916, 40.1754306], [15.1200184, 40.1754034], [15.1200185, 40.1754033], [15.1200185, 40.1754033], [15.1199987, 40.1753346], [15.1199933, 40.1753159], [15.1199932, 40.1753158], [15.1199932, 40.1753158], [15.119869, 40.1752966], [15.1198689, 40.1752966], [15.1198688, 40.1752966], [15.119852, 40.1753037], [15.1198517, 40.1753038], [15.1198514, 40.1753039], [15.1198349, 40.1753057], [15.1198346, 40.1753057], [15.1198342, 40.1753057], [15.1198339, 40.1753056], [15.1198336, 40.1753055], [15.119823, 40.1752998], [15.1198227, 40.1752996], [15.1198225, 40.1752994], [15.1198223, 40.1752991], [15.1198222, 40.1752988], [15.1198209, 40.1752902], [15.1198209, 40.1752901], [15.1198208, 40.1752901], [15.1198117, 40.1752744], [15.1198116, 40.1752743], [15.1198116, 40.1752743], [15.1197909, 40.1752736], [15.1197909, 40.1752736], [15.1197696, 40.1752736], [15.1197693, 40.1752736], [15.119769, 40.1752735], [15.1197688, 40.1752734], [15.11971, 40.1752491], [15.1197098, 40.175249], [15.1196695, 40.1752244], [15.1196694, 40.1752243], [15.1196456, 40.1752075], [15.1196454, 40.1752075], [15.119613, 40.1751918], [15.1196129, 40.1751917], [15.1195667, 40.1751737], [15.1195666, 40.1751736], [15.1195161, 40.1751512], [15.1195158, 40.175151], [15.1194737, 40.1751224], [15.1194737, 40.1751224], [15.1194501, 40.1751048], [15.1194499, 40.1751046], [15.1194498, 40.1751044], [15.1194411, 40.1750912], [15.119441, 40.1750912], [15.1194277, 40.1750744], [15.1194277, 40.1750744], [15.1194276, 40.1750743], [15.1193573, 40.1750304], [15.119357, 40.1750302], [15.1193568, 40.1750299], [15.1193237, 40.174975], [15.1193237, 40.174975], [15.1193086, 40.174949], [15.1193085, 40.1749487], [15.1193046, 40.1749271], [15.1193046, 40.1749271], [15.1193019, 40.1749172], [15.1193019, 40.1749172], [15.1193019, 40.1749171], [15.1192896, 40.1749072], [15.1192895, 40.1749072], [15.1192894, 40.1749072], [15.1192648, 40.1749014], [15.1192647, 40.1749014], [15.1192153, 40.1748956], [15.1192151, 40.1748955], [15.1192148, 40.1748954], [15.1191784, 40.1748816], [15.1191783, 40.1748816], [15.1191552, 40.1748714], [15.1191551, 40.1748713], [15.1191265, 40.1748619], [15.1191265, 40.1748619], [15.1191021, 40.1748539], [15.1191021, 40.1748538], [15.1190733, 40.1748461], [15.1190732, 40.1748461], [15.1190731, 40.1748461], [15.1190495, 40.1748486], [15.1190494, 40.1748486], [15.1190493, 40.1748486], [15.1190237, 40.1748599], [15.1190237, 40.17486], [15.1189933, 40.1748763], [15.1189932, 40.1748764], [15.1189743, 40.1748864], [15.1189742, 40.1748865], [15.1189742, 40.1748865], [15.1189619, 40.1748995], [15.1189619, 40.1748995], [15.1189619, 40.1748996], [15.1189612, 40.1749115], [15.1189612, 40.1749115], [15.1189612, 40.1749116], [15.118976, 40.1749287], [15.118976, 40.1749288], [15.1189899, 40.1749482], [15.11899, 40.1749485], [15.1189959, 40.1749663], [15.1189959, 40.1749664], [15.1190077, 40.1749929], [15.1190077, 40.1749929], [15.119016, 40.1750123], [15.1190161, 40.1750126], [15.1190161, 40.1750129], [15.1190124, 40.1750438], [15.1190124, 40.1750439], [15.1190187, 40.1750741], [15.1190187, 40.1750742], [15.1190358, 40.175107], [15.1190359, 40.175107], [15.1190359, 40.1751071], [15.1190556, 40.1751258], [15.1190556, 40.1751258], [15.1190557, 40.1751259], [15.1190965, 40.1751455], [15.1190968, 40.1751456], [15.119097, 40.1751458], [15.1191152, 40.1751645], [15.1191153, 40.1751645], [15.1191171, 40.1751658], [15.119131, 40.1751759], [15.1191312, 40.175176], [15.119181, 40.1752009], [15.1191813, 40.1752011], [15.1191816, 40.1752013], [15.1191817, 40.1752016], [15.1191906, 40.1752186], [15.1191907, 40.1752189], [15.1191907, 40.1752192], [15.1191907, 40.1752194], [15.1191848, 40.1752362], [15.1191846, 40.1752365], [15.1191844, 40.1752367], [15.1191842, 40.1752369], [15.1191718, 40.1752448], [15.1191717, 40.1752449], [15.119165, 40.1752482], [15.119165, 40.1752483], [15.119165, 40.1752483], [15.1194153, 40.1758501], [15.1194154, 40.1758504], [15.1194154, 40.1758506], [15.1194027, 40.1762155], [15.1194027, 40.1762157], [15.1194026, 40.176216], [15.1194024, 40.1762162], [15.1194022, 40.1762164], [15.1193552, 40.1762515], [15.1193551, 40.1762516], [15.1193087, 40.1762804], [15.1193086, 40.1762805], [15.1192847, 40.1763012], [15.1192846, 40.1763013], [15.1192493, 40.1763538], [15.1192493, 40.1763538], [15.1191947, 40.1764323], [15.1191946, 40.1764324], [15.1191081, 40.1765274], [15.1189999, 40.1766477], [15.1189999, 40.1766477], [15.1189111, 40.1767564], [15.118911, 40.1767566], [15.1187954, 40.1768624], [15.1187954, 40.1768624], [15.1186516, 40.1769866], [15.1186514, 40.1769868], [15.1185353, 40.177053], [15.1185352, 40.1770531], [15.1184183, 40.1771102], [15.1184181, 40.1771103], [15.1182654, 40.1771703], [15.1182652, 40.1771704], [15.1181097, 40.1772169], [15.1181093, 40.177217], [15.1180823, 40.1772201], [15.1180818, 40.1772201], [15.1180805, 40.17722], [15.1180804, 40.17722], [15.1180476, 40.1772165], [15.1180473, 40.1772165], [15.1179909, 40.1772047], [15.1179907, 40.1772046], [15.1179297, 40.1771998], [15.1179295, 40.1771997], [15.1178041, 40.1771799], [15.117804, 40.1771799], [15.1176549, 40.1771494], [15.1176546, 40.1771493], [15.1176543, 40.1771491], [15.117654, 40.177149], [15.1176538, 40.1771487], [15.1176537, 40.1771485], [15.1176536, 40.1771482], [15.1176536, 40.177148], [15.1176537, 40.1771477], [15.1176538, 40.1771474], [15.1176559, 40.1771442], [15.117656, 40.1771442], [15.117656, 40.1771441], [15.1176568, 40.1771405], [15.1176568, 40.1771405], [15.1176567, 40.1771404], [15.1176556, 40.1771381], [15.1176556, 40.1771381], [15.1176555, 40.177138], [15.1176519, 40.1771367], [15.1176518, 40.1771367], [15.1176518, 40.1771367], [15.1176471, 40.1771398], [15.117647, 40.1771399], [15.1176438, 40.1771436], [15.1176437, 40.1771437], [15.1176402, 40.1771468], [15.11764, 40.1771469], [15.1176381, 40.1771484], [15.1176379, 40.1771485], [15.1176376, 40.1771486], [15.1176345, 40.1771498], [15.1176341, 40.1771499], [15.1176338, 40.17715], [15.1176335, 40.17715], [15.1176331, 40.1771499], [15.1176328, 40.1771498], [15.1176325, 40.1771497], [15.1176308, 40.1771486], [15.1176305, 40.1771484], [15.1176303, 40.1771481], [15.1176302, 40.1771479], [15.1176301, 40.1771476], [15.1176301, 40.1771473], [15.1176307, 40.177144], [15.1176307, 40.177144], [15.1176312, 40.1771406], [15.1176312, 40.1771405], [15.1176311, 40.1771404], [15.1176302, 40.1771381], [15.1176302, 40.1771381], [15.1176302, 40.177138], [15.1176265, 40.1771354], [15.1176265, 40.1771354], [15.1176264, 40.1771354], [15.1176232, 40.1771358], [15.1176229, 40.1771359], [15.1176188, 40.1771374], [15.1176188, 40.1771375], [15.1176157, 40.1771388], [15.1176153, 40.177139], [15.1176149, 40.177139], [15.1176076, 40.1771395], [15.1176072, 40.1771395], [15.1176068, 40.1771394], [15.1176064, 40.1771393], [15.1176061, 40.1771391], [15.1176051, 40.1771383], [15.1176049, 40.1771381], [15.1176047, 40.1771379], [15.1176046, 40.1771376], [15.1176046, 40.1771374], [15.1176044, 40.1771327], [15.1176043, 40.1771325], [15.1176031, 40.1771292], [15.1176031, 40.1771291], [15.117603, 40.177129], [15.1175997, 40.1771268], [15.1175997, 40.1771268], [15.1175996, 40.1771267], [15.1175952, 40.1771264], [15.1175951, 40.1771264], [15.117595, 40.1771264], [15.1175913, 40.1771287], [15.1175911, 40.1771288], [15.1175874, 40.1771303], [15.1175871, 40.1771304], [15.1175867, 40.1771305], [15.1175864, 40.1771305], [15.1175861, 40.1771304], [15.1175828, 40.1771298], [15.1175825, 40.1771297], [15.1175821, 40.1771296], [15.1175819, 40.1771294], [15.1175817, 40.1771291], [15.1175805, 40.1771275], [15.1175803, 40.1771273], [15.1175802, 40.1771271], [15.1175796, 40.1771242], [15.1175796, 40.1771239], [15.1175797, 40.1771237], [15.1175798, 40.1771234], [15.1175812, 40.1771208], [15.1175812, 40.1771207], [15.1175827, 40.1771184], [15.1175827, 40.1771183], [15.1175827, 40.1771182], [15.117583, 40.1771157], [15.1175829, 40.1771155], [15.1175823, 40.177113], [15.1175822, 40.1771129], [15.1175822, 40.1771128], [15.1175807, 40.1771111], [15.1175806, 40.1771111], [15.1175805, 40.1771111], [15.1175782, 40.1771123], [15.1175782, 40.1771124], [15.1175781, 40.1771124], [15.1175767, 40.1771155], [15.1175765, 40.1771158], [15.1175746, 40.1771179], [15.1175744, 40.1771181], [15.117574, 40.1771183], [15.1175736, 40.1771185], [15.1175732, 40.1771186], [15.1175729, 40.1771186], [15.1175725, 40.1771186], [15.1175722, 40.1771186], [15.1175718, 40.1771185], [15.1175715, 40.1771183], [15.1175713, 40.1771181], [15.1175711, 40.1771179], [15.117571, 40.1771176], [15.1175706, 40.1771167], [15.1175706, 40.1771164], [15.1175706, 40.1771161], [15.1175712, 40.177112], [15.1175712, 40.1771119], [15.1175712, 40.1771118], [15.1175707, 40.1771107], [15.1175706, 40.1771107], [15.1175705, 40.1771106], [15.1175694, 40.1771101], [15.1175693, 40.17711], [15.1175693, 40.1771101], [15.1175659, 40.1771123], [15.1175658, 40.1771124], [15.1175658, 40.1771124], [15.1175648, 40.1771151], [15.1175647, 40.1771153], [15.1175631, 40.1771179], [15.1175629, 40.1771181], [15.1175608, 40.1771203], [15.1175606, 40.1771205], [15.1175604, 40.1771206], [15.1175583, 40.1771218], [15.1175581, 40.1771219], [15.1175578, 40.177122], [15.1175552, 40.1771227], [15.1175548, 40.1771228], [15.1175545, 40.1771228], [15.1175542, 40.1771227], [15.1175519, 40.1771224], [15.1175515, 40.1771223], [15.1175512, 40.1771221], [15.1175483, 40.1771205], [15.1175481, 40.1771204], [15.1175479, 40.1771202], [15.1175477, 40.1771199], [15.1175476, 40.1771197], [15.1175469, 40.1771169], [15.1175469, 40.1771167], [15.1175469, 40.1771164], [15.117547, 40.1771162], [15.1175489, 40.1771124], [15.1175489, 40.1771124], [15.1175509, 40.1771081], [15.1175509, 40.1771081], [15.1175508, 40.177108], [15.1175483, 40.1771053], [15.1175483, 40.1771053], [15.1175482, 40.1771053], [15.1175428, 40.1771061], [15.1175427, 40.1771061], [15.1175332, 40.1771072], [15.1175328, 40.1771072], [15.1175325, 40.1771072], [15.1175322, 40.1771071], [15.1175283, 40.177106], [15.117528, 40.1771059], [15.1175278, 40.1771057], [15.1175276, 40.1771056], [15.1175232, 40.1771016], [15.1175232, 40.1771015], [15.1175231, 40.1771015], [15.1175172, 40.1771007], [15.1175171, 40.1771007], [15.1175084, 40.1771004], [15.1175084, 40.1771005], [15.1175083, 40.1771005], [15.1175045, 40.1771013], [15.1175045, 40.1771014], [15.1175016, 40.1771022], [15.1175013, 40.1771022], [15.117501, 40.1771022], [15.1175006, 40.1771022], [15.1175003, 40.1771022], [15.1174613, 40.1770906], [15.1174611, 40.1770905], [15.1174291, 40.1770773], [15.117429, 40.1770773], [15.1174289, 40.1770773], [15.1174235, 40.1770781], [15.1174234, 40.1770781], [15.1174233, 40.1770782], [15.1174217, 40.1770795], [15.1174216, 40.1770795], [15.1174216, 40.1770796], [15.117421, 40.1770808], [15.1174209, 40.177081], [15.1174207, 40.1770812], [15.1174204, 40.1770814], [15.1174186, 40.1770824], [15.1174183, 40.1770826], [15.1174166, 40.1770832], [15.1174161, 40.1770833], [15.1174131, 40.1770837], [15.1174127, 40.1770837], [15.1174123, 40.1770837], [15.117412, 40.1770836], [15.1174116, 40.1770835], [15.1174113, 40.1770833], [15.117411, 40.1770831], [15.1174108, 40.1770829], [15.1174106, 40.1770827], [15.1174106, 40.1770824], [15.1174105, 40.1770822], [15.1174106, 40.1770809], [15.1174106, 40.1770809], [15.1174108, 40.1770787], [15.1174108, 40.1770786], [15.1174105, 40.1770759], [15.1174105, 40.1770758], [15.1174104, 40.1770732], [15.1174104, 40.1770731], [15.1174103, 40.177071], [15.1174103, 40.1770709], [15.1174103, 40.1770708], [15.1174098, 40.1770697], [15.1174098, 40.1770696], [15.1174097, 40.1770696], [15.1174052, 40.1770677], [15.1174052, 40.1770677], [15.1174051, 40.1770677], [15.1173993, 40.177067], [15.1173403, 40.177061], [15.1173401, 40.177061], [15.1172364, 40.1770414], [15.1172363, 40.1770414], [15.1171298, 40.1770297], [15.1171296, 40.1770297], [15.1171238, 40.1770297], [15.1171238, 40.1770297], [15.1171188, 40.1770299], [15.1171187, 40.1770299], [15.1171149, 40.1770304], [15.1171146, 40.1770304], [15.1171143, 40.1770304], [15.117114, 40.1770303], [15.1171129, 40.17703], [15.1171125, 40.1770299], [15.1171123, 40.1770297], [15.117112, 40.1770295], [15.1171119, 40.1770293], [15.1171118, 40.177029], [15.1171117, 40.1770287], [15.1171117, 40.1770259], [15.1171117, 40.1770257], [15.1171109, 40.1770238], [15.1171109, 40.1770237], [15.1171102, 40.1770215], [15.1171101, 40.1770214], [15.1171091, 40.1770196], [15.1171091, 40.1770195], [15.1171074, 40.1770176], [15.1171073, 40.1770176], [15.1171049, 40.1770154], [15.1171049, 40.1770154], [15.1171048, 40.1770153], [15.1171023, 40.1770147], [15.1171022, 40.1770147], [15.1171021, 40.1770148], [15.1170999, 40.1770158], [15.1170998, 40.1770159], [15.1170984, 40.1770169], [15.1170983, 40.177017], [15.1170983, 40.1770171], [15.1170975, 40.1770189], [15.1170974, 40.1770192], [15.1170959, 40.1770215], [15.1170958, 40.1770215], [15.1170942, 40.1770238], [15.1170942, 40.1770239], [15.1170932, 40.1770261], [15.117093, 40.1770264], [15.1170923, 40.1770273], [15.1170921, 40.1770275], [15.1170919, 40.1770276], [15.1170916, 40.1770278], [15.1170913, 40.1770279], [15.1170898, 40.1770282], [15.1170895, 40.1770283], [15.1170891, 40.1770283], [15.1170888, 40.1770282], [15.1170885, 40.1770282], [15.1170881, 40.177028], [15.1170878, 40.1770279], [15.1170876, 40.1770277], [15.1170874, 40.1770275], [15.1170869, 40.1770268], [15.1170868, 40.1770264], [15.1170863, 40.1770245], [15.1170862, 40.1770242], [15.1170862, 40.1770222], [15.1170862, 40.1770221], [15.1170854, 40.1770195], [15.1170847, 40.1770174], [15.1170847, 40.1770173], [15.1170835, 40.1770149], [15.1170835, 40.1770149], [15.1170827, 40.1770132], [15.1170827, 40.1770131], [15.1170826, 40.1770131], [15.1170807, 40.1770119], [15.1170807, 40.1770119], [15.1170806, 40.1770119], [15.117078, 40.177012], [15.1170777, 40.177012], [15.1170745, 40.1770128], [15.1170745, 40.1770129], [15.1170744, 40.1770129], [15.1170738, 40.1770147], [15.1170737, 40.1770148], [15.1170726, 40.1770173], [15.1170726, 40.1770173], [15.1170718, 40.1770188], [15.1170717, 40.1770191], [15.1170714, 40.1770193], [15.1170712, 40.1770195], [15.1170693, 40.1770205], [15.117069, 40.1770206], [15.1170686, 40.1770207], [15.1170683, 40.1770207], [15.117068, 40.1770207], [15.1170677, 40.1770206], [15.1170674, 40.1770205], [15.1170671, 40.1770204], [15.1170669, 40.1770203], [15.1170666, 40.1770201], [15.1170664, 40.1770198], [15.1170651, 40.1770177], [15.117065, 40.1770176], [15.1170642, 40.1770159], [15.1170641, 40.1770159], [15.117064, 40.1770158], [15.1170334, 40.1770106], [15.1170333, 40.1770106], [15.1169512, 40.1769954], [15.1169512, 40.1769954], [15.1168089, 40.1769775], [15.1168088, 40.1769775], [15.1165333, 40.1769349], [15.1165332, 40.1769348], [15.1165331, 40.1769349], [15.1165213, 40.1769369], [15.116521, 40.1769369], [15.1165207, 40.1769369], [15.1165158, 40.1769363], [15.1165155, 40.1769362], [15.1165151, 40.1769361], [15.1165149, 40.176936], [15.1165146, 40.1769358], [15.1165145, 40.1769356], [15.116513, 40.1769335], [15.1165128, 40.1769332], [15.1165117, 40.1769296], [15.1165116, 40.1769295], [15.1165101, 40.1769274], [15.11651, 40.1769272], [15.1165072, 40.1769248], [15.1165071, 40.1769247], [15.1165048, 40.1769234], [15.1165048, 40.1769233], [15.1165047, 40.1769233], [15.1165017, 40.1769232], [15.1165016, 40.1769232], [15.1165015, 40.1769232], [15.1164984, 40.1769256], [15.1164983, 40.1769256], [15.1164958, 40.1769282], [15.1164957, 40.1769284], [15.116494, 40.1769313], [15.116494, 40.1769314], [15.1164916, 40.1769363], [15.1164915, 40.1769365], [15.1164913, 40.1769367], [15.1164895, 40.1769385], [15.1164893, 40.1769387], [15.1164867, 40.1769404], [15.1164862, 40.1769406], [15.1164832, 40.1769417], [15.1164827, 40.1769419], [15.116476, 40.1769427], [15.1164756, 40.1769427], [15.1164701, 40.1769425], [15.1164642, 40.1769422], [15.1164639, 40.1769422], [15.116462, 40.1769419], [15.1164617, 40.1769418], [15.1164614, 40.1769417], [15.1164601, 40.1769411], [15.1164599, 40.176941], [15.1164597, 40.1769408], [15.1164595, 40.1769406], [15.1164594, 40.1769404], [15.1164582, 40.1769376], [15.1164581, 40.1769375], [15.1164572, 40.1769347], [15.1164572, 40.1769347], [15.1164549, 40.176929], [15.1164548, 40.1769289], [15.1164537, 40.1769247], [15.1164537, 40.1769246], [15.1164529, 40.1769214], [15.1164528, 40.1769214], [15.1164525, 40.1769194], [15.1164525, 40.1769194], [15.116452, 40.1769171], [15.116452, 40.176917], [15.1164512, 40.176915], [15.1164512, 40.1769149], [15.1164495, 40.1769119], [15.1164494, 40.1769119], [15.1164494, 40.1769118], [15.1164458, 40.1769094], [15.1164457, 40.1769093], [15.1164428, 40.1769079], [15.1164426, 40.1769078], [15.1164387, 40.1769068], [15.1164386, 40.1769067], [15.1164385, 40.1769067], [15.1164346, 40.1769071], [15.1164345, 40.1769071], [15.1164344, 40.1769071], [15.1164319, 40.1769094], [15.1164318, 40.1769094], [15.1164318, 40.1769095], [15.1164324, 40.1769117], [15.1164324, 40.1769118], [15.1164325, 40.1769118], [15.1164351, 40.1769135], [15.1164354, 40.1769137], [15.1164356, 40.1769139], [15.116437, 40.1769162], [15.1164372, 40.1769165], [15.1164372, 40.1769168], [15.1164371, 40.1769194], [15.1164371, 40.1769197], [15.1164363, 40.1769222], [15.1164362, 40.1769223], [15.1164349, 40.1769251], [15.1164348, 40.1769253], [15.1164333, 40.1769277], [15.1164331, 40.1769279], [15.1164306, 40.1769305], [15.1164304, 40.1769307], [15.1164301, 40.1769308], [15.1164298, 40.1769309], [15.1164295, 40.176931], [15.1164234, 40.176932], [15.1164231, 40.1769321], [15.1163277, 40.1769358], [15.1163274, 40.1769358], [15.11621, 40.1769218], [15.1162097, 40.1769218], [15.11612, 40.1769], [15.1161199, 40.1769], [15.1160571, 40.1768886], [15.116057, 40.1768886], [15.1158445, 40.1768691], [15.1158444, 40.1768691], [15.1157818, 40.1768658], [15.1157817, 40.1768658], [15.1154916, 40.176876], [15.1154913, 40.176876], [15.1153826, 40.1768665], [15.1153824, 40.1768665], [15.1151352, 40.1768737], [15.1151351, 40.1768737], [15.1148294, 40.1768738], [15.1148294, 40.1768738], [15.1145183, 40.1768836], [15.1145183, 40.1768836], [15.1143622, 40.1768917], [15.114362, 40.1768917], [15.1143257, 40.1768974], [15.1143255, 40.1768975], [15.1142975, 40.1769082], [15.1142973, 40.1769082], [15.1141207, 40.1769551], [15.1140572, 40.1769722], [15.114057, 40.1769723], [15.1138598, 40.1770031], [15.1138595, 40.1770031], [15.1138591, 40.1770031], [15.1138501, 40.1770018], [15.1138501, 40.1770018], [15.11385, 40.1770018], [15.1138316, 40.1770035], [15.1138314, 40.1770035], [15.1136108, 40.1770096], [15.1136106, 40.1770096], [15.1135868, 40.1770079], [15.1135868, 40.1770079], [15.1135867, 40.1770079], [15.113468, 40.177031], [15.1134678, 40.177031], [15.1134364, 40.1770347], [15.1134363, 40.1770347], [15.1133969, 40.1770433], [15.1133967, 40.1770433], [15.1133053, 40.1770559], [15.1133051, 40.177056], [15.1132648, 40.1770669], [15.1132648, 40.1770669], [15.1132433, 40.1770748], [15.113243, 40.1770749], [15.1132426, 40.1770749], [15.1132422, 40.1770749], [15.1132419, 40.1770748], [15.1132341, 40.1770724], [15.1132337, 40.1770722], [15.1132284, 40.1770694], [15.1132284, 40.1770693], [15.1132193, 40.1770653], [15.1132192, 40.1770653], [15.1132192, 40.1770654], [15.1132139, 40.1770726], [15.1132134, 40.1770734], [15.1132132, 40.1770736], [15.113213, 40.1770738], [15.1132127, 40.1770739], [15.1132124, 40.177074], [15.1132121, 40.1770741], [15.1131731, 40.1770784], [15.1131731, 40.1770784], [15.1131706, 40.1770789], [15.1131702, 40.1770789], [15.1131699, 40.1770789], [15.1131695, 40.1770788], [15.1131692, 40.1770787], [15.1131689, 40.1770786], [15.1131687, 40.1770783], [15.1131685, 40.1770781], [15.1131663, 40.1770741], [15.1131662, 40.1770738], [15.1131661, 40.1770736], [15.113166, 40.177069], [15.113166, 40.177069], [15.113166, 40.1770689], [15.1131602, 40.1770643], [15.1131601, 40.1770643], [15.1131601, 40.1770644], [15.1131577, 40.1770744], [15.1131577, 40.1770745], [15.1131577, 40.1770818], [15.1131577, 40.1770821], [15.1131576, 40.1770823], [15.1131574, 40.1770826], [15.1131572, 40.1770828], [15.1131569, 40.1770829], [15.1131566, 40.1770831], [15.1131562, 40.1770831], [15.1131164, 40.1770885], [15.113116, 40.1770885], [15.1131157, 40.1770885], [15.1131154, 40.1770884], [15.113115, 40.1770883], [15.1131148, 40.1770881], [15.1131146, 40.1770879], [15.1131144, 40.1770876], [15.1131078, 40.1770757], [15.1131078, 40.1770756], [15.1131077, 40.1770757], [15.1131014, 40.1770862], [15.1131013, 40.1770863], [15.1131007, 40.1770881], [15.1131006, 40.1770884], [15.1131004, 40.1770886], [15.1131002, 40.1770888], [15.1130999, 40.1770889], [15.1130996, 40.177089], [15.1130993, 40.1770891], [15.1130195, 40.1771019], [15.1130192, 40.1771019], [15.1129663, 40.1771047], [15.1129662, 40.1771047], [15.1129193, 40.1771047], [15.1129193, 40.1771047], [15.112875, 40.177103], [15.1128749, 40.177103], [15.1128748, 40.1771031], [15.1128645, 40.1771078], [15.1128642, 40.1771079], [15.1128639, 40.177108], [15.1128636, 40.177108], [15.1128632, 40.177108], [15.1128629, 40.1771079], [15.1128235, 40.177095], [15.1128232, 40.1770949], [15.112823, 40.1770947], [15.1127547, 40.1770487], [15.1127546, 40.1770486], [15.1126854, 40.1769966], [15.1126854, 40.1769965], [15.1126262, 40.1769497], [15.1126261, 40.1769496], [15.112593, 40.1769299], [15.1125929, 40.1769298], [15.1124811, 40.1768825], [15.112481, 40.1768825], [15.1124276, 40.1768631], [15.1124276, 40.1768631], [15.1122958, 40.1768248], [15.1122957, 40.1768248], [15.112104, 40.1767777], [15.1121038, 40.1767777], [15.1120419, 40.1767728], [15.1120415, 40.1767727], [15.1119232, 40.1767415], [15.1119229, 40.1767415], [15.1117791, 40.1766869], [15.1117788, 40.1766867], [15.1117785, 40.1766865], [15.1117783, 40.1766863], [15.1117782, 40.176686], [15.1117674, 40.1766548], [15.1117674, 40.1766547], [15.1117673, 40.1766547], [15.1117592, 40.1766522], [15.1117589, 40.1766521], [15.1117586, 40.176652], [15.1117584, 40.1766518], [15.1117582, 40.1766515], [15.1117581, 40.1766513], [15.1117581, 40.176651], [15.1117573, 40.1766394], [15.1117573, 40.1766393], [15.1117572, 40.1766393], [15.1117414, 40.1766355], [15.1117413, 40.1766355], [15.1117413, 40.1766355], [15.1117391, 40.1766427], [15.1117389, 40.176643], [15.1117387, 40.1766432], [15.1117385, 40.1766434], [15.1117382, 40.1766436], [15.1117378, 40.1766437], [15.1117375, 40.1766437], [15.1117371, 40.1766437], [15.1117368, 40.1766437], [15.1117364, 40.1766436], [15.1115779, 40.1765753], [15.1115778, 40.1765752], [15.111497, 40.1765329], [15.1114969, 40.1765329], [15.1114544, 40.1765147], [15.1114544, 40.1765147], [15.1114121, 40.1764995], [15.1114121, 40.1764994], [15.1113604, 40.1764843], [15.1113602, 40.1764842], [15.1113241, 40.1764696], [15.1113238, 40.1764695], [15.1113235, 40.1764693], [15.1113233, 40.1764691], [15.1113232, 40.1764688], [15.1113231, 40.1764685], [15.1113231, 40.1764683], [15.1113232, 40.176468], [15.1113233, 40.1764677], [15.1113235, 40.1764675], [15.1113327, 40.1764594], [15.1113327, 40.1764593], [15.1113327, 40.1764593], [15.1113003, 40.1764376], [15.1113003, 40.1764376], [15.1112951, 40.1764342], [15.111295, 40.1764342], [15.1112949, 40.1764342], [15.1112933, 40.1764352], [15.111293, 40.1764353], [15.1112926, 40.1764354], [15.1112923, 40.1764354], [15.1112919, 40.1764354], [15.1112916, 40.1764353], [15.1112912, 40.1764352], [15.111291, 40.1764351], [15.1112594, 40.1764118], [15.1112594, 40.1764118], [15.1112571, 40.1764102], [15.1112569, 40.17641], [15.1112568, 40.1764098], [15.1112566, 40.1764096], [15.1112566, 40.1764094], [15.1112564, 40.1764087], [15.1112564, 40.1764086], [15.1112564, 40.1764086], [15.1110768, 40.1762866], [15.1110768, 40.1762865], [15.1110767, 40.1762866], [15.1110716, 40.1762916], [15.1110714, 40.1762917], [15.1110711, 40.1762919], [15.1110708, 40.176292], [15.1110705, 40.1762921], [15.1110701, 40.1762921], [15.1110698, 40.176292], [15.1110695, 40.176292], [15.1110692, 40.1762918], [15.111068, 40.1762912], [15.111068, 40.1762912], [15.1110507, 40.176283], [15.1110507, 40.176283], [15.1110499, 40.1762826], [15.1110496, 40.1762824], [15.1110494, 40.1762822], [15.1110492, 40.176282], [15.1110491, 40.1762817], [15.111049, 40.1762815], [15.1110491, 40.1762812], [15.1110492, 40.176281], [15.1110493, 40.1762807], [15.1110553, 40.1762737], [15.1110554, 40.1762737], [15.1110553, 40.1762736], [15.1109388, 40.1762017], [15.1109386, 40.1762015], [15.1109384, 40.1762013], [15.1109382, 40.1762011], [15.1109382, 40.1762008], [15.1109382, 40.1762005], [15.1109382, 40.1762003], [15.1109383, 40.1762], [15.1109385, 40.1761998], [15.1109387, 40.1761996], [15.1109555, 40.1761875], [15.1109555, 40.1761875], [15.1109555, 40.1761874], [15.1108096, 40.1760754], [15.1108095, 40.1760753], [15.1107365, 40.1760075], [15.1107364, 40.1760073], [15.1106652, 40.1759661], [15.1106651, 40.1759661], [15.1105001, 40.175862], [15.1104999, 40.1758619], [15.1103625, 40.1757543], [15.1103625, 40.1757543], [15.1102316, 40.1756574], [15.1102306, 40.1756566], [15.1102305, 40.1756565], [15.1102068, 40.1756331], [15.1102066, 40.1756329], [15.1102065, 40.1756326], [15.1102064, 40.1756324], [15.1102064, 40.1756322], [15.1102074, 40.1756209], [15.1102082, 40.1756116], [15.1102082, 40.1756116], [15.1102081, 40.1756115], [15.1101892, 40.1755961], [15.1101892, 40.1755961], [15.1101891, 40.1755961], [15.1101153, 40.1755694], [15.110115, 40.1755693], [15.1100933, 40.175558], [15.1100589, 40.1755401], [15.1099937, 40.1755062], [15.1099935, 40.1755061], [15.1099385, 40.1754692], [15.1099384, 40.1754691], [15.1098522, 40.1754213], [15.1098312, 40.1754097], [15.1098311, 40.1754096], [15.1097863, 40.1753912], [15.1097516, 40.175377], [15.1097514, 40.1753769], [15.1096866, 40.1753435], [15.1096749, 40.1753374], [15.1096747, 40.1753374], [15.1096026, 40.1753119], [15.1096024, 40.1753118], [15.1095583, 40.1753066], [15.1094219, 40.1752904], [15.1094218, 40.1752904], [15.1091526, 40.1752577], [15.1091525, 40.1752577], [15.109045, 40.1752405], [15.1090448, 40.1752405], [15.109035, 40.1752403], [15.1090347, 40.1752403], [15.1090218, 40.1752383], [15.1090216, 40.1752383], [15.1089482, 40.1752397], [15.108859, 40.1752413], [15.108859, 40.1752413], [15.1086261, 40.1752509], [15.1086259, 40.1752509], [15.1086008, 40.1752578], [15.1085276, 40.175278], [15.1085271, 40.175278], [15.1085267, 40.175278], [15.1084334, 40.1752679], [15.108433, 40.1752678], [15.1083249, 40.1752355], [15.1083245, 40.1752354], [15.1083242, 40.1752352], [15.1082665, 40.1751904], [15.1082664, 40.1751904], [15.1082663, 40.1751904], [15.1082066, 40.175174], [15.1082066, 40.175174], [15.108158, 40.1751626], [15.1081579, 40.1751626], [15.1080055, 40.1751169], [15.1080053, 40.1751168], [15.1079002, 40.1750741], [15.1079002, 40.1750741], [15.1078077, 40.1750411], [15.1078076, 40.175041], [15.1077839, 40.1750338], [15.1077238, 40.1750155], [15.1077238, 40.1750154], [15.1077237, 40.1750154], [15.1076617, 40.1750156], [15.1076167, 40.1750157], [15.1076166, 40.1750157], [15.1074634, 40.1750187], [15.1074633, 40.1750187], [15.107284, 40.1750285], [15.1072838, 40.1750285], [15.107214, 40.1750478], [15.1072139, 40.1750478], [15.1070838, 40.1750819], [15.1070837, 40.175082], [15.1068753, 40.1751485], [15.1068752, 40.1751485], [15.1067649, 40.1752014], [15.1067647, 40.1752015], [15.1066142, 40.175257], [15.1065648, 40.1752752], [15.1065152, 40.1752936], [15.106515, 40.1752936], [15.1064538, 40.1753119], [15.1064535, 40.175312], [15.1062941, 40.1753354], [15.1062941, 40.1753354], [15.1061567, 40.1753589], [15.1061562, 40.1753589], [15.1060128, 40.175354], [15.1060126, 40.175354], [15.1059041, 40.1753441], [15.1059037, 40.175344], [15.1058127, 40.17532], [15.1058126, 40.17532], [15.1056527, 40.1752725], [15.1056526, 40.1752724], [15.1056368, 40.1752664], [15.1056366, 40.1752664], [15.1056058, 40.1752588], [15.1056054, 40.1752587], [15.1056051, 40.1752585], [15.1056049, 40.1752583], [15.1056047, 40.175258], [15.1056046, 40.1752578], [15.1056045, 40.1752575], [15.1056046, 40.1752572], [15.1056053, 40.1752546], [15.1056053, 40.1752545], [15.1056052, 40.1752545], [15.1055703, 40.1752413], [15.1055701, 40.1752413], [15.1054085, 40.1752146], [15.1054084, 40.1752145], [15.1052225, 40.1751939], [15.1052225, 40.1751939], [15.1049947, 40.1751609], [15.1049944, 40.1751608], [15.1047811, 40.1751], [15.1047811, 40.1751], [15.1045449, 40.1750309], [15.1042106, 40.1749333], [15.1042104, 40.1749333], [15.1040556, 40.174879], [15.1040556, 40.174879], [15.1039243, 40.174835], [15.1039241, 40.174835], [15.1038033, 40.174808], [15.1038032, 40.1748079], [15.1036214, 40.174757], [15.103621, 40.1747568], [15.1035367, 40.1747097], [15.1034548, 40.1746639], [15.103426, 40.1746478], [15.103426, 40.1746478], [15.1033096, 40.1745844], [15.1033096, 40.1745844], [15.1032108, 40.1745244], [15.1032107, 40.1745243], [15.1031548, 40.174487], [15.1031546, 40.1744868], [15.1031214, 40.1744545], [15.1031213, 40.1744545], [15.1031212, 40.1744544], [15.1031186, 40.1744534], [15.1030752, 40.1744361], [15.1030751, 40.174436], [15.1030622, 40.1744302], [15.1030304, 40.1744157], [15.1030303, 40.1744157], [15.1029201, 40.174378], [15.10292, 40.174378], [15.1029061, 40.1743741], [15.1028358, 40.1743543], [15.1028356, 40.1743542], [15.1028355, 40.1743542], [15.1027066, 40.1743252], [15.1027062, 40.1743251], [15.1026259, 40.1742877], [15.1026259, 40.1742877], [15.1025441, 40.1742564], [15.1025439, 40.1742563], [15.1023332, 40.1741516], [15.1023329, 40.1741514], [15.1022898, 40.1741203], [15.1022897, 40.1741203], [15.1022897, 40.1741203], [15.1022659, 40.1741139], [15.1022659, 40.1741139], [15.1022055, 40.1740963], [15.1022053, 40.1740962], [15.1020965, 40.1740519], [15.1020962, 40.1740517], [15.1019357, 40.1739484], [15.1019356, 40.1739483], [15.1018764, 40.1739052], [15.1018763, 40.1739051], [15.1018217, 40.1738582], [15.1018216, 40.1738581], [15.1017877, 40.1738351], [15.1017875, 40.173835], [15.1017474, 40.1738185], [15.101747, 40.1738183], [15.1017468, 40.1738181], [15.1017466, 40.1738178], [15.1017281, 40.1737839], [15.101728, 40.1737838], [15.1016867, 40.1737443], [15.1016867, 40.1737443], [15.1016249, 40.1736923], [15.1016248, 40.1736922], [15.1015503, 40.1736168], [15.1015502, 40.1736167], [15.1014147, 40.1735129], [15.1014145, 40.1735127], [15.1014038, 40.1735011], [15.1014036, 40.1735009], [15.1014035, 40.1735007], [15.1014035, 40.1735004], [15.1014035, 40.1735001], [15.1014036, 40.1734999], [15.1014037, 40.1734996], [15.1014039, 40.1734994], [15.1014042, 40.1734993], [15.1014243, 40.1734877], [15.1014244, 40.1734877], [15.1014334, 40.173481], [15.1014335, 40.1734809], [15.1014494, 40.1734708], [15.1014494, 40.1734708], [15.1014534, 40.1734684], [15.1014534, 40.1734684], [15.1014681, 40.173459], [15.1014682, 40.1734589], [15.1014682, 40.1734588], [15.101477, 40.1734339], [15.1014772, 40.1734337], [15.1014773, 40.1734334], [15.1014776, 40.1734332], [15.1015021, 40.1734175], [15.1015022, 40.1734174], [15.1015059, 40.1734139], [15.1015062, 40.1734138], [15.1015064, 40.1734136], [15.1015067, 40.1734135], [15.101545, 40.1734032], [15.1015451, 40.1734032], [15.1015452, 40.1734031], [15.1015804, 40.1733768], [15.1015804, 40.1733767], [15.1015804, 40.1733767], [15.1015694, 40.1733635], [15.1015694, 40.1733634], [15.1015693, 40.1733634], [15.1015114, 40.1733866], [15.1015114, 40.1733866], [15.1014853, 40.1733998], [15.1014852, 40.1733998], [15.1014852, 40.1733999], [15.1014708, 40.1734266], [15.1014707, 40.1734269], [15.1014705, 40.1734271], [15.1014703, 40.1734272], [15.10147, 40.1734273], [15.1014488, 40.1734357], [15.1014488, 40.1734357], [15.1014487, 40.1734358], [15.1014452, 40.173446], [15.1014451, 40.1734462], [15.1014449, 40.1734464], [15.1014383, 40.1734532], [15.1014383, 40.1734532], [15.1014336, 40.1734581], [15.1014333, 40.1734584], [15.101433, 40.1734585], [15.1014327, 40.1734586], [15.1014324, 40.1734587], [15.101432, 40.1734587], [15.1014316, 40.1734587], [15.1014313, 40.1734586], [15.101431, 40.1734584], [15.1014307, 40.1734582], [15.101421, 40.1734493], [15.1014209, 40.1734492], [15.1014209, 40.1734493], [15.1014063, 40.1734586], [15.101406, 40.1734587], [15.1014057, 40.1734588], [15.1014053, 40.1734589], [15.101405, 40.1734589], [15.1014046, 40.1734588], [15.1014002, 40.1734578], [15.1014001, 40.1734578], [15.1010195, 40.1733644], [15.1010192, 40.1733643], [15.1009106, 40.1733217], [15.1009103, 40.1733215], [15.100878, 40.173301], [15.1008778, 40.1733009], [15.1008184, 40.1732784], [15.1008183, 40.1732784], [15.1008182, 40.1732784], [15.1008015, 40.1732781], [15.1008015, 40.1732781], [15.1007648, 40.1732775], [15.1007643, 40.1732775], [15.1007542, 40.1732751], [15.1007542, 40.1732751], [15.1006613, 40.173253], [15.1006612, 40.173253], [15.1005426, 40.1732399], [15.1005423, 40.1732398], [15.1003866, 40.1732022], [15.1003863, 40.1732021], [15.100376, 40.1731977], [15.1003758, 40.1731976], [15.1003228, 40.1731687], [15.1003227, 40.1731686], [15.1003227, 40.1731686], [15.1001717, 40.1731317], [15.1001714, 40.1731316], [15.1001712, 40.1731315], [15.1001078, 40.1730958], [15.1001077, 40.1730958], [15.1001076, 40.1730957], [15.0999097, 40.1730597], [15.0999096, 40.1730597], [15.0998247, 40.173052], [15.0998245, 40.173052], [15.0997225, 40.1730358], [15.0997225, 40.1730358], [15.0996488, 40.1730276], [15.0996487, 40.1730276], [15.0994936, 40.1730183], [15.0994935, 40.1730183], [15.0990583, 40.172977], [15.0990582, 40.172977], [15.0988256, 40.1729709], [15.0988256, 40.1729709], [15.0986038, 40.1729592], [15.0986037, 40.1729592], [15.0982153, 40.1729789], [15.0982152, 40.1729789], [15.0980917, 40.1729929], [15.0980916, 40.172993], [15.0978935, 40.1730359], [15.0978933, 40.1730359], [15.0976764, 40.1731135], [15.0976763, 40.1731135], [15.0974179, 40.1731885], [15.0974178, 40.1731885], [15.0973551, 40.1732033], [15.0973551, 40.1732033], [15.0972839, 40.1732199], [15.097181, 40.1732443], [15.0971808, 40.1732444], [15.0969039, 40.1732774], [15.0969036, 40.1732774], [15.0966528, 40.1732792], [15.0966527, 40.1732792], [15.0964812, 40.1732938], [15.0964812, 40.1732938], [15.0962972, 40.1733033], [15.0962971, 40.1733033], [15.0961885, 40.1733129], [15.0961885, 40.1733129], [15.0959927, 40.1733326], [15.0959926, 40.1733326], [15.0959504, 40.1733365], [15.0959161, 40.1733396], [15.0959156, 40.1733396], [15.0959072, 40.1733386], [15.0958614, 40.1733329], [15.0958614, 40.1733329], [15.0957821, 40.1733243], [15.0957818, 40.1733243], [15.0957816, 40.1733242], [15.0957375, 40.1733086], [15.0957373, 40.1733085], [15.095737, 40.1733083], [15.0957368, 40.1733081], [15.0957208, 40.1732902], [15.0957207, 40.17329], [15.0957205, 40.1732897], [15.0957205, 40.1732894], [15.0957205, 40.1732892], [15.0957206, 40.1732889], [15.0957208, 40.1732887], [15.0957271, 40.1732815], [15.0957272, 40.1732815], [15.0957271, 40.1732815], [15.0957098, 40.1732777], [15.0957097, 40.1732777], [15.0957096, 40.1732778], [15.095678, 40.1733136], [15.0956778, 40.1733138], [15.0956776, 40.1733139], [15.0956773, 40.1733141], [15.095677, 40.1733141], [15.0956766, 40.1733142], [15.0956564, 40.173315], [15.0956563, 40.173315], [15.0956056, 40.1733202], [15.0956056, 40.1733203], [15.0955476, 40.1733281], [15.0955476, 40.1733281], [15.0954936, 40.1733348], [15.0954935, 40.1733348], [15.0954226, 40.1733498], [15.0954225, 40.1733498], [15.095357, 40.1733609], [15.0953569, 40.1733609], [15.0952876, 40.1733753], [15.0951366, 40.1734066], [15.0951365, 40.1734066], [15.0949957, 40.1734485], [15.0949955, 40.1734486], [15.0949044, 40.1734667], [15.0949044, 40.1734667], [15.09483, 40.1734879], [15.09483, 40.1734879], [15.094737, 40.1735142], [15.0947369, 40.1735143], [15.0947369, 40.1735143], [15.0946966, 40.1735378], [15.0946963, 40.1735379], [15.0946536, 40.1735523], [15.0946532, 40.1735524], [15.0946529, 40.1735524], [15.0946469, 40.1735524], [15.0945974, 40.1735524], [15.0945969, 40.1735523], [15.094475, 40.173526], [15.094475, 40.173526], [15.0944051, 40.1735136], [15.0944051, 40.1735136], [15.094405, 40.1735136], [15.0943984, 40.1735146], [15.0943983, 40.1735147], [15.0943984, 40.1735147], [15.0944721, 40.173623], [15.0944721, 40.173623], [15.0945288, 40.1737028], [15.0945288, 40.1737028], [15.0945359, 40.1737128], [15.0945359, 40.1737128], [15.0945887, 40.1737906], [15.0945887, 40.1737906], [15.094619, 40.1738325], [15.094619, 40.1738325], [15.0946253, 40.1738415], [15.0946253, 40.1738415], [15.0946347, 40.173855], [15.0946347, 40.173855], [15.0946487, 40.1738752], [15.0946488, 40.1738754], [15.0946554, 40.1738922], [15.0946555, 40.1738923], [15.0946613, 40.1739017], [15.0946614, 40.1739017], [15.0946756, 40.1739246], [15.0946756, 40.1739246], [15.0946973, 40.1739558], [15.0946974, 40.1739558], [15.0947603, 40.1740395], [15.0947603, 40.1740395], [15.0948036, 40.1740886], [15.0948092, 40.1740949], [15.0948093, 40.1740949], [15.0948273, 40.1741124], [15.0948274, 40.1741125], [15.0949137, 40.1742204], [15.0949138, 40.1742206], [15.0949139, 40.1742209], [15.0949139, 40.1742211], [15.0949139, 40.1742214], [15.094885, 40.1743246], [15.0948846, 40.174326], [15.0948846, 40.1743261], [15.0948846, 40.1743262], [15.0948911, 40.1743376], [15.0948911, 40.1743377], [15.0949705, 40.1745028], [15.0949706, 40.1745031], [15.0949706, 40.1745034], [15.0949706, 40.1745037], [15.0949704, 40.174504], [15.0948938, 40.1746045], [15.0948938, 40.1746046], [15.0948938, 40.1746046], [15.0948938, 40.1748162], [15.0948939, 40.1748163], [15.0948939, 40.1748163], [15.0949154, 40.1748652], [15.0949154, 40.1748653], [15.0949155, 40.1748653], [15.0959125, 40.1745464], [15.0959126, 40.1745463], [15.0959126, 40.1745463], [15.0958678, 40.1744714], [15.0958677, 40.1744713], [15.0958413, 40.1744122], [15.0958412, 40.1744119], [15.0958412, 40.1744116], [15.0958412, 40.1744114], [15.0958414, 40.1744111], [15.0958416, 40.1744109], [15.0958418, 40.1744107], [15.0958421, 40.1744105], [15.0958424, 40.1744104], [15.0958428, 40.1744104], [15.0958431, 40.1744104], [15.0958435, 40.1744104], [15.0958438, 40.1744105], [15.0958861, 40.1744275], [15.0958864, 40.1744276], [15.0958866, 40.1744278], [15.0958868, 40.174428], [15.0958869, 40.1744282], [15.0959261, 40.1745171], [15.0959261, 40.1745172], [15.0959698, 40.1745909], [15.0959699, 40.1745912], [15.09597, 40.1745915], [15.09597, 40.1745917], [15.0959699, 40.174592], [15.0959697, 40.1745923], [15.0959695, 40.1745925], [15.0959692, 40.1745926], [15.0959689, 40.1745928], [15.094972, 40.174908], [15.0949719, 40.174908], [15.0949719, 40.1749081], [15.0949908, 40.1749567], [15.0949909, 40.174957], [15.0949918, 40.1751021], [15.0949918, 40.1751021], [15.0950111, 40.1752202], [15.0950111, 40.1752202], [15.0950112, 40.1752203], [15.0951719, 40.1754114], [15.0952285, 40.1754786], [15.0952286, 40.1754788], [15.0952287, 40.1754791], [15.0952287, 40.1754793], [15.0952247, 40.1756241], [15.0952247, 40.1756242], [15.0952457, 40.1757336], [15.0952458, 40.1757337], [15.0952458, 40.1757337], [15.0953187, 40.1757851], [15.0953189, 40.1757853], [15.095319, 40.1757855], [15.0953192, 40.1757857], [15.0953192, 40.175786], [15.0953327, 40.1758747], [15.0953327, 40.1758748], [15.0953327, 40.1758749], [15.0953831, 40.1759342], [15.0953832, 40.1759344], [15.0953833, 40.1759346], [15.0953833, 40.1759348], [15.0953897, 40.1759992], [15.0953897, 40.1759993], [15.0953897, 40.1759994], [15.0955156, 40.1760783], [15.0955158, 40.1760785], [15.095516, 40.1760787], [15.0955161, 40.1760789], [15.0955162, 40.1760791], [15.0955163, 40.1760794], [15.0955151, 40.1761513], [15.0955151, 40.1761517], [15.0954896, 40.1762167], [15.0954896, 40.1762168], [15.0954896, 40.1762168], [15.0955635, 40.176254], [15.0955638, 40.1762542], [15.095564, 40.1762544], [15.0955642, 40.1762546], [15.0955643, 40.1762548], [15.0955643, 40.1762551], [15.0955643, 40.1762553], [15.0955591, 40.1762877], [15.095559, 40.1762879], [15.0955588, 40.1762882], [15.0955586, 40.1762884], [15.0955583, 40.1762886], [15.095558, 40.1762888], [15.0954323, 40.1763301], [15.0954322, 40.1763302], [15.0954321, 40.1763302], [15.0953672, 40.176394], [15.0953672, 40.176394], [15.0953672, 40.1763941], [15.0954186, 40.1764376], [15.0954186, 40.1764376], [15.0954187, 40.1764376], [15.0955563, 40.1764628], [15.0955563, 40.1764628], [15.0955564, 40.1764628], [15.0956265, 40.1764535], [15.0956269, 40.1764534], [15.0956272, 40.1764535], [15.0956276, 40.1764536], [15.0956279, 40.1764537], [15.0956281, 40.1764539], [15.0956284, 40.1764541], [15.0956681, 40.1765013], [15.0956682, 40.1765015], [15.0956683, 40.1765017], [15.0956863, 40.1765544], [15.0956863, 40.1765544], [15.0956864, 40.1765545], [15.0957293, 40.1766048], [15.0957293, 40.1766048], [15.0957294, 40.1766049], [15.0958265, 40.1766383], [15.0958268, 40.1766384], [15.095827, 40.1766386], [15.0958689, 40.1766703], [15.0958691, 40.1766705], [15.0958693, 40.1766708], [15.0959041, 40.1767429], [15.0959042, 40.1767433], [15.0959116, 40.1768325], [15.0959116, 40.1768326], [15.0959117, 40.1768326], [15.0959852, 40.1769202], [15.0959853, 40.1769205], [15.0960498, 40.17705], [15.0960499, 40.1770503], [15.0960499, 40.1770505], [15.0960499, 40.1770507], [15.0960498, 40.177051], [15.0960497, 40.1770512], [15.0960177, 40.1770922], [15.0960175, 40.1770924], [15.0960172, 40.1770926], [15.0960169, 40.1770927], [15.0959391, 40.1771197], [15.095939, 40.1771197], [15.095939, 40.1771198], [15.0959662, 40.1771596], [15.0959664, 40.1771599], [15.0959664, 40.1771601], [15.0959664, 40.1771604], [15.095955, 40.1772349], [15.0959549, 40.1772351], [15.0959276, 40.1772995], [15.0959276, 40.1772996], [15.0959276, 40.1772996], [15.0959683, 40.1773131], [15.0959686, 40.1773132], [15.0959688, 40.1773133], [15.095969, 40.1773135], [15.0959692, 40.1773137], [15.0959968, 40.1773572], [15.0959969, 40.1773574], [15.0960045, 40.1773797], [15.0960045, 40.1773798], [15.0960046, 40.1773798], [15.0960248, 40.1773815], [15.0960251, 40.1773815], [15.0960255, 40.1773817], [15.0960412, 40.177389], [15.0960416, 40.1773892], [15.0960418, 40.1773894], [15.096051, 40.1774002], [15.0960512, 40.1774005], [15.0960899, 40.1774787], [15.0960899, 40.1774788], [15.0961521, 40.1775881], [15.0961522, 40.1775884], [15.0961523, 40.1775887], [15.0961522, 40.177589], [15.0961389, 40.1776303], [15.0961389, 40.1776304], [15.096139, 40.1776304], [15.0961834, 40.1776668], [15.0961836, 40.177667], [15.0961838, 40.1776673], [15.0961839, 40.1776676], [15.0961839, 40.1776679], [15.0961838, 40.1776682], [15.0961683, 40.1777041], [15.0961683, 40.1777041], [15.0961683, 40.1777042], [15.0961996, 40.1777282], [15.0961997, 40.1777283], [15.0962858, 40.1778092], [15.096286, 40.1778095], [15.0962862, 40.1778097], [15.0962862, 40.17781], [15.0962863, 40.1778254], [15.0962863, 40.1778258], [15.0962861, 40.1778261], [15.0962606, 40.1778639], [15.0962605, 40.177864], [15.0962605, 40.177864], [15.0962546, 40.1780012], [15.0962546, 40.1780013], [15.0962546, 40.1780014], [15.0962959, 40.1780343], [15.0962961, 40.1780345], [15.0962962, 40.1780347], [15.0962963, 40.178035], [15.0962964, 40.1780352], [15.0962964, 40.1780355], [15.0962814, 40.1781033], [15.0962813, 40.1781036], [15.0962811, 40.1781038], [15.096281, 40.178104], [15.0962378, 40.1781426], [15.0962377, 40.1781427], [15.0962377, 40.1781428], [15.0962415, 40.1781739], [15.0962415, 40.178174], [15.0962469, 40.1782233], [15.0962469, 40.1782234], [15.096247, 40.1782234], [15.0962764, 40.1782427], [15.0962767, 40.1782428], [15.0962769, 40.178243], [15.096277, 40.1782433], [15.0962771, 40.1782435], [15.0962771, 40.1782437], [15.0962749, 40.1783039], [15.0962749, 40.1783041], [15.0962748, 40.1783044], [15.0962746, 40.1783046], [15.0962744, 40.1783048], [15.0962324, 40.1783358], [15.0962323, 40.1783359], [15.0962323, 40.1783359], [15.0962597, 40.1783959], [15.0962598, 40.1783961], [15.0962772, 40.1784678], [15.0962772, 40.1784681], [15.0962772, 40.1784684], [15.0962771, 40.1784686], [15.0962769, 40.1784689], [15.0962766, 40.1784691], [15.0962763, 40.1784693], [15.0962231, 40.1784924], [15.0962231, 40.1784924], [15.096223, 40.1784924], [15.0961607, 40.1786517], [15.0961607, 40.1786518], [15.0961607, 40.1786519], [15.0962078, 40.178711], [15.096208, 40.1787113], [15.0962487, 40.1788116], [15.0962487, 40.1788117], [15.0962661, 40.1788348], [15.0962663, 40.178835], [15.0962663, 40.1788353], [15.0962727, 40.1788894], [15.0962727, 40.1788894], [15.0962727, 40.1788895], [15.0963134, 40.1789456], [15.0963136, 40.1789459], [15.0963137, 40.1789461], [15.0963137, 40.1789464], [15.0963136, 40.1789467], [15.0963135, 40.1789469], [15.0963133, 40.1789471], [15.0963131, 40.1789473], [15.096258, 40.1789853], [15.0962579, 40.1789853], [15.0962579, 40.1789854], [15.0962435, 40.179017], [15.0962435, 40.179017], [15.0962435, 40.1790171], [15.0962506, 40.1790527], [15.0962506, 40.1790531], [15.0962505, 40.1790534], [15.0962292, 40.1791014], [15.0962291, 40.1791016], [15.0961734, 40.1791892], [15.0961733, 40.1791894], [15.0961479, 40.1792166], [15.0961479, 40.1792166], [15.0961479, 40.1792167], [15.0961429, 40.1792457], [15.0961428, 40.1792459], [15.096108, 40.1793533], [15.096108, 40.1793534], [15.0961072, 40.1794155], [15.0961072, 40.1794156], [15.0961162, 40.1794639], [15.0961163, 40.1794642], [15.0961162, 40.1794644], [15.0961161, 40.1794647], [15.0961159, 40.1794649], [15.0961156, 40.1794651], [15.0960673, 40.1794946], [15.0960672, 40.1794947], [15.0959881, 40.1795662], [15.0959881, 40.1795663], [15.0959683, 40.1795879], [15.0959681, 40.1795881], [15.0959679, 40.1795883], [15.0959676, 40.1795884], [15.0958671, 40.1796222], [15.0958669, 40.1796223], [15.0958214, 40.1796487], [15.095821, 40.1796489], [15.0957466, 40.179672], [15.0957465, 40.1796721], [15.0957465, 40.1796721], [15.0956864, 40.1797121], [15.0956861, 40.1797122], [15.0956857, 40.1797123], [15.0956854, 40.1797124], [15.095685, 40.1797124], [15.0956846, 40.1797123], [15.0956203, 40.179694], [15.0956202, 40.179694], [15.0956202, 40.179694], [15.095586, 40.1797536], [15.0955859, 40.1797537], [15.0955512, 40.1798007], [15.095551, 40.179801], [15.0955016, 40.1798426], [15.0955014, 40.1798428], [15.0955012, 40.1798429], [15.0954424, 40.1798688], [15.0954423, 40.1798688], [15.0954422, 40.1798688], [15.0953455, 40.1799559], [15.0953455, 40.1799559], [15.0953455, 40.179956], [15.0953461, 40.1800122], [15.095346, 40.1800124], [15.095346, 40.1800127], [15.0953458, 40.1800129], [15.0953349, 40.1800275], [15.0953348, 40.1800277], [15.0953346, 40.1800278], [15.0952984, 40.1800522], [15.0952983, 40.1800523], [15.0952983, 40.1800524], [15.0952984, 40.1800709], [15.0952984, 40.1800712], [15.0952776, 40.1801521], [15.0952775, 40.1801523], [15.0950047, 40.1807226], [15.0950047, 40.1807226], [15.0949933, 40.1807457], [15.0949933, 40.1807457], [15.0946927, 40.1813382], [15.0945016, 40.1817196], [15.0945016, 40.1817197], [15.0943236, 40.1826765], [15.0942833, 40.1828997], [15.0942833, 40.1828997], [15.0942834, 40.1828998], [15.0945531, 40.1831273], [15.0945531, 40.1831273], [15.0946024, 40.183172], [15.0946024, 40.183172], [15.0946618, 40.1832204], [15.0946619, 40.1832204], [15.0946999, 40.1832563], [15.0946999, 40.1832563], [15.0947, 40.1832563], [15.0949002, 40.1832604], [15.0949006, 40.1832604], [15.0949009, 40.1832605], [15.0949012, 40.1832606], [15.0949015, 40.1832608], [15.0949017, 40.183261], [15.0949018, 40.1832612], [15.0949019, 40.1832615], [15.094902, 40.1832617], [15.0949019, 40.183262], [15.0949018, 40.1832623], [15.0949017, 40.1832625], [15.0949014, 40.1832627], [15.0949012, 40.1832629], [15.0949009, 40.183263], [15.0949005, 40.1832631], [15.0949002, 40.1832631], [15.0947005, 40.1832638], [15.0947004, 40.1832638], [15.0947005, 40.1832639], [15.0948796, 40.1834134], [15.0948799, 40.1834137], [15.09488, 40.183414], [15.0948801, 40.1834142], [15.0948801, 40.1834145], [15.0948333, 40.1837256], [15.0948137, 40.1838561], [15.0947438, 40.1843643], [15.094671, 40.1849022], [15.0946696, 40.1849122], [15.0946696, 40.1849122], [15.0945916, 40.185441], [15.0945484, 40.1857337], [15.094535, 40.185829], [15.0945349, 40.1858293], [15.0945347, 40.1858296], [15.0942069, 40.1862241], [15.0942068, 40.1862243], [15.0940098, 40.1866607], [15.0938329, 40.1870608], [15.0938329, 40.1870608], [15.0937365, 40.18735], [15.0937365, 40.18735], [15.09372, 40.1874141], [15.09372, 40.1874142], [15.09372, 40.1874141], [15.0937696, 40.1873953], [15.0937699, 40.1873952], [15.0937702, 40.1873952], [15.0937706, 40.1873952], [15.0938024, 40.1873971], [15.0938026, 40.1873972], [15.0938424, 40.187403], [15.0938426, 40.187403], [15.0939146, 40.1874223], [15.0939149, 40.1874224], [15.0939151, 40.1874225], [15.0939397, 40.1874378], [15.0939398, 40.1874378], [15.0939399, 40.1874378], [15.0940247, 40.1874457], [15.0940695, 40.1874496], [15.0940699, 40.1874497], [15.0942369, 40.1875019], [15.0942369, 40.1875019], [15.094237, 40.1875019], [15.0943444, 40.187508], [15.0943444, 40.187508], [15.0944042, 40.18751], [15.0944043, 40.18751], [15.0944044, 40.18751], [15.0945195, 40.1874701], [15.0945196, 40.1874701], [15.094617, 40.1874245], [15.0946174, 40.1874243], [15.0947121, 40.1874017], [15.0947125, 40.1874016], [15.0947923, 40.1873961], [15.0947923, 40.1873961], [15.0948898, 40.1873849], [15.0948899, 40.1873849], [15.0950173, 40.1873623], [15.0950175, 40.1873622], [15.0951024, 40.1873376], [15.0951026, 40.1873376], [15.0951975, 40.1873187], [15.0951977, 40.1873187], [15.0952308, 40.1873145], [15.0952075, 40.187371], [15.0951734, 40.1873757], [15.0951733, 40.1873757], [15.0949095, 40.1874385], [15.0949093, 40.1874385], [15.0948282, 40.1874503], [15.0948281, 40.1874504], [15.0947113, 40.1874584], [15.0947113, 40.1874584], [15.0946758, 40.1874623], [15.0946758, 40.1874623], [15.0946757, 40.1874623], [15.0944022, 40.1875678], [15.0944019, 40.1875679], [15.0944016, 40.187568], [15.0944013, 40.187568], [15.0943154, 40.1875643], [15.0943153, 40.1875642], [15.0941986, 40.1875528], [15.0941984, 40.1875527], [15.0940206, 40.1875141], [15.0940205, 40.1875141], [15.0938732, 40.1874754], [15.0938731, 40.1874754], [15.0937665, 40.1874561], [15.0937664, 40.1874561], [15.0937663, 40.1874562], [15.0937106, 40.1874796], [15.0937106, 40.1874796], [15.0937105, 40.1874797], [15.0936955, 40.1875108], [15.0936954, 40.1875109], [15.0935659, 40.1879718], [15.0935659, 40.1879718], [15.0931274, 40.1892462], [15.0931274, 40.1892462], [15.0931274, 40.1892463], [15.0934555, 40.1899896], [15.0934555, 40.1899897], [15.0934599, 40.1899968], [15.0938441, 40.1906259], [15.0939568, 40.1908103], [15.0939568, 40.1908103], [15.0940281, 40.1909325], [15.0940281, 40.1909325], [15.0942014, 40.1912169], [15.0942014, 40.1912169], [15.09431, 40.1913691], [15.0943101, 40.1913692], [15.0943658, 40.1914587], [15.0943659, 40.1914587], [15.0945324, 40.1917047], [15.0949422, 40.1923076], [15.0950404, 40.1924521], [15.0950405, 40.1924522], [15.0950405, 40.1924522], [15.0957469, 40.192949], [15.0968652, 40.1937356], [15.0975217, 40.1941975], [15.097522, 40.1941977], [15.0975222, 40.1941979], [15.0975223, 40.1941982], [15.0975223, 40.1941984], [15.0975223, 40.1941987], [15.0974929, 40.1943335], [15.0974928, 40.1943337], [15.0974927, 40.1943339], [15.0974684, 40.1943714], [15.0974682, 40.1943717], [15.0974121, 40.1944202], [15.0974121, 40.1944202], [15.0972366, 40.1945852], [15.0972366, 40.1945852], [15.0971524, 40.194669], [15.0971523, 40.1946691], [15.0970334, 40.1948274], [15.0970332, 40.1948277], [15.097033, 40.1948278], [15.0970327, 40.194828], [15.0970324, 40.1948281], [15.0968931, 40.1948597], [15.096893, 40.1948598], [15.096893, 40.1948598], [15.096889, 40.1948756], [15.096889, 40.1948756], [15.0968444, 40.1950866], [15.0968443, 40.1950869], [15.0968442, 40.1950871], [15.0968439, 40.1950873], [15.0968436, 40.1950875], [15.0968433, 40.1950876], [15.0967791, 40.1951062], [15.0967788, 40.1951063], [15.0967784, 40.1951063], [15.096778, 40.1951063], [15.0967777, 40.1951062], [15.0966712, 40.1950656], [15.0966711, 40.1950656], [15.0966711, 40.1950656], [15.0964861, 40.1951575], [15.096486, 40.1951575], [15.096486, 40.1951576], [15.0964414, 40.1952262], [15.0964412, 40.1952265], [15.096441, 40.1952267], [15.0964407, 40.1952268], [15.0964403, 40.195227], [15.09644, 40.195227], [15.0964396, 40.195227], [15.0963503, 40.1952178], [15.0963502, 40.1952178], [15.0963501, 40.1952179], [15.096297, 40.1953316], [15.096297, 40.1953317], [15.0962894, 40.1953463], [15.0962892, 40.1953465], [15.096289, 40.1953467], [15.0962888, 40.1953469], [15.0962885, 40.195347], [15.0962882, 40.1953471], [15.0962878, 40.1953472], [15.0962875, 40.1953472], [15.0962872, 40.1953471], [15.096218, 40.1953303], [15.0961981, 40.1953255], [15.096198, 40.1953255], [15.0960373, 40.1952816], [15.0960372, 40.1952816], [15.0960372, 40.1952816], [15.0960562, 40.195449], [15.0960563, 40.1954491], [15.0960895, 40.1955405], [15.0960895, 40.1955406], [15.0962725, 40.1958687], [15.0964541, 40.196194], [15.0964541, 40.196194], [15.0964542, 40.196194], [15.0966928, 40.1961936], [15.0966933, 40.1961937], [15.0969116, 40.1962406], [15.0969116, 40.1962406], [15.0973203, 40.1963296], [15.0976167, 40.1963942], [15.0976168, 40.1963942], [15.0976238, 40.1963953], [15.0980446, 40.1964624], [15.0980447, 40.1964624], [15.0982893, 40.1965123], [15.0982896, 40.1965124], [15.0982899, 40.1965125], [15.0982902, 40.1965127], [15.0982904, 40.1965129], [15.0982905, 40.1965132], [15.0982906, 40.1965135], [15.0982906, 40.1965138], [15.0982905, 40.1965141], [15.0982877, 40.1965198], [15.0982877, 40.1965199], [15.0982878, 40.1965199], [15.0983596, 40.1965369], [15.0983599, 40.196537], [15.0983602, 40.1965371], [15.0983604, 40.1965373], [15.0983606, 40.1965376], [15.0983608, 40.1965378], [15.0983608, 40.1965381], [15.0983608, 40.1965384], [15.0983607, 40.1965386], [15.098323, 40.1966211], [15.098323, 40.1966212], [15.098323, 40.1966212], [15.09833, 40.1967016], [15.0983301, 40.1967018], [15.0983505, 40.1967432], [15.0983505, 40.1967433], [15.0984208, 40.1969773], [15.0984302, 40.1970086], [15.0984737, 40.1971535], [15.0984738, 40.1971537], [15.0985622, 40.1972756], [15.0986234, 40.1973585], [15.0986235, 40.1973586], [15.0986236, 40.1973586], [15.0999318, 40.1974731], [15.0999319, 40.1974732], [15.0999704, 40.1974743], [15.0999707, 40.1974743], [15.099971, 40.1974744], [15.0999873, 40.1974796], [15.0999876, 40.1974797], [15.0999879, 40.1974799], [15.0999881, 40.1974801], [15.0999883, 40.1974804], [15.0999884, 40.1974806], [15.0999884, 40.1974809], [15.0999884, 40.1974811], [15.0999883, 40.1974814], [15.0999881, 40.1974816], [15.0999713, 40.1975017], [15.0999539, 40.1975225], [15.0999538, 40.1975225], [15.0998831, 40.1976045], [15.099883, 40.1976046], [15.0998348, 40.1976542], [15.0998347, 40.1976543], [15.0998269, 40.1976697], [15.0997995, 40.1977238], [15.0997995, 40.1977238], [15.0997322, 40.1978428], [15.0997321, 40.197843], [15.0997319, 40.1978432], [15.0996801, 40.1978894], [15.0996404, 40.1979249], [15.099629, 40.197935], [15.0996289, 40.1979351], [15.0995388, 40.1980072], [15.0995387, 40.1980073], [15.0994646, 40.198057], [15.0994646, 40.198057], [15.0994339, 40.1980769], [15.0994339, 40.198077], [15.0994114, 40.1980943], [15.0994114, 40.1980944], [15.0994113, 40.1980944], [15.0993985, 40.1981192], [15.0993985, 40.1981192], [15.099373, 40.1981835], [15.0993729, 40.1981837], [15.0993727, 40.1981839], [15.0993536, 40.1982036], [15.0993536, 40.1982037], [15.0992862, 40.1982955], [15.099286, 40.1982957], [15.099212, 40.1983602], [15.0992119, 40.1983603], [15.0991959, 40.1983727], [15.0991959, 40.1983727], [15.0991958, 40.1983728], [15.0991284, 40.1984845], [15.0991284, 40.1984845], [15.0989808, 40.1987403], [15.0989808, 40.1987403], [15.0989808, 40.1987404], [15.0991848, 40.1988018], [15.0991848, 40.1988018], [15.099246, 40.1988214], [15.0992463, 40.1988215], [15.0992466, 40.1988217], [15.0993209, 40.1988734], [15.099321, 40.1988734], [15.099441, 40.1989599], [15.099441, 40.1989599], [15.0996389, 40.1990958], [15.0996389, 40.1990958], [15.0998335, 40.1992242], [15.0998336, 40.1992243], [15.0999956, 40.1993157], [15.0999842, 40.1993322]]], [[[15.1033161, 40.2017698], [15.1033267, 40.2017698], [15.103327, 40.2017698], [15.1033274, 40.2017699], [15.1033277, 40.20177], [15.103328, 40.2017702], [15.1033282, 40.2017704], [15.1033284, 40.2017706], [15.1033285, 40.2017709], [15.1033285, 40.2017712], [15.1033285, 40.2017714], [15.1033284, 40.2017717], [15.1033282, 40.2017719], [15.103328, 40.2017721], [15.1033278, 40.2017723], [15.1033275, 40.2017724], [15.1033271, 40.2017725], [15.1033268, 40.2017726], [15.1033016, 40.2017734], [15.1033161, 40.2017698]]]]}, "properties": {"amministra": 1199, "amministr0": "Comune di Casal Velino", "tipo": "T"}}, {"type": "Feature", "geometry": {"type": "MultiPolygon", "coordinates": [[[[15.1464012, 40.1596728], [15.1464012, 40.1596727], [15.1460243, 40.1594149], [15.1461039, 40.1593626], [15.1461039, 40.1593626], [15.1461039, 40.1593626], [15.1458275, 40.1590796], [15.1458274, 40.1590796], [15.1458274, 40.1590796], [15.1456974, 40.1591912], [14.911748, 39.9989392], [14.8841221, 40.0172328], [15.0943981, 40.1735145], [15.0943983, 40.1735146], [15.0943984, 40.1735146], [15.0943984, 40.1735146], [15.0943983, 40.1735147], [15.0943984, 40.1735147], [15.0944125, 40.1735354], [15.0944234, 40.1735515], [15.0944254, 40.1735544], [15.094472, 40.173623], [15.0945074, 40.1736727], [15.0945079, 40.1736733], [15.0945092, 40.1736753], [15.0945167, 40.1736858], [15.0945288, 40.1737028], [15.0945288, 40.1737028], [15.0945303, 40.1737049], [15.094531, 40.173706], [15.0945311, 40.1737061], [15.0945312, 40.1737062], [15.0945357, 40.1737128], [15.0945886, 40.1737905], [15.0946189, 40.1738325], [15.0946252, 40.1738415], [15.0946347, 40.173855], [15.0946486, 40.1738753], [15.0946553, 40.1738923], [15.0946612, 40.1739018], [15.0946756, 40.1739246], [15.0946973, 40.1739558], [15.094717, 40.1739819], [15.0947603, 40.1740395], [15.0947603, 40.1740395], [15.0947716, 40.1740524], [15.0947752, 40.1740564], [15.0947766, 40.174058], [15.0947781, 40.1740597], [15.0948035, 40.1740886], [15.0947821, 40.174101], [15.0947909, 40.1741099], [15.0948599, 40.1741808], [15.0948676, 40.1741883], [15.0948637, 40.1741917], [15.094808, 40.1742107], [15.0947891, 40.1742158], [15.0947249, 40.1742219], [15.0947249, 40.1742302], [15.0946999, 40.1742378], [15.094695, 40.1742284], [15.0946297, 40.174234], [15.0944802, 40.1742534], [15.0944844, 40.174288], [15.0944947, 40.1743786], [15.0943995, 40.1743897], [15.0944001, 40.1748657], [15.0949154, 40.1748653], [15.0949154, 40.1748653], [15.0949155, 40.1748653], [15.0951077, 40.1748651], [15.094972, 40.174908], [15.0949719, 40.174908], [15.0949719, 40.1749081], [15.0949908, 40.1749567], [15.0949909, 40.174957], [15.0949918, 40.1751021], [15.0949918, 40.1751021], [15.0950111, 40.1752202], [15.0950111, 40.1752202], [15.0950112, 40.1752203], [15.0951719, 40.1754114], [15.0952285, 40.1754786], [15.0952286, 40.1754788], [15.0952287, 40.1754791], [15.0952287, 40.1754793], [15.0952247, 40.1756241], [15.0952247, 40.1756242], [15.0952457, 40.1757336], [15.0952458, 40.1757337], [15.0952458, 40.1757337], [15.0953187, 40.1757851], [15.0953189, 40.1757853], [15.095319, 40.1757855], [15.0953192, 40.1757857], [15.0953192, 40.175786], [15.0953327, 40.1758747], [15.0953327, 40.1758748], [15.0953327, 40.1758749], [15.0953831, 40.1759342], [15.0953832, 40.1759344], [15.0953833, 40.1759346], [15.0953833, 40.1759348], [15.0953897, 40.1759992], [15.0953897, 40.1759993], [15.0953897, 40.1759994], [15.0955156, 40.1760783], [15.0955158, 40.1760785], [15.095516, 40.1760787], [15.0955161, 40.1760789], [15.0955162, 40.1760791], [15.0955163, 40.1760794], [15.0955151, 40.1761513], [15.0955151, 40.1761517], [15.0954896, 40.1762167], [15.0954896, 40.1762168], [15.0954896, 40.1762168], [15.0955635, 40.176254], [15.0955638, 40.1762542], [15.095564, 40.1762544], [15.0955642, 40.1762546], [15.0955643, 40.1762548], [15.0955643, 40.1762551], [15.0955643, 40.1762553], [15.0955591, 40.1762877], [15.095559, 40.1762879], [15.0955588, 40.1762882], [15.0955586, 40.1762884], [15.0955583, 40.1762886], [15.095558, 40.1762888], [15.0954323, 40.1763301], [15.0954322, 40.1763302], [15.0954321, 40.1763302], [15.0953672, 40.176394], [15.0953672, 40.176394], [15.0953672, 40.1763941], [15.0954186, 40.1764376], [15.0954186, 40.1764376], [15.0954187, 40.1764376], [15.0955563, 40.1764628], [15.0955563, 40.1764628], [15.0955564, 40.1764628], [15.0956265, 40.1764535], [15.0956269, 40.1764534], [15.0956272, 40.1764535], [15.0956276, 40.1764536], [15.0956279, 40.1764537], [15.0956281, 40.1764539], [15.0956284, 40.1764541], [15.0956681, 40.1765013], [15.0956682, 40.1765015], [15.0956683, 40.1765017], [15.0956863, 40.1765544], [15.0956863, 40.1765544], [15.0956864, 40.1765545], [15.0957293, 40.1766048], [15.0957293, 40.1766048], [15.0957294, 40.1766049], [15.0958265, 40.1766383], [15.0958268, 40.1766384], [15.095827, 40.1766386], [15.0958689, 40.1766703], [15.0958691, 40.1766705], [15.0958693, 40.1766708], [15.0959041, 40.1767429], [15.0959042, 40.1767433], [15.0959116, 40.1768325], [15.0959116, 40.1768326], [15.0959117, 40.1768326], [15.0959852, 40.1769202], [15.0959853, 40.1769205], [15.0960498, 40.17705], [15.0960499, 40.1770503], [15.0960499, 40.1770505], [15.0960499, 40.1770507], [15.0960498, 40.177051], [15.0960497, 40.1770512], [15.0960177, 40.1770922], [15.0960175, 40.1770924], [15.0960172, 40.1770926], [15.0960169, 40.1770927], [15.0959391, 40.1771197], [15.095939, 40.1771197], [15.095939, 40.1771198], [15.0959662, 40.1771596], [15.0959664, 40.1771599], [15.0959664, 40.1771601], [15.0959664, 40.1771604], [15.095955, 40.1772349], [15.0959549, 40.1772351], [15.0959276, 40.1772995], [15.0959276, 40.1772996], [15.0959276, 40.1772996], [15.0959683, 40.1773131], [15.0959686, 40.1773132], [15.0959688, 40.1773133], [15.095969, 40.1773135], [15.0959692, 40.1773137], [15.0959968, 40.1773572], [15.0959969, 40.1773574], [15.0960045, 40.1773797], [15.0960045, 40.1773798], [15.0960046, 40.1773798], [15.0960248, 40.1773815], [15.0960251, 40.1773815], [15.0960255, 40.1773817], [15.0960412, 40.177389], [15.0960416, 40.1773892], [15.0960418, 40.1773894], [15.096051, 40.1774002], [15.0960512, 40.1774005], [15.0960899, 40.1774787], [15.0960899, 40.1774788], [15.0961521, 40.1775881], [15.0961522, 40.1775884], [15.0961523, 40.1775887], [15.0961522, 40.177589], [15.0961389, 40.1776303], [15.0961389, 40.1776304], [15.096139, 40.1776304], [15.0961834, 40.1776668], [15.0961836, 40.177667], [15.0961838, 40.1776673], [15.0961839, 40.1776676], [15.0961839, 40.1776679], [15.0961838, 40.1776682], [15.0961683, 40.1777041], [15.0961683, 40.1777041], [15.0961683, 40.1777042], [15.0961996, 40.1777282], [15.0961997, 40.1777283], [15.0962858, 40.1778092], [15.096286, 40.1778095], [15.0962862, 40.1778097], [15.0962862, 40.17781], [15.0962863, 40.1778254], [15.0962863, 40.1778258], [15.0962861, 40.1778261], [15.0962606, 40.1778639], [15.0962605, 40.177864], [15.0962605, 40.177864], [15.0962546, 40.1780012], [15.0962546, 40.1780013], [15.0962546, 40.1780014], [15.0962959, 40.1780343], [15.0962961, 40.1780345], [15.0962962, 40.1780347], [15.0962963, 40.178035], [15.0962964, 40.1780352], [15.0962964, 40.1780355], [15.0962814, 40.1781033], [15.0962813, 40.1781036], [15.0962811, 40.1781038], [15.096281, 40.178104], [15.0962378, 40.1781426], [15.0962377, 40.1781427], [15.0962377, 40.1781428], [15.0962415, 40.1781739], [15.0962415, 40.178174], [15.0962469, 40.1782233], [15.0962469, 40.1782234], [15.096247, 40.1782234], [15.0962764, 40.1782427], [15.0962767, 40.1782428], [15.0962769, 40.178243], [15.096277, 40.1782433], [15.0962771, 40.1782435], [15.0962771, 40.1782437], [15.0962749, 40.1783039], [15.0962749, 40.1783041], [15.0962748, 40.1783044], [15.0962746, 40.1783046], [15.0962744, 40.1783048], [15.0962324, 40.1783358], [15.0962323, 40.1783359], [15.0962323, 40.1783359], [15.0962597, 40.1783959], [15.0962598, 40.1783961], [15.0962772, 40.1784678], [15.0962772, 40.1784681], [15.0962772, 40.1784684], [15.0962771, 40.1784686], [15.0962769, 40.1784689], [15.0962766, 40.1784691], [15.0962763, 40.1784693], [15.0962231, 40.1784924], [15.0962231, 40.1784924], [15.096223, 40.1784924], [15.0961607, 40.1786517], [15.0961607, 40.1786518], [15.0961607, 40.1786519], [15.0962078, 40.178711], [15.096208, 40.1787113], [15.0962487, 40.1788116], [15.0962487, 40.1788117], [15.0962661, 40.1788348], [15.0962663, 40.178835], [15.0962663, 40.1788353], [15.0962727, 40.1788894], [15.0962727, 40.1788894], [15.0962727, 40.1788895], [15.0963134, 40.1789456], [15.0963136, 40.1789459], [15.0963137, 40.1789461], [15.0963137, 40.1789464], [15.0963136, 40.1789467], [15.0963135, 40.1789469], [15.0963133, 40.1789471], [15.0963131, 40.1789473], [15.096258, 40.1789853], [15.0962579, 40.1789853], [15.0962579, 40.1789854], [15.0962435, 40.179017], [15.0962435, 40.179017], [15.0962435, 40.1790171], [15.0962506, 40.1790527], [15.0962506, 40.1790531], [15.0962505, 40.1790534], [15.0962292, 40.1791014], [15.0962291, 40.1791016], [15.0961734, 40.1791892], [15.0961733, 40.1791894], [15.0961479, 40.1792166], [15.0961479, 40.1792166], [15.0961479, 40.1792167], [15.0961429, 40.1792457], [15.0961428, 40.1792459], [15.096108, 40.1793533], [15.096108, 40.1793534], [15.0961072, 40.1794155], [15.0961072, 40.1794156], [15.0961162, 40.1794639], [15.0961163, 40.1794642], [15.0961162, 40.1794644], [15.0961161, 40.1794647], [15.0961159, 40.1794649], [15.0961156, 40.1794651], [15.0960673, 40.1794946], [15.0960672, 40.1794947], [15.0959881, 40.1795662], [15.0959881, 40.1795663], [15.0959683, 40.1795879], [15.0959681, 40.1795881], [15.0959679, 40.1795883], [15.0959676, 40.1795884], [15.0958671, 40.1796222], [15.0958669, 40.1796223], [15.0958214, 40.1796487], [15.095821, 40.1796489], [15.0957466, 40.179672], [15.0957465, 40.1796721], [15.0957465, 40.1796721], [15.0956864, 40.1797121], [15.0956861, 40.1797122], [15.0956857, 40.1797123], [15.0956854, 40.1797124], [15.095685, 40.1797124], [15.0956846, 40.1797123], [15.0956203, 40.179694], [15.0956202, 40.179694], [15.0956202, 40.179694], [15.095586, 40.1797536], [15.0955859, 40.1797537], [15.0955512, 40.1798007], [15.095551, 40.179801], [15.0955016, 40.1798426], [15.0955014, 40.1798428], [15.0955012, 40.1798429], [15.0954424, 40.1798688], [15.0954423, 40.1798688], [15.0954422, 40.1798688], [15.0953455, 40.1799559], [15.0953455, 40.1799559], [15.0953455, 40.179956], [15.0953461, 40.1800122], [15.095346, 40.1800124], [15.095346, 40.1800127], [15.0953458, 40.1800129], [15.0953349, 40.1800275], [15.0953348, 40.1800277], [15.0953346, 40.1800278], [15.0952984, 40.1800522], [15.0952983, 40.1800523], [15.0952983, 40.1800524], [15.0952984, 40.1800709], [15.0952984, 40.1800712], [15.0952776, 40.1801521], [15.0952775, 40.1801523], [15.0950047, 40.1807226], [15.0950047, 40.1807226], [15.0949933, 40.1807457], [15.0949933, 40.1807457], [15.0946927, 40.1813382], [15.0945016, 40.1817196], [15.0945016, 40.1817197], [15.0943236, 40.1826765], [15.0942833, 40.1828997], [15.0942833, 40.1828997], [15.0942834, 40.1828998], [15.0945531, 40.1831273], [15.0945531, 40.1831273], [15.0946024, 40.183172], [15.0946024, 40.183172], [15.0946618, 40.1832204], [15.0946619, 40.1832204], [15.0946999, 40.1832563], [15.0946999, 40.1832563], [15.0947, 40.1832563], [15.0949002, 40.1832604], [15.0949006, 40.1832604], [15.0949009, 40.1832605], [15.0949012, 40.1832606], [15.0949015, 40.1832608], [15.0949017, 40.183261], [15.0949018, 40.1832612], [15.0949019, 40.1832615], [15.094902, 40.1832617], [15.0949019, 40.183262], [15.0949018, 40.1832623], [15.0949017, 40.1832625], [15.0949014, 40.1832627], [15.0949012, 40.1832629], [15.0949009, 40.183263], [15.0949005, 40.1832631], [15.0949002, 40.1832631], [15.0947005, 40.1832638], [15.0947004, 40.1832638], [15.0947005, 40.1832639], [15.0948796, 40.1834134], [15.0948799, 40.1834137], [15.09488, 40.183414], [15.0948801, 40.1834142], [15.0948801, 40.1834145], [15.0948333, 40.1837256], [15.0948137, 40.1838561], [15.0947438, 40.1843643], [15.094671, 40.1849022], [15.0946696, 40.1849122], [15.0946696, 40.1849122], [15.0945916, 40.185441], [15.0945484, 40.1857337], [15.094535, 40.185829], [15.0945349, 40.1858293], [15.0945347, 40.1858296], [15.0942069, 40.1862241], [15.0942068, 40.1862243], [15.0940098, 40.1866607], [15.0938329, 40.1870608], [15.0938329, 40.1870608], [15.0937365, 40.18735], [15.0937365, 40.18735], [15.09372, 40.1874141], [15.09372, 40.1874142], [15.09372, 40.1874141], [15.0937696, 40.1873953], [15.0937699, 40.1873952], [15.0937702, 40.1873952], [15.0937706, 40.1873952], [15.0938024, 40.1873971], [15.0938026, 40.1873972], [15.0938424, 40.187403], [15.0938426, 40.187403], [15.0939146, 40.1874223], [15.0939149, 40.1874224], [15.0939151, 40.1874225], [15.0939397, 40.1874378], [15.0939398, 40.1874378], [15.0939399, 40.1874378], [15.0940247, 40.1874457], [15.0940695, 40.1874496], [15.0940699, 40.1874497], [15.0942369, 40.1875019], [15.0942369, 40.1875019], [15.094237, 40.1875019], [15.0943444, 40.187508], [15.0943444, 40.187508], [15.0944042, 40.18751], [15.0944043, 40.18751], [15.0944044, 40.18751], [15.0945195, 40.1874701], [15.0945196, 40.1874701], [15.094617, 40.1874245], [15.0946174, 40.1874243], [15.0947121, 40.1874017], [15.0947125, 40.1874016], [15.0947923, 40.1873961], [15.0947923, 40.1873961], [15.0948898, 40.1873849], [15.0948899, 40.1873849], [15.0950173, 40.1873623], [15.0950175, 40.1873622], [15.0951024, 40.1873376], [15.0951026, 40.1873376], [15.0951975, 40.1873187], [15.0951977, 40.1873187], [15.0952308, 40.1873145], [15.0952075, 40.187371], [15.0951734, 40.1873757], [15.0951733, 40.1873757], [15.0949095, 40.1874385], [15.0949093, 40.1874385], [15.0948282, 40.1874503], [15.0948281, 40.1874504], [15.0947113, 40.1874584], [15.0947113, 40.1874584], [15.0946758, 40.1874623], [15.0946758, 40.1874623], [15.0946757, 40.1874623], [15.0944022, 40.1875678], [15.0944019, 40.1875679], [15.0944016, 40.187568], [15.0944013, 40.187568], [15.0943154, 40.1875643], [15.0943153, 40.1875642], [15.0941986, 40.1875528], [15.0941984, 40.1875527], [15.0940206, 40.1875141], [15.0940205, 40.1875141], [15.0938732, 40.1874754], [15.0938731, 40.1874754], [15.0937665, 40.1874561], [15.0937664, 40.1874561], [15.0937663, 40.1874562], [15.0937106, 40.1874796], [15.0937106, 40.1874796], [15.0937105, 40.1874797], [15.0936955, 40.1875108], [15.0936954, 40.1875109], [15.0935659, 40.1879718], [15.0935659, 40.1879718], [15.0931274, 40.1892462], [15.0931274, 40.1892462], [15.0931274, 40.1892463], [15.0934555, 40.1899896], [15.0934555, 40.1899897], [15.0934599, 40.1899968], [15.0938441, 40.1906259], [15.0939568, 40.1908103], [15.0939568, 40.1908103], [15.0940281, 40.1909325], [15.0940281, 40.1909325], [15.0942014, 40.1912169], [15.0942014, 40.1912169], [15.09431, 40.1913691], [15.0943101, 40.1913692], [15.0943658, 40.1914587], [15.0943659, 40.1914587], [15.0945324, 40.1917047], [15.0949422, 40.1923076], [15.0950404, 40.1924521], [15.0950405, 40.1924522], [15.0950405, 40.1924522], [15.0957469, 40.192949], [15.0968652, 40.1937356], [15.0975217, 40.1941975], [15.097522, 40.1941977], [15.0975222, 40.1941979], [15.0975223, 40.1941982], [15.0975223, 40.1941984], [15.0975223, 40.1941987], [15.0974929, 40.1943335], [15.0974928, 40.1943337], [15.0974927, 40.1943339], [15.0974684, 40.1943714], [15.0974682, 40.1943717], [15.0974121, 40.1944202], [15.0974121, 40.1944202], [15.0972366, 40.1945852], [15.0972366, 40.1945852], [15.0971524, 40.194669], [15.0971523, 40.1946691], [15.0970334, 40.1948274], [15.0970332, 40.1948277], [15.097033, 40.1948278], [15.0970327, 40.194828], [15.0970324, 40.1948281], [15.0968931, 40.1948597], [15.096893, 40.1948598], [15.096893, 40.1948598], [15.096889, 40.1948756], [15.096889, 40.1948756], [15.0968444, 40.1950866], [15.0968443, 40.1950869], [15.0968442, 40.1950871], [15.0968439, 40.1950873], [15.0968436, 40.1950875], [15.0968433, 40.1950876], [15.0967791, 40.1951062], [15.0967788, 40.1951063], [15.0967784, 40.1951063], [15.096778, 40.1951063], [15.0967777, 40.1951062], [15.0966712, 40.1950656], [15.0966711, 40.1950656], [15.0966711, 40.1950656], [15.0964861, 40.1951575], [15.096486, 40.1951575], [15.096486, 40.1951576], [15.0964414, 40.1952262], [15.0964412, 40.1952265], [15.096441, 40.1952267], [15.0964407, 40.1952268], [15.0964403, 40.195227], [15.09644, 40.195227], [15.0964396, 40.195227], [15.0963503, 40.1952178], [15.0963502, 40.1952178], [15.0963501, 40.1952179], [15.096297, 40.1953316], [15.096297, 40.1953317], [15.0962894, 40.1953463], [15.0962892, 40.1953465], [15.096289, 40.1953467], [15.0962888, 40.1953469], [15.0962885, 40.195347], [15.0962882, 40.1953471], [15.0962878, 40.1953472], [15.0962875, 40.1953472], [15.0962872, 40.1953471], [15.096218, 40.1953303], [15.0961981, 40.1953255], [15.096198, 40.1953255], [15.0960373, 40.1952816], [15.0960372, 40.1952816], [15.0960372, 40.1952816], [15.0960562, 40.195449], [15.0960563, 40.1954491], [15.0960895, 40.1955405], [15.0960895, 40.1955406], [15.0962725, 40.1958687], [15.0964541, 40.196194], [15.0964541, 40.196194], [15.0964542, 40.196194], [15.0966928, 40.1961936], [15.0966933, 40.1961937], [15.0969116, 40.1962406], [15.0969116, 40.1962406], [15.0973203, 40.1963296], [15.0976167, 40.1963942], [15.0976168, 40.1963942], [15.0976238, 40.1963953], [15.0980446, 40.1964624], [15.0980447, 40.1964624], [15.0982893, 40.1965123], [15.0982896, 40.1965124], [15.0982899, 40.1965125], [15.0982902, 40.1965127], [15.0982904, 40.1965129], [15.0982905, 40.1965132], [15.0982906, 40.1965135], [15.0982906, 40.1965138], [15.0982905, 40.1965141], [15.0982877, 40.1965198], [15.0982877, 40.1965199], [15.0982878, 40.1965199], [15.0983596, 40.1965369], [15.0983599, 40.196537], [15.0983602, 40.1965371], [15.0983604, 40.1965373], [15.0983606, 40.1965376], [15.0983608, 40.1965378], [15.0983608, 40.1965381], [15.0983608, 40.1965384], [15.0983607, 40.1965386], [15.098323, 40.1966211], [15.098323, 40.1966212], [15.098323, 40.1966212], [15.09833, 40.1967016], [15.0983301, 40.1967018], [15.0983505, 40.1967432], [15.0983505, 40.1967433], [15.0984208, 40.1969773], [15.0984302, 40.1970086], [15.0984737, 40.1971535], [15.0984738, 40.1971537], [15.0985622, 40.1972756], [15.0986234, 40.1973585], [15.0986235, 40.1973586], [15.0986236, 40.1973586], [15.0999318, 40.1974731], [15.0999319, 40.1974732], [15.0999704, 40.1974743], [15.0999707, 40.1974743], [15.099971, 40.1974744], [15.0999873, 40.1974796], [15.0999876, 40.1974797], [15.0999879, 40.1974799], [15.0999881, 40.1974801], [15.0999883, 40.1974804], [15.0999884, 40.1974806], [15.0999884, 40.1974809], [15.0999884, 40.1974811], [15.0999883, 40.1974814], [15.0999881, 40.1974816], [15.0999713, 40.1975017], [15.0999539, 40.1975225], [15.0999538, 40.1975225], [15.0998831, 40.1976045], [15.099883, 40.1976046], [15.0998348, 40.1976542], [15.0998347, 40.1976543], [15.0998269, 40.1976697], [15.0997995, 40.1977238], [15.0997995, 40.1977238], [15.0997322, 40.1978428], [15.0997321, 40.197843], [15.0997319, 40.1978432], [15.0996801, 40.1978894], [15.0996404, 40.1979249], [15.099629, 40.197935], [15.0996289, 40.1979351], [15.0995388, 40.1980072], [15.0995387, 40.1980073], [15.0994646, 40.198057], [15.0994646, 40.198057], [15.0994339, 40.1980769], [15.0994339, 40.198077], [15.0994114, 40.1980943], [15.0994114, 40.1980944], [15.0994113, 40.1980944], [15.0993985, 40.1981192], [15.0993985, 40.1981192], [15.099373, 40.1981835], [15.0993729, 40.1981837], [15.0993727, 40.1981839], [15.0993536, 40.1982036], [15.0993536, 40.1982037], [15.0992862, 40.1982955], [15.099286, 40.1982957], [15.099212, 40.1983602], [15.0992119, 40.1983603], [15.0991959, 40.1983727], [15.0991959, 40.1983727], [15.0991958, 40.1983728], [15.0991284, 40.1984845], [15.0991284, 40.1984845], [15.0989808, 40.1987403], [15.0989808, 40.1987403], [15.0989808, 40.1987404], [15.0991848, 40.1988018], [15.0991848, 40.1988018], [15.099246, 40.1988214], [15.0992463, 40.1988215], [15.0992466, 40.1988217], [15.0993209, 40.1988734], [15.099321, 40.1988734], [15.099441, 40.1989599], [15.099441, 40.1989599], [15.0996389, 40.1990958], [15.0996389, 40.1990958], [15.0998335, 40.1992242], [15.0998336, 40.1992243], [15.0999956, 40.1993157], [15.0999842, 40.1993322], [15.0999312, 40.1993027], [15.0999312, 40.1993027], [15.0998119, 40.1992353], [15.0998116, 40.1992351], [15.0997993, 40.1992256], [15.0997993, 40.1992256], [15.099675, 40.1991371], [15.099675, 40.1991371], [15.0995676, 40.1990622], [15.0995675, 40.1990622], [15.0994053, 40.1989473], [15.0994053, 40.1989473], [15.0992763, 40.198861], [15.0992763, 40.198861], [15.0992216, 40.1988232], [15.0992215, 40.1988232], [15.0992214, 40.1988231], [15.0990706, 40.198779], [15.0990706, 40.198779], [15.0989629, 40.198747], [15.0989629, 40.198747], [15.0989628, 40.198747], [15.0989229, 40.1988567], [15.0989229, 40.1988567], [15.098881, 40.1989709], [15.098881, 40.198971], [15.0988657, 40.1990612], [15.0988657, 40.1990613], [15.0987951, 40.1995468], [15.098795, 40.1995471], [15.0987949, 40.1995473], [15.0987947, 40.1995475], [15.0986351, 40.1996957], [15.0986351, 40.1996957], [15.0984328, 40.1998786], [15.0984328, 40.1998786], [15.0983499, 40.1999521], [15.0983499, 40.1999521], [15.0982132, 40.2000779], [15.098213, 40.200078], [15.0981705, 40.2001084], [15.0981704, 40.2001085], [15.0980576, 40.2001789], [15.0980576, 40.200179], [15.097942, 40.2002626], [15.0979419, 40.2002626], [15.0978644, 40.2003215], [15.0978644, 40.2003216], [15.097781, 40.2003947], [15.097781, 40.2003947], [15.0977435, 40.2004324], [15.0977364, 40.2004395], [15.0977364, 40.2004395], [15.0976962, 40.200481], [15.097696, 40.2004811], [15.0976607, 40.2005112], [15.0976605, 40.2005114], [15.0972836, 40.2007431], [15.0970941, 40.2008611], [15.0970937, 40.2008613], [15.0970934, 40.2008614], [15.0966077, 40.2009526], [15.0964267, 40.2009867], [15.0964266, 40.2009867], [15.0964265, 40.2009867], [15.0964137, 40.2009945], [15.0963702, 40.2010206], [15.0963701, 40.2010207], [15.0962487, 40.2010837], [15.0962167, 40.2011003], [15.0962167, 40.2011003], [15.096086, 40.2011705], [15.0960738, 40.201177], [15.0960738, 40.2011771], [15.0960214, 40.2012036], [15.0960213, 40.2012036], [15.0959612, 40.2012316], [15.095961, 40.2012316], [15.0957783, 40.2013542], [15.0957783, 40.2013542], [15.0957199, 40.2013956], [15.0957199, 40.2013956], [15.095651, 40.2014499], [15.0956288, 40.2014674], [15.0956167, 40.2014769], [15.0956167, 40.201477], [15.0952986, 40.201712], [15.0952985, 40.201712], [15.0952261, 40.2017695], [15.0951886, 40.2017993], [15.0951682, 40.2018154], [15.0951681, 40.2018156], [15.095131, 40.2018673], [15.095131, 40.2018674], [15.0951037, 40.2019174], [15.0951036, 40.2019176], [15.0951034, 40.2019178], [15.0951031, 40.201918], [15.0950258, 40.2019591], [15.0950258, 40.2019591], [15.0949879, 40.2019842], [15.0949878, 40.2019842], [15.0948615, 40.202058], [15.0948615, 40.202058], [15.0947391, 40.2021229], [15.094739, 40.2021229], [15.0945779, 40.2022114], [15.0945775, 40.2022115], [15.094519, 40.2022316], [15.0943195, 40.2022997], [15.0941817, 40.2023467], [15.0941816, 40.2023467], [15.094076, 40.202376], [15.0940759, 40.2023761], [15.0938315, 40.2024361], [15.0937249, 40.2024624], [15.0937246, 40.2024624], [15.0935755, 40.2024797], [15.0935755, 40.2024797], [15.0935754, 40.2024797], [15.0934298, 40.2025386], [15.0934298, 40.2025386], [15.0933619, 40.2025695], [15.0933617, 40.2025696], [15.0931847, 40.2027026], [15.0931847, 40.2027026], [15.0931235, 40.2027454], [15.0931234, 40.2027455], [15.0931234, 40.2027455], [15.0930764, 40.2028402], [15.0930762, 40.2028405], [15.0930628, 40.2028565], [15.0930626, 40.2028566], [15.0930625, 40.2028568], [15.0929927, 40.2029009], [15.0929926, 40.202901], [15.0929722, 40.2029118], [15.0929722, 40.2029118], [15.0927827, 40.2030177], [15.0927825, 40.2030178], [15.0927247, 40.2030406], [15.0927243, 40.2030407], [15.0926155, 40.2030634], [15.0926154, 40.2030634], [15.0924646, 40.2030913], [15.0924646, 40.2030913], [15.0923002, 40.2031208], [15.0922999, 40.2031209], [15.0922995, 40.2031208], [15.0921826, 40.2031065], [15.0920752, 40.2030934], [15.0920752, 40.2030934], [15.091825, 40.2030623], [15.091825, 40.2030623], [15.0908464, 40.2029521], [15.0908464, 40.2029521], [15.0904678, 40.2029063], [15.0904677, 40.2029063], [15.0904676, 40.2029063], [15.090228, 40.2029626], [15.0901172, 40.2029886], [15.0900082, 40.2030148], [15.090008, 40.2030149], [15.0898501, 40.2030818], [15.0893969, 40.2032756], [15.0893969, 40.2032756], [15.0893158, 40.2033143], [15.0893155, 40.2033144], [15.0893151, 40.2033145], [15.0891358, 40.2033351], [15.0891357, 40.2033351], [15.0890615, 40.2033544], [15.0890614, 40.2033544], [15.0889826, 40.2033736], [15.0889824, 40.2033737], [15.0888689, 40.2034282], [15.0888686, 40.2034283], [15.0888683, 40.2034284], [15.0887805, 40.2034422], [15.0887804, 40.2034422], [15.0886622, 40.203456], [15.0886621, 40.203456], [15.0886621, 40.2034561], [15.0886296, 40.2034719], [15.0886296, 40.2034719], [15.0884575, 40.2035725], [15.0884574, 40.2035726], [15.0883643, 40.2036469], [15.0882385, 40.2037477], [15.0879135, 40.2040131], [15.0879134, 40.2040131], [15.087797, 40.2041068], [15.087797, 40.2041069], [15.0877969, 40.2041069], [15.0877877, 40.2041226], [15.0877876, 40.2041228], [15.0877874, 40.204123], [15.0876618, 40.2042237], [15.0876618, 40.2042237], [15.0874781, 40.2043754], [15.0874626, 40.2043882], [15.0874626, 40.2043883], [15.087402, 40.2044467], [15.087402, 40.2044467], [15.0873414, 40.2045033], [15.0873413, 40.2045033], [15.0872925, 40.2045475], [15.0872923, 40.2045477], [15.0871737, 40.2046218], [15.0871737, 40.2046218], [15.0866909, 40.2049097], [15.0864467, 40.2050563], [15.0864466, 40.2050564], [15.0862868, 40.2051319], [15.0862865, 40.205132], [15.0862862, 40.2051321], [15.0862859, 40.2051321], [15.0862855, 40.2051321], [15.0861845, 40.2051176], [15.0861841, 40.2051175], [15.0861358, 40.2051014], [15.0861357, 40.2051014], [15.0860135, 40.2050602], [15.0860132, 40.2050601], [15.0860129, 40.2050599], [15.0859255, 40.204994], [15.0859255, 40.204994], [15.0857744, 40.2048886], [15.0857743, 40.2048886], [15.0857743, 40.2048886], [15.0853996, 40.2047682], [15.0853996, 40.2047681], [15.0853996, 40.2047682], [15.0854794, 40.2049728], [15.0854954, 40.2050137], [15.0854954, 40.2050138], [15.0855275, 40.2050618], [15.0855276, 40.2050619], [15.0856581, 40.2053165], [15.0857072, 40.2054125], [15.0857073, 40.2054128], [15.0857194, 40.2055175], [15.0857194, 40.2055175], [15.0857194, 40.2055176], [15.0858287, 40.2056441], [15.0858287, 40.2056441], [15.0859828, 40.2058188], [15.085983, 40.2058189], [15.0860994, 40.2059028], [15.0860995, 40.2059028], [15.0863001, 40.2060564], [15.086526, 40.2062259], [15.0865262, 40.2062261], [15.0865264, 40.2062263], [15.0866204, 40.2063721], [15.0866204, 40.2063722], [15.0867569, 40.2065895], [15.086773, 40.2066143], [15.086773, 40.2066144], [15.0867731, 40.2066145], [15.0867937, 40.2066269], [15.0867938, 40.2066269], [15.0867939, 40.206627], [15.0868238, 40.2066342], [15.0868239, 40.2066342], [15.0868632, 40.206645], [15.0868632, 40.206645], [15.0870066, 40.2066864], [15.0870067, 40.2066864], [15.0870598, 40.2067043], [15.0870599, 40.2067043], [15.08706, 40.2067043], [15.0872539, 40.206705], [15.0872542, 40.2067051], [15.0872545, 40.2067051], [15.0872548, 40.2067052], [15.0872551, 40.2067054], [15.0872892, 40.2067283], [15.0872892, 40.2067283], [15.0873457, 40.2067676], [15.0873458, 40.2067676], [15.0873458, 40.2067676], [15.0874891, 40.2068178], [15.0874892, 40.2068179], [15.0874892, 40.2068179], [15.0877487, 40.2068277], [15.0877487, 40.2068277], [15.0879502, 40.2068355], [15.0879505, 40.2068356], [15.0880383, 40.2068519], [15.0880384, 40.2068519], [15.0881633, 40.2068808], [15.0881633, 40.2068808], [15.088502, 40.2069476], [15.0885023, 40.2069477], [15.0885026, 40.2069479], [15.0885029, 40.2069481], [15.0885781, 40.2070134], [15.0885783, 40.2070136], [15.0885785, 40.2070138], [15.0885785, 40.2070141], [15.0885786, 40.2070143], [15.0885783, 40.2070582], [15.0885783, 40.2070582], [15.0885784, 40.2070583], [15.0886522, 40.2070923], [15.0886523, 40.2070923], [15.0890474, 40.2072839], [15.0890475, 40.2072839], [15.0892102, 40.2073572], [15.0892104, 40.2073574], [15.0892106, 40.2073575], [15.0892519, 40.207393], [15.0892519, 40.207393], [15.0893049, 40.2074394], [15.089305, 40.2074395], [15.0894411, 40.2075056], [15.0894414, 40.2075058], [15.0894712, 40.2075289], [15.0894713, 40.2075289], [15.0894714, 40.2075289], [15.0895869, 40.207572], [15.0895869, 40.207572], [15.0899013, 40.2076975], [15.0899015, 40.2076976], [15.0901323, 40.2078082], [15.0901324, 40.2078082], [15.0901324, 40.2078082], [15.090313, 40.2076769], [15.0903132, 40.2076767], [15.0903134, 40.2076766], [15.0907431, 40.2075168], [15.0907433, 40.2075168], [15.0912918, 40.2073661], [15.0912918, 40.207366], [15.0915719, 40.207279], [15.0915721, 40.2072789], [15.0922944, 40.206853], [15.0922947, 40.2068528], [15.0922949, 40.2068528], [15.0927624, 40.2067225], [15.0927628, 40.2067224], [15.0927631, 40.2067224], [15.0932299, 40.2067446], [15.0932299, 40.2067446], [15.0936414, 40.2067711], [15.0936415, 40.2067711], [15.0936416, 40.206771], [15.0940328, 40.2066492], [15.0940329, 40.2066491], [15.094033, 40.2066491], [15.0942836, 40.2063652], [15.0942836, 40.2063652], [15.0945424, 40.2059788], [15.0945425, 40.2059786], [15.0945428, 40.2059784], [15.094543, 40.2059783], [15.0953415, 40.2056025], [15.0953416, 40.2056025], [15.0963838, 40.2051996], [15.096384, 40.2051995], [15.0968839, 40.2048431], [15.0968841, 40.204843], [15.0970998, 40.2045828], [15.0971, 40.2045826], [15.0971003, 40.2045824], [15.0971006, 40.2045823], [15.0974377, 40.2044838], [15.0974378, 40.2044838], [15.0978906, 40.2043181], [15.0978907, 40.204318], [15.0978907, 40.204318], [15.0981742, 40.2039595], [15.0981744, 40.2039593], [15.0981746, 40.2039592], [15.0985549, 40.2037112], [15.0985553, 40.203711], [15.0993379, 40.2034232], [15.0993381, 40.2034231], [15.0993384, 40.2034231], [15.1000298, 40.2033448], [15.10003, 40.2033448], [15.100926, 40.2033157], [15.1009263, 40.2033157], [15.1009266, 40.2033157], [15.101236, 40.2033784], [15.1012362, 40.2033785], [15.1016649, 40.2033917], [15.101665, 40.2033917], [15.1016651, 40.2033917], [15.102227, 40.2032395], [15.102227, 40.2032395], [15.1025606, 40.2031497], [15.102561, 40.2031497], [15.1028442, 40.2031213], [15.1028445, 40.2031213], [15.1036215, 40.2031593], [15.1036218, 40.2031593], [15.1042815, 40.2032805], [15.1042816, 40.2032805], [15.1042817, 40.2032805], [15.1044693, 40.203246], [15.1044696, 40.2032459], [15.104951, 40.2030318], [15.1049513, 40.2030317], [15.1049516, 40.2030316], [15.1049519, 40.2030316], [15.1049523, 40.2030316], [15.1049526, 40.2030317], [15.1049529, 40.2030318], [15.1049531, 40.203032], [15.1049534, 40.2030322], [15.1049979, 40.2030796], [15.1049979, 40.2030797], [15.104998, 40.2030796], [15.1051215, 40.20302], [15.1051216, 40.20302], [15.1051831, 40.2029873], [15.1051834, 40.2029872], [15.1051837, 40.2029871], [15.1052297, 40.2029782], [15.1052299, 40.2029781], [15.1053265, 40.202969], [15.1053266, 40.202969], [15.1053843, 40.20296], [15.1053848, 40.2029599], [15.1056982, 40.2029739], [15.1056982, 40.2029739], [15.105946, 40.2029822], [15.105946, 40.2029822], [15.106027, 40.2029879], [15.1060273, 40.2029879], [15.1060276, 40.202988], [15.1062095, 40.2030468], [15.1062096, 40.2030468], [15.1064499, 40.2031174], [15.106632, 40.2031703], [15.1066323, 40.2031704], [15.1066326, 40.2031706], [15.1066328, 40.2031708], [15.106633, 40.203171], [15.1066331, 40.2031712], [15.1066331, 40.2031715], [15.1066331, 40.2031718], [15.1066145, 40.2033138], [15.1066145, 40.2033138], [15.1066146, 40.2033139], [15.1067547, 40.2034384], [15.1067549, 40.2034386], [15.106755, 40.2034388], [15.1067551, 40.2034391], [15.106771, 40.2035429], [15.106771, 40.203543], [15.1067833, 40.20368], [15.1067833, 40.2036801], [15.1067833, 40.2036801], [15.1068381, 40.2037604], [15.1068381, 40.2037604], [15.1068381, 40.2037604], [15.1069044, 40.2038109], [15.1069045, 40.203811], [15.1069591, 40.2038614], [15.1069591, 40.2038614], [15.1070488, 40.2039417], [15.1070489, 40.2039417], [15.1071736, 40.2040486], [15.1071738, 40.2040488], [15.1072049, 40.2040843], [15.1072051, 40.2040844], [15.107259, 40.2041198], [15.107259, 40.2041199], [15.1072591, 40.2041198], [15.1072903, 40.2040335], [15.1072903, 40.2040334], [15.1073131, 40.2039202], [15.1073131, 40.2039201], [15.1073397, 40.2038193], [15.1073398, 40.203819], [15.10734, 40.2038188], [15.1073403, 40.2038186], [15.1073406, 40.2038184], [15.1075921, 40.2037077], [15.1075921, 40.2037077], [15.1076672, 40.2036759], [15.1076675, 40.2036758], [15.1076678, 40.2036758], [15.1076682, 40.2036758], [15.1076685, 40.2036758], [15.1076689, 40.2036759], [15.1076692, 40.2036761], [15.1076694, 40.2036762], [15.1076696, 40.2036765], [15.1076698, 40.2036767], [15.1076698, 40.203677], [15.1076698, 40.2036772], [15.1076698, 40.2036775], [15.1076697, 40.2036777], [15.1076695, 40.203678], [15.1076692, 40.2036782], [15.107669, 40.2036783], [15.1073463, 40.2038226], [15.1073462, 40.2038227], [15.1073462, 40.2038227], [15.1072841, 40.2041282], [15.107284, 40.2041285], [15.1072838, 40.2041288], [15.1072682, 40.2041463], [15.1072682, 40.2041464], [15.1072682, 40.2041464], [15.1072155, 40.2044006], [15.1072155, 40.2044006], [15.1071796, 40.2045713], [15.1071796, 40.2045714], [15.1070856, 40.2048641], [15.1070855, 40.2048641], [15.1069862, 40.2052042], [15.1069862, 40.2052043], [15.1069512, 40.2053037], [15.1069511, 40.2053038], [15.1068386, 40.2055685], [15.1068386, 40.2055685], [15.1067769, 40.2057101], [15.1067768, 40.2057103], [15.1067624, 40.2057327], [15.1067622, 40.2057328], [15.1067125, 40.2057882], [15.1067124, 40.2057882], [15.1064836, 40.2060081], [15.1064834, 40.2060083], [15.106336, 40.2061051], [15.1063359, 40.2061052], [15.1062021, 40.2062443], [15.106202, 40.2062444], [15.1061207, 40.2063589], [15.1061206, 40.2063589], [15.1060223, 40.2065166], [15.1060223, 40.2065167], [15.1060224, 40.2065167], [15.1060881, 40.2065367], [15.1060884, 40.2065368], [15.1060887, 40.206537], [15.1060889, 40.2065372], [15.1060891, 40.2065374], [15.1060892, 40.2065377], [15.1060892, 40.206538], [15.1060892, 40.2065382], [15.1060891, 40.2065385], [15.1058915, 40.2069318], [15.1058914, 40.206932], [15.105669, 40.2072765], [15.1056689, 40.2072766], [15.1055541, 40.2076234], [15.1055541, 40.2076234], [15.1054336, 40.2081411], [15.1054335, 40.2081414], [15.1054334, 40.2081416], [15.1054331, 40.2081418], [15.1054328, 40.208142], [15.1045747, 40.208549], [15.1045746, 40.208549], [15.1045746, 40.2085491], [15.104196, 40.2091124], [15.104196, 40.2091124], [15.1038485, 40.209677], [15.1038485, 40.2096772], [15.1037865, 40.2099567], [15.1037864, 40.209957], [15.1035278, 40.2105159], [15.1035278, 40.210516], [15.1035278, 40.210516], [15.1035207, 40.2108711], [15.1035206, 40.2108714], [15.1035205, 40.2108717], [15.1032443, 40.2113449], [15.1032441, 40.2113452], [15.1029509, 40.2116553], [15.1029507, 40.2116555], [15.1025747, 40.2119665], [15.1025746, 40.2119665], [15.1022724, 40.2122388], [15.1022724, 40.2122388], [15.1020745, 40.212423], [15.1020744, 40.212423], [15.1020744, 40.2124231], [15.1020301, 40.2127851], [15.1020301, 40.2127851], [15.1020301, 40.2127852], [15.1022799, 40.2134429], [15.10228, 40.213443], [15.102362, 40.2138118], [15.102362, 40.213812], [15.1023486, 40.2140211], [15.1023485, 40.2140214], [15.1023484, 40.2140217], [15.1020895, 40.2144107], [15.1020894, 40.2144109], [15.1019613, 40.2148387], [15.1019613, 40.2148387], [15.101911, 40.2150705], [15.1019109, 40.2150708], [15.1019107, 40.215071], [15.1017321, 40.2152912], [15.1017321, 40.2152913], [15.101732, 40.2152914], [15.1016223, 40.2157015], [15.1016223, 40.2157016], [15.1016223, 40.2157016], [15.1016971, 40.2158674], [15.1016972, 40.2158675], [15.1016972, 40.2158676], [15.1020861, 40.2161433], [15.1020862, 40.2161433], [15.1020863, 40.2161433], [15.1022336, 40.2161111], [15.1022338, 40.216111], [15.1023992, 40.2160928], [15.1023993, 40.2160928], [15.1023993, 40.2160927], [15.1025502, 40.2160342], [15.1025504, 40.2160342], [15.1025507, 40.2160341], [15.1027716, 40.2160065], [15.1027717, 40.2160065], [15.103093, 40.2159583], [15.1030931, 40.2159583], [15.1031635, 40.215934], [15.1031636, 40.215934], [15.1033451, 40.2158812], [15.1033454, 40.2158811], [15.1033457, 40.2158811], [15.1033461, 40.2158811], [15.1033464, 40.2158812], [15.1034621, 40.2159136], [15.1034622, 40.2159136], [15.1034622, 40.2159135], [15.1034766, 40.2158811], [15.1034767, 40.2158809], [15.1034769, 40.2158807], [15.1034772, 40.2158805], [15.1034775, 40.2158804], [15.1034778, 40.2158803], [15.1034781, 40.2158802], [15.1034785, 40.2158802], [15.1034788, 40.2158803], [15.1035624, 40.2159008], [15.1035625, 40.2159008], [15.1035626, 40.2159008], [15.1038756, 40.2158211], [15.1038759, 40.215821], [15.1040646, 40.2157977], [15.1040649, 40.2157977], [15.1042627, 40.215794], [15.1042631, 40.215794], [15.1042635, 40.2157941], [15.1043537, 40.2158247], [15.1043538, 40.2158248], [15.1043539, 40.2158248], [15.104655, 40.2158261], [15.1046553, 40.2158261], [15.1046556, 40.2158262], [15.1049466, 40.2159164], [15.1049466, 40.2159164], [15.1050578, 40.215949], [15.1050579, 40.215949], [15.1051147, 40.2159564], [15.1051147, 40.2159564], [15.105282, 40.2159746], [15.1052823, 40.2159747], [15.1052826, 40.2159748], [15.1052828, 40.2159749], [15.1054617, 40.2160778], [15.1054618, 40.2160778], [15.1054619, 40.2160778], [15.1057755, 40.2160652], [15.1057758, 40.2160652], [15.1057761, 40.2160653], [15.1057764, 40.2160654], [15.1058588, 40.216098], [15.1058591, 40.2160981], [15.106041, 40.2162149], [15.1060411, 40.216215], [15.1060412, 40.216215], [15.1061506, 40.216218], [15.1061507, 40.216218], [15.1061507, 40.2162179], [15.1062712, 40.2161873], [15.1062714, 40.2161872], [15.106322, 40.2161634], [15.1063223, 40.2161632], [15.1063227, 40.2161632], [15.1063231, 40.2161632], [15.1065003, 40.2161714], [15.1065004, 40.2161714], [15.1065005, 40.2161714], [15.1066823, 40.2161047], [15.1066824, 40.2161047], [15.1066824, 40.2161046], [15.1067274, 40.2160115], [15.1067274, 40.2160114], [15.1067394, 40.2159664], [15.1067396, 40.2159662], [15.1067397, 40.2159659], [15.10674, 40.2159657], [15.1067403, 40.2159655], [15.1068798, 40.2159017], [15.1068801, 40.2159016], [15.1068804, 40.2159015], [15.1068807, 40.2159015], [15.106881, 40.2159015], [15.1069753, 40.2159143], [15.1069757, 40.2159144], [15.106976, 40.2159145], [15.1069763, 40.2159147], [15.1071768, 40.2160825], [15.1071768, 40.2160825], [15.1071769, 40.2160825], [15.1073414, 40.2160929], [15.1073417, 40.216093], [15.1073421, 40.2160931], [15.1073424, 40.2160932], [15.107454, 40.216164], [15.1074771, 40.2161786], [15.1074773, 40.2161787], [15.1076663, 40.2163311], [15.1076664, 40.2163312], [15.1077603, 40.2164249], [15.1077606, 40.2164253], [15.1078029, 40.2165076], [15.107803, 40.2165077], [15.107803, 40.2165077], [15.1080221, 40.2165176], [15.1080222, 40.2165176], [15.1081434, 40.2165304], [15.1081435, 40.2165304], [15.1083629, 40.2165679], [15.1083632, 40.216568], [15.1084614, 40.2165987], [15.1084615, 40.2165987], [15.108653, 40.2166681], [15.1086533, 40.2166682], [15.1087999, 40.2167498], [15.1088, 40.2167498], [15.1088001, 40.2167498], [15.1090491, 40.216724], [15.1090494, 40.216724], [15.1090498, 40.216724], [15.1090501, 40.2167241], [15.1090703, 40.2167316], [15.1091911, 40.2167756], [15.1091914, 40.2167758], [15.1091916, 40.2167759], [15.1091918, 40.2167761], [15.109192, 40.2167764], [15.1091921, 40.2167766], [15.1091921, 40.2167769], [15.1091933, 40.2168569], [15.1091933, 40.216857], [15.1091934, 40.216857], [15.109323, 40.2169112], [15.109323, 40.2169112], [15.1094524, 40.2169574], [15.1094526, 40.2169575], [15.1095626, 40.216978], [15.109563, 40.2169781], [15.1095633, 40.2169783], [15.1095636, 40.2169785], [15.1095638, 40.2169787], [15.1095639, 40.216979], [15.1095717, 40.2169998], [15.1095717, 40.2169999], [15.1095718, 40.2169999], [15.1096483, 40.2169992], [15.1096486, 40.2169992], [15.109649, 40.2169993], [15.1096493, 40.2169994], [15.1096495, 40.2169995], [15.1097618, 40.217073], [15.1097621, 40.2170732], [15.1097622, 40.2170734], [15.1097624, 40.2170736], [15.10984, 40.2172625], [15.1098504, 40.2172878], [15.1098505, 40.2172878], [15.1098854, 40.2173862], [15.1098854, 40.2173863], [15.1098855, 40.2173863], [15.1099244, 40.2174077], [15.1099244, 40.2174077], [15.1100153, 40.2174582], [15.1100154, 40.2174583], [15.1101077, 40.2175186], [15.1101078, 40.2175187], [15.1102889, 40.2175998], [15.1102892, 40.2176], [15.1102894, 40.2176002], [15.1102896, 40.2176004], [15.1103739, 40.2177395], [15.1103739, 40.2177396], [15.110374, 40.2177396], [15.110465, 40.2178019], [15.1104651, 40.217802], [15.1104651, 40.217802], [15.1105879, 40.2178127], [15.1105882, 40.2178127], [15.1105886, 40.2178128], [15.1105889, 40.217813], [15.1105891, 40.2178132], [15.1105893, 40.2178135], [15.1106544, 40.2179298], [15.1106802, 40.2179758], [15.1106803, 40.2179759], [15.1106803, 40.2179759], [15.1107494, 40.2180007], [15.1107497, 40.2180008], [15.1107499, 40.218001], [15.1107501, 40.2180012], [15.1107503, 40.2180014], [15.1107504, 40.2180016], [15.1107693, 40.2180719], [15.1107693, 40.2180719], [15.1107694, 40.218072], [15.1108497, 40.2181263], [15.11085, 40.2181265], [15.1108502, 40.2181268], [15.1108818, 40.2181894], [15.110882, 40.2181895], [15.1109316, 40.2182404], [15.1109316, 40.2182404], [15.1109812, 40.2182893], [15.1109814, 40.2182894], [15.1111705, 40.2183941], [15.1111708, 40.2183943], [15.111171, 40.2183945], [15.1111712, 40.2183948], [15.1112129, 40.2185061], [15.111222, 40.2185302], [15.111222, 40.2185302], [15.1113085, 40.2187387], [15.1113085, 40.2187387], [15.1113436, 40.2188195], [15.1113436, 40.2188195], [15.1113437, 40.2188196], [15.1114383, 40.2188616], [15.1114386, 40.2188617], [15.1114389, 40.2188619], [15.1114391, 40.2188622], [15.1114392, 40.2188624], [15.1114392, 40.2188627], [15.1114392, 40.2188629], [15.1114392, 40.2188632], [15.1113724, 40.2190227], [15.1113724, 40.2190228], [15.1113612, 40.2190468], [15.111361, 40.2190471], [15.1113608, 40.2190473], [15.1113606, 40.2190475], [15.1113603, 40.2190476], [15.1113599, 40.2190477], [15.1113596, 40.2190477], [15.1113592, 40.2190477], [15.1113507, 40.2190467], [15.1113506, 40.2190467], [15.1113506, 40.2190468], [15.1113553, 40.2190586], [15.1113554, 40.2190589], [15.1113554, 40.2190592], [15.1113553, 40.2190595], [15.1113475, 40.2190763], [15.1113475, 40.2190763], [15.1113475, 40.2190763], [15.1113623, 40.2190785], [15.1113626, 40.2190785], [15.1113629, 40.2190786], [15.1113631, 40.2190788], [15.1113633, 40.219079], [15.1113635, 40.2190792], [15.1113636, 40.2190794], [15.1113778, 40.2191148], [15.1113779, 40.2191152], [15.1113878, 40.2192345], [15.1113878, 40.2192345], [15.1113976, 40.2193198], [15.1113976, 40.2193199], [15.1113977, 40.21932], [15.1114675, 40.2193829], [15.1114677, 40.2193831], [15.1114678, 40.2193834], [15.1114679, 40.2193836], [15.1114841, 40.2194929], [15.1114841, 40.2194929], [15.1114842, 40.219493], [15.1115511, 40.219544], [15.1115511, 40.2195441], [15.1116021, 40.2195854], [15.1116022, 40.2195854], [15.1116023, 40.2195855], [15.1116681, 40.219607], [15.1116684, 40.2196071], [15.1116687, 40.2196073], [15.1116689, 40.2196075], [15.1116691, 40.2196078], [15.1116692, 40.2196081], [15.1116756, 40.2196609], [15.1116756, 40.2196609], [15.1116757, 40.219661], [15.1117617, 40.2197727], [15.1117618, 40.2197729], [15.1117619, 40.2197731], [15.1117619, 40.2197734], [15.111762, 40.2197973], [15.111762, 40.2197974], [15.1117621, 40.2197974], [15.1119469, 40.2198897], [15.1119469, 40.2198898], [15.1120807, 40.2199505], [15.1120808, 40.2199505], [15.1122369, 40.220016], [15.112237, 40.2200161], [15.1123578, 40.2200524], [15.1123582, 40.2200525], [15.1124568, 40.2201059], [15.1124569, 40.2201059], [15.1126321, 40.2201739], [15.1126321, 40.2201739], [15.1128646, 40.2202466], [15.1128647, 40.2202466], [15.1131227, 40.2203169], [15.1131227, 40.2203169], [15.1133137, 40.220358], [15.1133138, 40.220358], [15.1133139, 40.220358], [15.1136415, 40.2203427], [15.1136416, 40.2203427], [15.1136416, 40.2203427], [15.1136921, 40.2202964], [15.1136924, 40.2202962], [15.1136927, 40.220296], [15.1136931, 40.2202959], [15.1136934, 40.2202959], [15.1138084, 40.2202912], [15.1138085, 40.2202912], [15.1141458, 40.2202929], [15.1141459, 40.2202929], [15.1142445, 40.220283], [15.1142445, 40.220283], [15.1143049, 40.2202756], [15.114305, 40.2202755], [15.114407, 40.2202492], [15.1144194, 40.2202461], [15.1144195, 40.220246], [15.1144989, 40.2202288], [15.114499, 40.2202288], [15.1146198, 40.2202091], [15.1146198, 40.2202091], [15.1147152, 40.2201918], [15.1147153, 40.2201918], [15.1147303, 40.2201881], [15.1148933, 40.2201476], [15.1148933, 40.2201475], [15.114982, 40.2201206], [15.1149823, 40.2201206], [15.1149827, 40.2201205], [15.11517, 40.2201177], [15.1151703, 40.2201178], [15.115217, 40.2201235], [15.1152171, 40.2201235], [15.1152171, 40.2201235], [15.1152369, 40.2200841], [15.1152371, 40.2200839], [15.1152373, 40.2200837], [15.1152376, 40.2200835], [15.1152379, 40.2200834], [15.1152382, 40.2200833], [15.1152386, 40.2200833], [15.1152389, 40.2200833], [15.1152392, 40.2200833], [15.1152396, 40.2200835], [15.1152398, 40.2200836], [15.1152401, 40.2200838], [15.1152402, 40.2200841], [15.1152404, 40.2200843], [15.1152404, 40.2200846], [15.1152404, 40.2200848], [15.1152403, 40.2200851], [15.1152126, 40.2201449], [15.1152126, 40.220145], [15.1152126, 40.220145], [15.1153861, 40.2202515], [15.1153862, 40.2202515], [15.1156434, 40.2204342], [15.1156434, 40.2204342], [15.1159022, 40.2206016], [15.1159022, 40.2206016], [15.1159856, 40.2206574], [15.1159857, 40.2206574], [15.1159858, 40.2206574], [15.1161085, 40.2206213], [15.1161087, 40.2206213], [15.1162016, 40.2206031], [15.1162016, 40.2206031], [15.1162647, 40.2205927], [15.1162648, 40.2205927], [15.1164108, 40.2205769], [15.116411, 40.2205769], [15.1164113, 40.2205769], [15.1164236, 40.2205786], [15.1165009, 40.2205893], [15.116501, 40.2205893], [15.116604, 40.2205915], [15.1166041, 40.2205915], [15.1166042, 40.2205915], [15.116677, 40.2205683], [15.1166772, 40.2205683], [15.1168274, 40.22049], [15.1168347, 40.2205084], [15.1167216, 40.2205569], [15.1167214, 40.220557], [15.1166783, 40.2205842], [15.1166779, 40.2205845], [15.1166475, 40.2205942], [15.1166475, 40.2205942], [15.1166044, 40.2206078], [15.1166041, 40.2206079], [15.1166037, 40.2206079], [15.1164945, 40.2206079], [15.1164941, 40.2206079], [15.1163948, 40.2205904], [15.1163948, 40.2205904], [15.1163947, 40.2205904], [15.1163003, 40.2206002], [15.1163003, 40.2206002], [15.1161804, 40.2206198], [15.1161803, 40.2206198], [15.1159813, 40.2206727], [15.1159813, 40.2206727], [15.1159813, 40.2206728], [15.1159885, 40.2206835], [15.1159885, 40.2206836], [15.1160708, 40.2207721], [15.116071, 40.2207723], [15.1161231, 40.220863], [15.1161232, 40.2208632], [15.1161233, 40.2208635], [15.1161221, 40.2209231], [15.1161221, 40.2209232], [15.1161257, 40.2209561], [15.1161257, 40.2209561], [15.1161257, 40.2209562], [15.1161539, 40.2209832], [15.1161541, 40.2209834], [15.1161542, 40.2209837], [15.1161543, 40.2209839], [15.1161543, 40.2209841], [15.1161473, 40.2210853], [15.1161473, 40.2210854], [15.1161473, 40.2210854], [15.1162513, 40.2212144], [15.1162514, 40.2212146], [15.116287, 40.2212799], [15.1162871, 40.2212802], [15.1162871, 40.2212805], [15.1162871, 40.2212807], [15.1162766, 40.2213217], [15.1162766, 40.2213217], [15.1162766, 40.2213218], [15.1164092, 40.2214453], [15.1164094, 40.2214455], [15.1164344, 40.2214838], [15.1164345, 40.221484], [15.1164704, 40.2215745], [15.1164704, 40.2215746], [15.1164704, 40.2215746], [15.1165385, 40.2216432], [15.1165387, 40.2216434], [15.1165534, 40.2216682], [15.1165534, 40.2216683], [15.1166768, 40.2218906], [15.1166769, 40.2218907], [15.1166769, 40.2218907], [15.116791, 40.2219125], [15.1167913, 40.2219126], [15.1167916, 40.2219127], [15.1167918, 40.2219129], [15.116792, 40.2219131], [15.1168265, 40.2219544], [15.1168267, 40.2219547], [15.1168268, 40.2219549], [15.1168268, 40.2219552], [15.1168239, 40.2220143], [15.1168239, 40.2220143], [15.116824, 40.2220144], [15.1168923, 40.2220576], [15.1168926, 40.2220578], [15.1168928, 40.2220581], [15.1169225, 40.2221036], [15.1169226, 40.2221036], [15.1169603, 40.2221516], [15.1169605, 40.2221518], [15.1170554, 40.2222176], [15.1170555, 40.2222177], [15.1170556, 40.2222177], [15.1171084, 40.2222285], [15.1171087, 40.2222286], [15.117109, 40.2222287], [15.1171093, 40.2222288], [15.1171095, 40.222229], [15.1171096, 40.2222293], [15.1171384, 40.222281], [15.1171811, 40.2223577], [15.1171812, 40.2223579], [15.1173279, 40.2224976], [15.1173281, 40.2224979], [15.1173282, 40.2224981], [15.1173283, 40.2224984], [15.1173319, 40.2225529], [15.1173319, 40.2225529], [15.117332, 40.222553], [15.1175504, 40.2226956], [15.1175506, 40.2226957], [15.1175508, 40.2226959], [15.1175509, 40.2226962], [15.1175759, 40.2227507], [15.1175759, 40.2227508], [15.117576, 40.2227508], [15.117644, 40.2227782], [15.1176441, 40.2227783], [15.1176442, 40.2227783], [15.1176763, 40.222781], [15.1176764, 40.222781], [15.1176764, 40.222781], [15.1176967, 40.2227763], [15.117697, 40.2227763], [15.1176974, 40.2227763], [15.1176977, 40.2227763], [15.117698, 40.2227764], [15.1176983, 40.2227766], [15.1176986, 40.2227768], [15.1179614, 40.2230322], [15.1179616, 40.2230324], [15.1180181, 40.2231078], [15.1180181, 40.2231079], [15.1182702, 40.2233405], [15.1182704, 40.2233408], [15.1183717, 40.2235172], [15.1183717, 40.2235173], [15.1183717, 40.2235173], [15.1185527, 40.2236608], [15.1185528, 40.2236608], [15.1185528, 40.2236609], [15.1187832, 40.2236987], [15.1187834, 40.2236988], [15.1191719, 40.2237951], [15.1191722, 40.2237952], [15.1191725, 40.2237953], [15.1199825, 40.2242835], [15.1199827, 40.2242836], [15.1201764, 40.2243693], [15.1201767, 40.2243694], [15.1203952, 40.224512], [15.1203955, 40.2245122], [15.1206022, 40.2247414], [15.1206024, 40.2247417], [15.1206455, 40.2248422], [15.1206455, 40.2248422], [15.1206455, 40.2248423], [15.1208492, 40.2250345], [15.1208492, 40.2250345], [15.1208493, 40.2250345], [15.1213706, 40.225201], [15.1213708, 40.2252011], [15.1218059, 40.2252719], [15.121806, 40.2252719], [15.1222765, 40.2253137], [15.1222769, 40.2253138], [15.1228154, 40.2254654], [15.1231816, 40.225566], [15.1231818, 40.225566], [15.1235642, 40.225702], [15.1235642, 40.225702], [15.1238939, 40.2258092], [15.1238939, 40.2258092], [15.1243163, 40.2259213], [15.1243163, 40.2259213], [15.1248, 40.2260507], [15.1255175, 40.2262418], [15.1255177, 40.2262419], [15.1258419, 40.2263581], [15.1258419, 40.2263581], [15.125842, 40.2263581], [15.125859, 40.2263392], [15.1258592, 40.226339], [15.1258595, 40.2263388], [15.1258598, 40.2263387], [15.1258601, 40.2263386], [15.1258604, 40.2263386], [15.1258608, 40.2263386], [15.1258611, 40.2263387], [15.1258614, 40.2263388], [15.1258617, 40.2263389], [15.1258619, 40.2263391], [15.1258621, 40.2263393], [15.1258622, 40.2263396], [15.1258623, 40.2263398], [15.1258623, 40.2263401], [15.1258585, 40.2263654], [15.1258584, 40.2263657], [15.1258582, 40.226366], [15.125858, 40.2263662], [15.1258577, 40.2263664], [15.1256915, 40.2264575], [15.1256914, 40.2264576], [15.1256914, 40.2264576], [15.1255919, 40.2266269], [15.1255918, 40.2266269], [15.1254786, 40.2267983], [15.1254784, 40.2267985], [15.1252505, 40.2270256], [15.1252504, 40.2270256], [15.1249272, 40.2273398], [15.1246014, 40.2276625], [15.1246014, 40.2276625], [15.1242309, 40.2280286], [15.1242307, 40.2280288], [15.1242304, 40.2280289], [15.1236567, 40.228288], [15.1236566, 40.228288], [15.1235871, 40.2283338], [15.1235871, 40.2283338], [15.1232629, 40.228568], [15.1232628, 40.2285681], [15.1230775, 40.2286768], [15.1230771, 40.2286769], [15.1223079, 40.228927], [15.1223078, 40.228927], [15.1222242, 40.2289609], [15.1222239, 40.228961], [15.1222237, 40.2289611], [15.1221631, 40.2289696], [15.122163, 40.2289696], [15.122073, 40.2289789], [15.1220729, 40.2289789], [15.1220728, 40.2289789], [15.1219949, 40.2290514], [15.1219946, 40.2290517], [15.1218192, 40.229148], [15.121819, 40.2291481], [15.1216133, 40.2292332], [15.1216132, 40.2292332], [15.1215325, 40.2292725], [15.1214151, 40.2293298], [15.121415, 40.2293298], [15.1214151, 40.2293298], [15.1214796, 40.2293784], [15.1214796, 40.2293784], [15.1215344, 40.2294186], [15.1216324, 40.2294906], [15.1216466, 40.2295011], [15.1216467, 40.2295012], [15.1217037, 40.2295497], [15.1217038, 40.2295498], [15.1217463, 40.2295708], [15.121849, 40.2296215], [15.1218587, 40.2296263], [15.121859, 40.2296265], [15.1218592, 40.2296266], [15.1219085, 40.2296751], [15.1219085, 40.2296752], [15.1219178, 40.2296829], [15.1219934, 40.2297463], [15.1220357, 40.2297818], [15.1220963, 40.2298326], [15.1220964, 40.2298327], [15.1221353, 40.2298688], [15.1221963, 40.2299253], [15.1221964, 40.2299254], [15.1222498, 40.22999], [15.1222588, 40.2300008], [15.1222624, 40.2300052], [15.1223167, 40.2300708], [15.1223168, 40.230071], [15.1224003, 40.2302014], [15.1224062, 40.2302108], [15.1224063, 40.2302108], [15.122446, 40.2302769], [15.1224561, 40.2302939], [15.1224563, 40.2302942], [15.1224798, 40.2303746], [15.1224798, 40.2303746], [15.1224953, 40.230412], [15.1224953, 40.230412], [15.1225069, 40.2304378], [15.122507, 40.2304379], [15.122507, 40.2304379], [15.1225273, 40.2304545], [15.1225275, 40.2304548], [15.1225277, 40.2304551], [15.1225278, 40.2304554], [15.1225277, 40.2304557], [15.1224767, 40.2307545], [15.122449, 40.230917], [15.122449, 40.230917], [15.1224314, 40.2310151], [15.1224313, 40.2310154], [15.1223874, 40.2311049], [15.1223874, 40.231105], [15.1223874, 40.231105], [15.1224136, 40.231246], [15.1224136, 40.2312461], [15.1224136, 40.2312461], [15.1224442, 40.2312891], [15.1224443, 40.2312891], [15.1225475, 40.2314181], [15.1225475, 40.2314181], [15.1226086, 40.2314955], [15.1226087, 40.2314956], [15.1227533, 40.2316329], [15.1227534, 40.2316329], [15.1228906, 40.231779], [15.1228907, 40.231779], [15.122924, 40.2318174], [15.1229693, 40.2318696], [15.1229975, 40.2319021], [15.1229976, 40.2319023], [15.1230475, 40.2319854], [15.1230475, 40.2319855], [15.1230861, 40.232063], [15.1230861, 40.232063], [15.1230862, 40.232063], [15.1231052, 40.2320568], [15.1231055, 40.2320567], [15.1231058, 40.2320567], [15.1231062, 40.2320567], [15.1231065, 40.2320568], [15.1231068, 40.2320569], [15.1231071, 40.2320571], [15.1231073, 40.2320573], [15.1231075, 40.2320575], [15.1231163, 40.2320715], [15.1231163, 40.2320715], [15.123197, 40.2321921], [15.1232073, 40.2322075], [15.1232073, 40.2322075], [15.1232153, 40.232219], [15.1232154, 40.2322192], [15.1232457, 40.2322451], [15.1232457, 40.2322451], [15.1232766, 40.2322728], [15.1232766, 40.2322728], [15.1233538, 40.2323451], [15.1233545, 40.2323458], [15.1233545, 40.2323458], [15.1233903, 40.2323824], [15.1233905, 40.2323825], [15.1234284, 40.2324351], [15.1234285, 40.2324352], [15.1234421, 40.2324505], [15.1234422, 40.2324507], [15.123462, 40.2324839], [15.1234621, 40.232484], [15.1234621, 40.232484], [15.1234679, 40.2324884], [15.1234681, 40.2324886], [15.1234683, 40.2324889], [15.1234684, 40.2324891], [15.1234684, 40.2324894], [15.1234683, 40.2324897], [15.1234682, 40.23249], [15.123468, 40.2324902], [15.1234677, 40.2324904], [15.1234154, 40.2325235], [15.1234152, 40.2325236], [15.123395, 40.2325458], [15.1233948, 40.232546], [15.1232271, 40.2326715], [15.123227, 40.2326716], [15.1232211, 40.232678], [15.1232208, 40.2326782], [15.1232205, 40.2326784], [15.1232202, 40.2326785], [15.1232198, 40.2326786], [15.1232195, 40.2326786], [15.1232191, 40.2326785], [15.123184, 40.2326705], [15.1230012, 40.2326283], [15.1230012, 40.2326283], [15.1227596, 40.2325691], [15.1227595, 40.2325691], [15.1227594, 40.2325691], [15.1227283, 40.2325692], [15.1227278, 40.2325692], [15.1225075, 40.232522], [15.1225074, 40.2325219], [15.1221975, 40.2324389], [15.1221973, 40.2324388], [15.1219609, 40.2323555], [15.1219607, 40.2323554], [15.1219243, 40.2323357], [15.121924, 40.2323355], [15.1219237, 40.2323353], [15.1218551, 40.2322354], [15.121855, 40.2322354], [15.1218549, 40.2322354], [15.1216711, 40.2322569], [15.1216711, 40.2322569], [15.1214833, 40.2322913], [15.1214832, 40.2322913], [15.1213079, 40.2323161], [15.1213077, 40.2323161], [15.1211737, 40.232326], [15.1211733, 40.232326], [15.1211729, 40.2323259], [15.1211726, 40.2323258], [15.1211722, 40.2323256], [15.1208476, 40.2320883], [15.1208476, 40.2320882], [15.1207519, 40.2320216], [15.1207519, 40.2320216], [15.1206181, 40.2319317], [15.120618, 40.2319317], [15.1205187, 40.2318709], [15.1205187, 40.2318709], [15.1205186, 40.2318708], [15.1203365, 40.2318194], [15.1203362, 40.2318193], [15.1203359, 40.2318191], [15.1203356, 40.2318189], [15.1203355, 40.2318187], [15.1203354, 40.2318184], [15.1202966, 40.2316881], [15.1202966, 40.231688], [15.1202965, 40.231688], [15.1201933, 40.2316098], [15.1201932, 40.2316097], [15.1200832, 40.2315102], [15.1200832, 40.2315102], [15.1200831, 40.2315102], [15.119797, 40.2314285], [15.1197969, 40.2314284], [15.1197968, 40.2314285], [15.1196322, 40.231519], [15.1196322, 40.231519], [15.1196321, 40.2315191], [15.1195936, 40.231586], [15.1195935, 40.2315861], [15.119558, 40.231639], [15.1195578, 40.2316392], [15.1195576, 40.2316394], [15.119513, 40.2316717], [15.119513, 40.2316717], [15.1194113, 40.2317551], [15.1194113, 40.2317551], [15.1193278, 40.2318267], [15.1193274, 40.231827], [15.1193038, 40.2318384], [15.1193035, 40.2318386], [15.1191208, 40.2318969], [15.1191206, 40.231897], [15.1189621, 40.2319828], [15.1189619, 40.2319829], [15.1189616, 40.2319829], [15.1188779, 40.232004], [15.1188778, 40.232004], [15.1187684, 40.2320436], [15.1187684, 40.2320436], [15.1187683, 40.2320437], [15.1186741, 40.2323114], [15.1186741, 40.2323114], [15.1186363, 40.2324867], [15.1186363, 40.2324868], [15.1186305, 40.2325236], [15.1186305, 40.2325237], [15.1186368, 40.2325581], [15.1186368, 40.2325582], [15.1186368, 40.2325582], [15.1187036, 40.2326523], [15.1187037, 40.2326525], [15.1187661, 40.2327742], [15.1187662, 40.2327744], [15.1188276, 40.232965], [15.1188276, 40.2329653], [15.1188276, 40.2329657], [15.1187896, 40.2330826], [15.1187895, 40.2330828], [15.1187894, 40.233083], [15.1187892, 40.2330832], [15.1187889, 40.2330833], [15.1186609, 40.2331549], [15.1186606, 40.233155], [15.1186603, 40.2331551], [15.1184836, 40.2331927], [15.1184835, 40.2331927], [15.1184834, 40.2331927], [15.1183863, 40.2332507], [15.1183861, 40.2332508], [15.1178646, 40.2334834], [15.1178646, 40.2334834], [15.1174359, 40.2336673], [15.1174359, 40.2336674], [15.1174359, 40.2336674], [15.1174709, 40.2337362], [15.117471, 40.2337365], [15.1175456, 40.2340816], [15.1175456, 40.2340819], [15.1175436, 40.2342223], [15.1175437, 40.2342224], [15.1175437, 40.2342224], [15.1176549, 40.234427], [15.1176549, 40.234427], [15.117655, 40.2344271], [15.1180293, 40.234642], [15.1180294, 40.2346421], [15.1183283, 40.2348458], [15.1183286, 40.234846], [15.1183287, 40.2348462], [15.1186205, 40.2352918], [15.1186206, 40.2352919], [15.118782, 40.2355792], [15.118782, 40.2355792], [15.1187821, 40.2355793], [15.118995, 40.2357418], [15.1189952, 40.235742], [15.1189954, 40.2357422], [15.1191506, 40.2360179], [15.1194278, 40.2365053], [15.1194279, 40.2365054], [15.1195532, 40.2367882], [15.1195532, 40.2367884], [15.1196613, 40.2371931], [15.1196614, 40.2371934], [15.1196613, 40.2371936], [15.1196612, 40.2371939], [15.1194819, 40.2375261], [15.1194819, 40.2375262], [15.1194819, 40.2375262], [15.1196432, 40.2377973], [15.1196433, 40.2377976], [15.1197629, 40.238327], [15.1197629, 40.2383271], [15.119763, 40.2383271], [15.1201919, 40.2388], [15.1201919, 40.2388], [15.120192, 40.2388], [15.1207001, 40.2388646], [15.1207005, 40.2388647], [15.1207008, 40.2388648], [15.1207011, 40.238865], [15.1213406, 40.2393828], [15.1217565, 40.2397198], [15.1217566, 40.2397199], [15.1222486, 40.2400011], [15.1222489, 40.2400013], [15.1222491, 40.2400015], [15.122475, 40.2403088], [15.1224752, 40.2403091], [15.1224752, 40.2403095], [15.1224825, 40.2404888], [15.1224826, 40.2404889], [15.1224826, 40.2404889], [15.1228421, 40.2407242], [15.1228421, 40.2407242], [15.1228422, 40.2407243], [15.1231528, 40.2408056], [15.1231531, 40.2408057], [15.1231534, 40.2408059], [15.1231536, 40.2408061], [15.1231538, 40.2408063], [15.1231539, 40.2408066], [15.123154, 40.2408069], [15.1231539, 40.2408072], [15.1231538, 40.2408074], [15.1231536, 40.2408077], [15.1231534, 40.2408079], [15.1228316, 40.2410384], [15.1228316, 40.2410384], [15.1217746, 40.2417893], [15.1217746, 40.2417894], [15.1217746, 40.2417894], [15.1217783, 40.2419002], [15.1217782, 40.2419005], [15.1217782, 40.2419007], [15.121778, 40.2419009], [15.1217778, 40.2419011], [15.1217776, 40.2419013], [15.1217364, 40.2419266], [15.1216569, 40.2419755], [15.1216568, 40.2419756], [15.1215207, 40.2420769], [15.1215206, 40.242077], [15.1215207, 40.2420771], [15.1218764, 40.2424379], [15.1218765, 40.242438], [15.1219538, 40.2424942], [15.1219539, 40.2424942], [15.1222041, 40.2426491], [15.1222045, 40.2426493], [15.1223347, 40.2427927], [15.1223347, 40.2427927], [15.1223348, 40.2427928], [15.1223799, 40.2427992], [15.1223803, 40.2427993], [15.1223806, 40.2427995], [15.1224659, 40.2428485], [15.1224659, 40.2428485], [15.1225247, 40.2428774], [15.122525, 40.2428776], [15.1225475, 40.2428944], [15.1225476, 40.2428944], [15.1226317, 40.2429602], [15.1226317, 40.2429602], [15.1226318, 40.2429602], [15.1227398, 40.2429742], [15.1227399, 40.2429742], [15.1228766, 40.2429865], [15.1228769, 40.2429866], [15.1228773, 40.2429867], [15.1228776, 40.2429869], [15.1229184, 40.2430182], [15.1229185, 40.2430183], [15.1230262, 40.2431211], [15.1230264, 40.2431213], [15.1230435, 40.2431447], [15.1230435, 40.2431447], [15.1231171, 40.2432395], [15.1231171, 40.2432395], [15.1231172, 40.2432395], [15.1231625, 40.2432434], [15.1231629, 40.2432435], [15.1231632, 40.2432436], [15.1231635, 40.2432437], [15.1232851, 40.2433216], [15.1232852, 40.2433216], [15.1233177, 40.2433442], [15.1233178, 40.2433442], [15.1235322, 40.2435191], [15.1235324, 40.2435192], [15.1236778, 40.2436654], [15.1236779, 40.2436654], [15.1237921, 40.243789], [15.1237922, 40.2437891], [15.1237922, 40.2437891], [15.1239107, 40.243833], [15.123911, 40.2438332], [15.1239112, 40.2438334], [15.1240653, 40.2439644], [15.1240653, 40.2439645], [15.1243415, 40.2442106], [15.1243416, 40.2442106], [15.1243817, 40.2442488], [15.1243817, 40.2442488], [15.1245648, 40.2444131], [15.1245649, 40.2444131], [15.1249257, 40.2447239], [15.1249257, 40.2447239], [15.1249258, 40.2447239], [15.1254114, 40.2445168], [15.1254114, 40.2445167], [15.1257084, 40.2443921], [15.1260113, 40.2442644], [15.1260117, 40.2442642], [15.1260121, 40.2442642], [15.1266127, 40.2442504], [15.1266127, 40.2442504], [15.1273204, 40.2442489], [15.1273204, 40.2442489], [15.127702, 40.2442537], [15.1277021, 40.2442536], [15.1279026, 40.2442304], [15.1279026, 40.2442304], [15.1281188, 40.244207], [15.1281189, 40.244207], [15.1283612, 40.2441835], [15.1283612, 40.2441835], [15.1286324, 40.2441503], [15.1286328, 40.2441503], [15.1286331, 40.2441503], [15.1293361, 40.2442609], [15.1293361, 40.244261], [15.1295525, 40.2442984], [15.129553, 40.2442985], [15.129946, 40.2444681], [15.1299461, 40.2444682], [15.1299461, 40.2444681], [15.1299855, 40.2443945], [15.1299856, 40.2443944], [15.1300016, 40.2443343], [15.1300016, 40.2443341], [15.1300403, 40.2442528], [15.1300403, 40.2442527], [15.1300907, 40.2441644], [15.130091, 40.2441641], [15.1301235, 40.2441333], [15.1301235, 40.2441332], [15.1302467, 40.2439843], [15.1302467, 40.2439842], [15.1303099, 40.2438733], [15.1303099, 40.2438733], [15.1303469, 40.2438129], [15.1303469, 40.2438129], [15.1304217, 40.2436811], [15.1304443, 40.2436854], [15.1304057, 40.2437522], [15.1304057, 40.2437522], [15.1304023, 40.2437581], [15.130383, 40.2437914], [15.1303796, 40.2437974], [15.1303796, 40.2437974], [15.1303759, 40.2438037], [15.1303759, 40.2438037], [15.1303727, 40.2438091], [15.1302521, 40.2440104], [15.1302309, 40.2440458], [15.1302307, 40.2440461], [15.1301192, 40.2441528], [15.1301191, 40.2441529], [15.1301182, 40.2441546], [15.1300079, 40.2443559], [15.1300078, 40.244356], [15.1300078, 40.2443561], [15.1300114, 40.2444104], [15.1300114, 40.2444106], [15.1300113, 40.2444108], [15.12997, 40.2445123], [15.12997, 40.2445124], [15.12997, 40.2445124], [15.1301152, 40.2445145], [15.1301155, 40.2445145], [15.1301158, 40.2445146], [15.1301161, 40.2445147], [15.1303092, 40.2446039], [15.1303092, 40.2446039], [15.1305661, 40.2447199], [15.1305662, 40.2447199], [15.1319186, 40.2451552], [15.1319187, 40.2451552], [15.1319188, 40.2451552], [15.1319598, 40.2451575], [15.1319599, 40.2451575], [15.1329877, 40.2451445], [15.1329878, 40.2451445], [15.1335896, 40.2451699], [15.1335896, 40.2451699], [15.1343151, 40.2452072], [15.1343152, 40.2452072], [15.1347285, 40.2452221], [15.1347286, 40.2452221], [15.1354951, 40.245218], [15.1354951, 40.245218], [15.1365451, 40.2452243], [15.1365453, 40.2452243], [15.1366465, 40.2452047], [15.1366465, 40.2452047], [15.1368995, 40.2451459], [15.1368999, 40.2451459], [15.1373841, 40.2451157], [15.1373844, 40.2451157], [15.1375362, 40.2451251], [15.1375364, 40.2451251], [15.137896, 40.2451789], [15.137896, 40.245179], [15.13814, 40.2452197], [15.13814, 40.2452197], [15.1381401, 40.2452196], [15.1388678, 40.2445737], [15.1388678, 40.2445737], [15.1390728, 40.2443549], [15.139073, 40.2443547], [15.1392081, 40.2442493], [15.1393193, 40.2441625], [15.1393193, 40.2441625], [15.1397061, 40.2438498], [15.1397062, 40.2438498], [15.1402933, 40.2433243], [15.1402934, 40.2433241], [15.1403138, 40.2432914], [15.1403139, 40.2432914], [15.1405562, 40.2428734], [15.1405562, 40.2428734], [15.1410213, 40.242121], [15.1410215, 40.2421208], [15.1410218, 40.2421206], [15.1410221, 40.2421204], [15.1410224, 40.2421203], [15.1410228, 40.2421203], [15.1410231, 40.2421203], [15.1417217, 40.2421873], [15.1417218, 40.2421873], [15.1418491, 40.2422031], [15.1418492, 40.2422031], [15.1418493, 40.242203], [15.1422842, 40.2417883], [15.1422842, 40.2417883], [15.1423382, 40.2417336], [15.1423383, 40.2417335], [15.1425188, 40.241434], [15.1425188, 40.241434], [15.1425423, 40.2413854], [15.1426434, 40.2411763], [15.1426435, 40.2411761], [15.1426499, 40.2411674], [15.1426499, 40.2411674], [15.1426499, 40.2411673], [15.1426473, 40.2411665], [15.142647, 40.2411663], [15.1426467, 40.2411662], [15.1426465, 40.241166], [15.1426464, 40.2411657], [15.1426463, 40.2411654], [15.1426462, 40.2411652], [15.1426463, 40.2411649], [15.1426464, 40.2411646], [15.1426466, 40.2411644], [15.142773, 40.2410336], [15.142773, 40.2410336], [15.1431013, 40.2406812], [15.1431015, 40.240681], [15.1431017, 40.2406809], [15.143102, 40.2406808], [15.1431024, 40.2406807], [15.1431027, 40.2406807], [15.143103, 40.2406807], [15.1431033, 40.2406807], [15.1431036, 40.2406808], [15.1431149, 40.2406859], [15.1431149, 40.240686], [15.1431149, 40.2406859], [15.1431108, 40.2406767], [15.1431108, 40.2406765], [15.1431108, 40.2406762], [15.1431108, 40.2406759], [15.1431109, 40.2406757], [15.1431111, 40.2406755], [15.1431421, 40.2406444], [15.1431422, 40.2406444], [15.1431422, 40.2406443], [15.1430717, 40.240046], [15.1431109, 40.2400095], [15.1431236, 40.2401375], [15.1431721, 40.2406211], [15.1431722, 40.2406212], [15.1431722, 40.2406212], [15.143285, 40.2405165], [15.1432852, 40.2405163], [15.1432855, 40.2405161], [15.1433194, 40.2405029], [15.1433195, 40.2405029], [15.1435205, 40.2404329], [15.1441116, 40.2402272], [15.1441117, 40.2402272], [15.1442794, 40.2401473], [15.1442796, 40.2401472], [15.1444029, 40.2401018], [15.1444029, 40.2401018], [15.1444851, 40.2400671], [15.1444852, 40.2400671], [15.1445872, 40.2400096], [15.1447437, 40.2399214], [15.1447438, 40.2399214], [15.1449438, 40.2398169], [15.1449439, 40.2398169], [15.1453958, 40.2395878], [15.1453959, 40.2395878], [15.1455268, 40.2395269], [15.1455271, 40.2395268], [15.1455274, 40.2395267], [15.1455278, 40.2395267], [15.1455281, 40.2395267], [15.1455284, 40.2395268], [15.1455287, 40.2395269], [15.1456521, 40.2395916], [15.1456523, 40.2395918], [15.145721, 40.2396396], [15.1457211, 40.2396397], [15.1457212, 40.2396396], [15.1457343, 40.2396313], [15.1457346, 40.2396311], [15.145735, 40.239631], [15.1457353, 40.239631], [15.1457357, 40.239631], [15.145736, 40.239631], [15.1457364, 40.2396311], [15.1457367, 40.2396313], [15.1457369, 40.2396315], [15.1457371, 40.2396317], [15.1457372, 40.239632], [15.1457373, 40.2396323], [15.1457373, 40.2396326], [15.1457372, 40.2396328], [15.145737, 40.2396331], [15.1457368, 40.2396333], [15.1457121, 40.2396525], [15.145712, 40.2396526], [15.1457121, 40.2396526], [15.1457798, 40.2397157], [15.1457799, 40.2397158], [15.1458118, 40.2397503], [15.1458118, 40.2397504], [15.1458738, 40.2398272], [15.1458739, 40.2398272], [15.14594, 40.2398942], [15.1459401, 40.2398943], [15.1463307, 40.2402338], [15.146786, 40.2406255], [15.146786, 40.2406255], [15.1468848, 40.2407117], [15.1468848, 40.2407117], [15.1471109, 40.2409039], [15.1471109, 40.2409039], [15.1473229, 40.2410941], [15.1473229, 40.2410941], [15.1476454, 40.2413864], [15.1476454, 40.2413864], [15.1480055, 40.2416982], [15.1480055, 40.2416982], [15.1481666, 40.2418432], [15.1481668, 40.2418434], [15.1483442, 40.2420634], [15.1483442, 40.2420634], [15.1485464, 40.242303], [15.1485464, 40.2423031], [15.1486326, 40.2424151], [15.1486326, 40.2424151], [15.1487345, 40.2425566], [15.1487346, 40.2425567], [15.1489194, 40.2427587], [15.1489197, 40.2427591], [15.1490013, 40.2429497], [15.1490014, 40.2429501], [15.1490139, 40.2431629], [15.1490139, 40.2431632], [15.1489621, 40.2433846], [15.1489259, 40.2435411], [15.1489259, 40.2435411], [15.1489259, 40.2435411], [15.1490729, 40.2434016], [15.1490731, 40.2434015], [15.1490734, 40.2434013], [15.1493228, 40.2432931], [15.1493228, 40.2432931], [15.1495585, 40.2431707], [15.1495585, 40.2431707], [15.14966, 40.2431167], [15.1496602, 40.2431166], [15.1498544, 40.2430407], [15.1498545, 40.2430407], [15.150118, 40.2429323], [15.1501182, 40.2429323], [15.1505657, 40.2426412], [15.1505657, 40.2426412], [15.1506475, 40.2425849], [15.1506901, 40.2425556], [15.1509336, 40.2423879], [15.1509662, 40.2423655], [15.1513637, 40.2420917], [15.1513637, 40.2420917], [15.1523903, 40.2413896], [15.1524431, 40.2413535], [15.1530164, 40.2409603], [15.1532897, 40.2407728], [15.1532897, 40.2407728], [15.154007, 40.240289], [15.1540071, 40.240289], [15.1543662, 40.2400495], [15.1548522, 40.2397255], [15.1548522, 40.2397255], [15.1549033, 40.2396896], [15.1555647, 40.2392246], [15.1555647, 40.2392246], [15.1558356, 40.23904], [15.1558356, 40.23904], [15.1558357, 40.2390399], [15.1558669, 40.2389941], [15.155867, 40.238994], [15.1559094, 40.2388914], [15.1559095, 40.2388914], [15.1559431, 40.2387939], [15.1559432, 40.2387937], [15.1559433, 40.2387935], [15.1559435, 40.2387933], [15.1559438, 40.2387932], [15.1559441, 40.238793], [15.1560416, 40.2387594], [15.1560416, 40.2387593], [15.1560416, 40.2387593], [15.1560067, 40.2386918], [15.1560066, 40.2386915], [15.1560066, 40.2386913], [15.1560066, 40.238691], [15.1560067, 40.2386908], [15.1560068, 40.2386905], [15.156007, 40.2386903], [15.1560073, 40.2386902], [15.1560076, 40.23869], [15.1561506, 40.2386363], [15.1561507, 40.2386363], [15.1561507, 40.2386362], [15.1562336, 40.2385157], [15.1562336, 40.2385156], [15.1562758, 40.2384159], [15.156276, 40.2384157], [15.1562761, 40.2384155], [15.1562764, 40.2384153], [15.1562766, 40.2384151], [15.1562769, 40.238415], [15.1563831, 40.2383857], [15.1563832, 40.2383857], [15.1563832, 40.2383856], [15.1563741, 40.2383328], [15.156374, 40.2383326], [15.1563741, 40.2383323], [15.1563742, 40.2383321], [15.1563743, 40.2383319], [15.1564227, 40.2382765], [15.1564227, 40.2382764], [15.1564227, 40.2382763], [15.1563701, 40.2382104], [15.15637, 40.2382102], [15.1563699, 40.23821], [15.1563699, 40.2382097], [15.1563699, 40.2382095], [15.1564026, 40.2380373], [15.1564027, 40.2380371], [15.1564028, 40.2380368], [15.156403, 40.2380366], [15.1564033, 40.2380364], [15.1564036, 40.2380363], [15.1564039, 40.2380362], [15.1564042, 40.2380361], [15.156484, 40.2380313], [15.156484, 40.2380313], [15.156484, 40.2380312], [15.1564686, 40.2379425], [15.1564686, 40.2379423], [15.1564684, 40.2379226], [15.1564684, 40.2379224], [15.1564685, 40.2379221], [15.1564826, 40.2378912], [15.1564826, 40.2378911], [15.1565538, 40.2377639], [15.1565539, 40.2377638], [15.1566096, 40.2376879], [15.1566097, 40.2376878], [15.1566843, 40.2376051], [15.1566843, 40.2376051], [15.156753, 40.2375202], [15.1567532, 40.23752], [15.1568235, 40.2374619], [15.1568237, 40.2374618], [15.1568726, 40.2374327], [15.1568727, 40.2374326], [15.156982, 40.2373385], [15.156982, 40.2373385], [15.1570825, 40.2372378], [15.1570826, 40.2372377], [15.157186, 40.2371415], [15.1571861, 40.2371414], [15.1572807, 40.2370274], [15.1572807, 40.2370274], [15.1573294, 40.2369715], [15.1573294, 40.2369715], [15.1573666, 40.2369246], [15.1573667, 40.2369245], [15.1573667, 40.2369245], [15.1573917, 40.2368176], [15.1573917, 40.2368175], [15.1573936, 40.236787], [15.1573936, 40.2367868], [15.1573938, 40.2367865], [15.1573939, 40.2367863], [15.1573941, 40.2367861], [15.1574432, 40.2367483], [15.1574433, 40.2367482], [15.1577127, 40.2364151], [15.1577127, 40.2364151], [15.1579219, 40.2361473], [15.1580356, 40.2360018], [15.1581333, 40.2358767], [15.1582541, 40.2357221], [15.1582541, 40.2357221], [15.158254, 40.2357221], [15.1580237, 40.2357943], [15.1580234, 40.2357944], [15.158023, 40.2357944], [15.1580227, 40.2357944], [15.1580224, 40.2357943], [15.158022, 40.2357942], [15.1580218, 40.235794], [15.1580044, 40.2357802], [15.1580042, 40.23578], [15.158004, 40.2357797], [15.1580039, 40.2357795], [15.1580039, 40.2357792], [15.1580039, 40.235779], [15.158004, 40.2357787], [15.1580042, 40.2357785], [15.1580044, 40.2357783], [15.1580047, 40.2357781], [15.158005, 40.235778], [15.1582297, 40.2357035], [15.1582297, 40.2357035], [15.1582298, 40.2357035], [15.1584787, 40.2354033], [15.1584788, 40.2354031], [15.1584953, 40.2353886], [15.1584954, 40.2353885], [15.1585268, 40.2353533], [15.1585269, 40.2353533], [15.1591425, 40.2345915], [15.1591426, 40.2345914], [15.1592923, 40.2343229], [15.1592925, 40.2343227], [15.1594158, 40.2341868], [15.1594158, 40.2341867], [15.159557, 40.2340405], [15.1595571, 40.2340405], [15.1595986, 40.233994], [15.1595986, 40.233994], [15.1596874, 40.2338917], [15.1598397, 40.2337162], [15.1601661, 40.2333336], [15.1605674, 40.2328619], [15.1605674, 40.2328619], [15.1607922, 40.2325918], [15.1607922, 40.2325918], [15.1609468, 40.2324194], [15.1609469, 40.2324193], [15.1610274, 40.2322509], [15.1610274, 40.2322509], [15.1611943, 40.231924], [15.1611943, 40.231924], [15.1613776, 40.2315781], [15.1613776, 40.231578], [15.161554, 40.2312568], [15.161554, 40.2312567], [15.1616141, 40.2311405], [15.1616142, 40.2311405], [15.1616685, 40.2309981], [15.1617776, 40.2307127], [15.1617776, 40.2307127], [15.1618123, 40.2306227], [15.1619618, 40.2302359], [15.1621403, 40.229773], [15.1621403, 40.2297729], [15.1622456, 40.2294836], [15.1622456, 40.2294836], [15.1623903, 40.2291226], [15.1623903, 40.2291226], [15.1624431, 40.2289669], [15.1624431, 40.2289668], [15.162556, 40.2286964], [15.1626814, 40.2283878], [15.1628473, 40.2279664], [15.1628473, 40.2279664], [15.1629213, 40.2277928], [15.1629213, 40.2277928], [15.1632137, 40.2270775], [15.1632137, 40.2270775], [15.1632268, 40.2270462], [15.1632268, 40.2270461], [15.1632292, 40.227038], [15.1632293, 40.2270379], [15.1632584, 40.2269702], [15.1632585, 40.2269702], [15.1633112, 40.2268347], [15.1633214, 40.2268085], [15.163383, 40.2266503], [15.163399, 40.226609], [15.1633991, 40.226609], [15.1634217, 40.2265567], [15.1634523, 40.226486], [15.1634933, 40.2263914], [15.1634933, 40.2263913], [15.1634933, 40.2263913], [15.1634836, 40.2263807], [15.1634616, 40.2263566], [15.1634389, 40.2263319], [15.1634295, 40.2263216], [15.1634295, 40.2263216], [15.163402, 40.2262973], [15.163402, 40.2262973], [15.1633921, 40.2262885], [15.1633919, 40.2262883], [15.1633918, 40.226288], [15.1633917, 40.2262878], [15.1633917, 40.2262875], [15.1633917, 40.2262873], [15.1633918, 40.2262871], [15.163392, 40.2262868], [15.1633922, 40.2262866], [15.1634242, 40.2262611], [15.1634242, 40.2262611], [15.1634242, 40.226261], [15.163407, 40.2262455], [15.1634069, 40.2262455], [15.1634069, 40.2262455], [15.1633946, 40.2262457], [15.1633942, 40.2262456], [15.1633938, 40.2262455], [15.1633935, 40.2262454], [15.1633932, 40.2262452], [15.1633668, 40.2262231], [15.1633666, 40.2262229], [15.1633664, 40.2262226], [15.1633663, 40.2262224], [15.1633663, 40.2262221], [15.1633663, 40.2262219], [15.1633664, 40.2262216], [15.1633666, 40.2262214], [15.1633668, 40.2262212], [15.163375, 40.2262143], [15.1633751, 40.2262142], [15.163375, 40.2262142], [15.163193, 40.2260785], [15.163193, 40.2260784], [15.1630739, 40.2259778], [15.1630738, 40.2259777], [15.1628836, 40.2258522], [15.1628754, 40.2258468], [15.162828, 40.2258155], [15.162828, 40.2258155], [15.1628184, 40.2258094], [15.1628184, 40.2258094], [15.1625165, 40.2256182], [15.1625163, 40.2256181], [15.1623484, 40.2254836], [15.1623484, 40.2254836], [15.1622708, 40.2254239], [15.1620244, 40.2252346], [15.1620242, 40.2252345], [15.1619152, 40.2251222], [15.1619152, 40.2251222], [15.1618126, 40.2250128], [15.1618031, 40.2250028], [15.1618031, 40.2250027], [15.161803, 40.2250027], [15.1615732, 40.2249023], [15.1615729, 40.2249022], [15.1615727, 40.224902], [15.1615376, 40.2248702], [15.1615376, 40.2248702], [15.1613974, 40.2247408], [15.1613554, 40.2247021], [15.1613553, 40.224702], [15.1613058, 40.2246393], [15.1613058, 40.2246393], [15.1612631, 40.224585], [15.1611892, 40.2244911], [15.1611892, 40.224491], [15.1611083, 40.2244129], [15.1611082, 40.2244129], [15.1610816, 40.2243885], [15.16091, 40.2242312], [15.1609099, 40.2242312], [15.1609099, 40.2242312], [15.160814, 40.2241922], [15.160814, 40.2241922], [15.1607568, 40.2241706], [15.1605101, 40.224077], [15.1605101, 40.224077], [15.160294, 40.2240009], [15.1602937, 40.2240008], [15.1602934, 40.2240006], [15.1602749, 40.2239841], [15.1602747, 40.223984], [15.1602746, 40.2239837], [15.1602745, 40.2239835], [15.1602744, 40.2239833], [15.1602741, 40.2239714], [15.1602742, 40.2239711], [15.1602743, 40.2239709], [15.1602745, 40.2239706], [15.1602748, 40.2239704], [15.1604685, 40.2238425], [15.1604685, 40.2238424], [15.1604788, 40.2238334], [15.1605678, 40.2237546], [15.1605679, 40.2237545], [15.1605678, 40.2237545], [15.1605397, 40.2237449], [15.1605393, 40.2237447], [15.160508, 40.2237257], [15.160445, 40.2236871], [15.1604448, 40.2236871], [15.1604198, 40.2236793], [15.1604195, 40.2236791], [15.1604192, 40.2236789], [15.1604189, 40.2236787], [15.1604188, 40.2236785], [15.1604187, 40.2236782], [15.1604187, 40.2236779], [15.1604187, 40.2236777], [15.1604516, 40.2235789], [15.1604516, 40.2235788], [15.1604515, 40.2235788], [15.1602275, 40.2235316], [15.1602275, 40.2235316], [15.1601072, 40.2235097], [15.1601039, 40.2235091], [15.1600832, 40.2235054], [15.1598533, 40.2234635], [15.1598532, 40.2234635], [15.1596707, 40.2234229], [15.1596707, 40.2234229], [15.1592961, 40.223339], [15.1592961, 40.223339], [15.1589323, 40.2232736], [15.1589323, 40.2232736], [15.1586092, 40.2232149], [15.1586091, 40.2232149], [15.158609, 40.2232149], [15.1583751, 40.223267], [15.1583751, 40.223267], [15.1577404, 40.2233884], [15.1573806, 40.2234573], [15.1573805, 40.2234573], [15.1573805, 40.2234573], [15.1571252, 40.2236485], [15.1571249, 40.2236487], [15.1566874, 40.2238666], [15.1566577, 40.2238814], [15.1566577, 40.2238815], [15.1565514, 40.2239331], [15.156551, 40.2239332], [15.1565506, 40.2239333], [15.1556697, 40.2240007], [15.1556693, 40.2240007], [15.1556689, 40.2240006], [15.1556685, 40.2240005], [15.1552291, 40.2237797], [15.1552289, 40.2237796], [15.1547466, 40.2236553], [15.1547462, 40.2236552], [15.1547459, 40.223655], [15.1547457, 40.2236548], [15.1545807, 40.2234774], [15.1545807, 40.2234773], [15.1545093, 40.2233942], [15.1545092, 40.2233942], [15.1544128, 40.22331], [15.1544127, 40.2233099], [15.1542866, 40.2231879], [15.1542864, 40.2231877], [15.1542863, 40.2231874], [15.1542665, 40.223123], [15.1542664, 40.2231229], [15.1542432, 40.2230392], [15.1542432, 40.223039], [15.1542276, 40.2227616], [15.1542276, 40.2227616], [15.1542193, 40.2225816], [15.1542193, 40.2225815], [15.1542193, 40.2225814], [15.1541904, 40.222542], [15.1541904, 40.222542], [15.1541593, 40.2225008], [15.1540271, 40.2223258], [15.154027, 40.2223258], [15.1540269, 40.2223257], [15.154007, 40.2223147], [15.1537701, 40.2221847], [15.1537701, 40.2221847], [15.1534184, 40.2219875], [15.1534183, 40.2219874], [15.1534182, 40.2219874], [15.1522933, 40.2220445], [15.1522929, 40.2220445], [15.1522926, 40.2220444], [15.1522922, 40.2220443], [15.1522919, 40.2220441], [15.1522917, 40.2220439], [15.1522235, 40.2219653], [15.1522233, 40.2219651], [15.1522232, 40.2219648], [15.1522232, 40.2219645], [15.1522232, 40.2219643], [15.1522233, 40.221964], [15.1522235, 40.2219638], [15.1522237, 40.2219636], [15.152224, 40.2219634], [15.1522243, 40.2219633], [15.1522247, 40.2219632], [15.152225, 40.2219632], [15.1533373, 40.2219794], [15.1533374, 40.2219794], [15.1533374, 40.2219794], [15.1534055, 40.2218916], [15.1534055, 40.2218915], [15.1534055, 40.2218915], [15.1531255, 40.22162], [15.1531254, 40.2216198], [15.1531252, 40.2216196], [15.1531252, 40.2216194], [15.1531251, 40.2216191], [15.1531505, 40.2211758], [15.1531506, 40.2211754], [15.1532498, 40.2209557], [15.1532498, 40.2209555], [15.1532922, 40.2206939], [15.1532922, 40.2206938], [15.1532922, 40.2206937], [15.1527138, 40.2201279], [15.1527138, 40.2201279], [15.1527137, 40.2201279], [15.1523028, 40.2202376], [15.1523027, 40.2202376], [15.1516093, 40.2204989], [15.1516093, 40.2204989], [15.1511338, 40.2206731], [15.1511338, 40.2206731], [15.1508069, 40.2207829], [15.1508069, 40.2207829], [15.1504998, 40.2208775], [15.1504998, 40.2208775], [15.1502902, 40.220945], [15.150267, 40.2208966], [15.150124, 40.2208092], [15.1492841, 40.2206097], [15.1490629, 40.2205401], [15.1488613, 40.2204418], [15.1483458, 40.2201381], [15.1482788, 40.2196727], [15.1482493, 40.219483], [15.1482493, 40.2194828], [15.1482499, 40.2194735], [15.148254, 40.219406], [15.1482544, 40.2193996], [15.1482544, 40.2193993], [15.148324, 40.2191642], [15.148324, 40.2191642], [15.1484958, 40.2184965], [15.1484958, 40.2184964], [15.1485492, 40.2183162], [15.1486251, 40.2180604], [15.1486251, 40.2180602], [15.1486253, 40.2180599], [15.1491433, 40.217442], [15.1491433, 40.217442], [15.1493862, 40.2171615], [15.1493864, 40.2171613], [15.1496093, 40.2169718], [15.1496093, 40.2169718], [15.1502287, 40.2164563], [15.1502289, 40.2164562], [15.1505483, 40.2162705], [15.1505484, 40.2162705], [15.1507607, 40.2161232], [15.150761, 40.216123], [15.1507613, 40.2161229], [15.1507617, 40.2161229], [15.150762, 40.2161228], [15.1507624, 40.2161229], [15.1512167, 40.2162065], [15.1512168, 40.2162065], [15.1512168, 40.2162065], [15.1513999, 40.216165], [15.1514001, 40.2161649], [15.152051, 40.2160896], [15.152051, 40.2160896], [15.1536428, 40.2159087], [15.1537932, 40.2158913], [15.1548804, 40.2157655], [15.1548805, 40.2157655], [15.1548805, 40.2157654], [15.154973, 40.2153576], [15.1549975, 40.2152495], [15.1549975, 40.2152494], [15.1549975, 40.2152494], [15.1548012, 40.2140984], [15.1548012, 40.2140983], [15.1548011, 40.2140983], [15.154198, 40.213589], [15.1541978, 40.2135888], [15.1541977, 40.2135885], [15.1541976, 40.2135883], [15.1541976, 40.213588], [15.1542036, 40.2134663], [15.1542037, 40.2134661], [15.1542038, 40.2134658], [15.154204, 40.2134656], [15.1542042, 40.2134654], [15.1542045, 40.2134652], [15.1542048, 40.2134651], [15.1542051, 40.213465], [15.1542054, 40.213465], [15.1542058, 40.2134651], [15.1542061, 40.2134651], [15.1542947, 40.2134935], [15.1542948, 40.2134936], [15.1542948, 40.2134935], [15.1542894, 40.2133804], [15.1542894, 40.2133803], [15.1542798, 40.2133134], [15.1542798, 40.2133131], [15.1542798, 40.2133129], [15.1544514, 40.2127393], [15.1544516, 40.212739], [15.1545749, 40.2125618], [15.154575, 40.2125617], [15.1546527, 40.2124624], [15.1546529, 40.2124622], [15.1549144, 40.2122384], [15.1549145, 40.2122384], [15.1549144, 40.2122383], [15.1549081, 40.2122339], [15.1549079, 40.2122337], [15.1549077, 40.2122335], [15.1549076, 40.2122333], [15.1549075, 40.212233], [15.1549075, 40.2122327], [15.1549076, 40.2122325], [15.1549078, 40.2122322], [15.1551089, 40.2119705], [15.1551089, 40.2119704], [15.1551089, 40.2119704], [15.1550934, 40.2117157], [15.1550934, 40.2117157], [15.1550765, 40.2112451], [15.1550765, 40.211245], [15.1550584, 40.2111672], [15.1550583, 40.2111668], [15.1550859, 40.210907], [15.1550859, 40.210907], [15.1551121, 40.210684], [15.1551121, 40.2106839], [15.1551166, 40.210435], [15.1551166, 40.210435], [15.1551153, 40.2102274], [15.1551152, 40.2102273], [15.1551152, 40.2102273], [15.1549321, 40.2099699], [15.154932, 40.2099696], [15.1549319, 40.2099693], [15.1549319, 40.209969], [15.154932, 40.2099687], [15.1549887, 40.2098537], [15.1549887, 40.2098537], [15.1550629, 40.2097053], [15.155063, 40.2097053], [15.1550809, 40.2096708], [15.1551001, 40.2096341], [15.1551002, 40.209634], [15.1551399, 40.2095762], [15.1551399, 40.2095762], [15.1552318, 40.2094451], [15.1552319, 40.209445], [15.1553775, 40.2092858], [15.1553776, 40.2092858], [15.155552, 40.2091121], [15.1555521, 40.209112], [15.1556651, 40.2090115], [15.1556653, 40.2090114], [15.1556656, 40.2090112], [15.1557437, 40.2089789], [15.1557438, 40.2089788], [15.1558952, 40.2088979], [15.1558954, 40.2088978], [15.1560308, 40.2087727], [15.1560309, 40.2087727], [15.1560309, 40.2087726], [15.1561236, 40.2085273], [15.1561237, 40.2085271], [15.1561239, 40.2085268], [15.1564991, 40.2081798], [15.1569474, 40.2077639], [15.1569474, 40.2077639], [15.1572863, 40.2074529], [15.1572863, 40.2074529], [15.1573853, 40.2073601], [15.1573854, 40.20736], [15.1574582, 40.2072714], [15.1574582, 40.2072713], [15.1574582, 40.2072712], [15.1573959, 40.2071465], [15.1573678, 40.2070901], [15.1573677, 40.2070898], [15.1573677, 40.2070896], [15.1573677, 40.2070893], [15.1573678, 40.2070891], [15.1574466, 40.2069298], [15.1574466, 40.2069297], [15.1574793, 40.2067664], [15.1574793, 40.2067663], [15.1574778, 40.2065269], [15.1574778, 40.2065268], [15.1574777, 40.2065267], [15.1574306, 40.2064791], [15.1574306, 40.206479], [15.1573468, 40.2064035], [15.1573467, 40.2064035], [15.1570647, 40.2062073], [15.157061, 40.2062047], [15.1570607, 40.2062045], [15.1570606, 40.2062042], [15.1570604, 40.206204], [15.1570604, 40.2062037], [15.1570604, 40.2062035], [15.1570605, 40.2062032], [15.1570606, 40.206203], [15.1570608, 40.2062028], [15.1570611, 40.2062026], [15.1570613, 40.2062024], [15.1570617, 40.2062023], [15.157062, 40.2062023], [15.1570623, 40.2062023], [15.1570627, 40.2062023], [15.157063, 40.2062024], [15.1574162, 40.2063384], [15.1574165, 40.2063386], [15.1575841, 40.2064431], [15.1575842, 40.2064432], [15.1575842, 40.2064431], [15.1578275, 40.2062018], [15.1578275, 40.2062017], [15.1578275, 40.2062017], [15.1576218, 40.2060647], [15.1576217, 40.2060647], [15.1574218, 40.2059426], [15.1572149, 40.205817], [15.1570218, 40.2057019], [15.1570218, 40.2057019], [15.1567508, 40.2055556], [15.1567506, 40.2055554], [15.156661, 40.2054821], [15.1566609, 40.2054821], [15.1563668, 40.2053094], [15.1561484, 40.2051822], [15.1561484, 40.2051821], [15.1559761, 40.205095], [15.1559761, 40.205095], [15.1558774, 40.2050463], [15.1558773, 40.2050462], [15.1556135, 40.2049595], [15.1556135, 40.2049595], [15.1554024, 40.2048813], [15.1554023, 40.2048813], [15.15515, 40.2048015], [15.15515, 40.2048015], [15.1549459, 40.2047479], [15.1549459, 40.2047479], [15.1548428, 40.2047167], [15.1548425, 40.2047166], [15.1547371, 40.2046645], [15.1547369, 40.2046644], [15.1546176, 40.204593], [15.1546174, 40.2045928], [15.15456, 40.2045441], [15.1545599, 40.2045439], [15.1544884, 40.2044547], [15.1544884, 40.2044547], [15.154396, 40.2043287], [15.154396, 40.2043287], [15.1543382, 40.2042429], [15.1543382, 40.2042428], [15.1542736, 40.2041173], [15.1542735, 40.204117], [15.1542734, 40.2041167], [15.1542735, 40.2041165], [15.1542736, 40.2041162], [15.1544034, 40.2039121], [15.1544035, 40.2039119], [15.1544038, 40.2039117], [15.1544041, 40.2039115], [15.1544743, 40.2038799], [15.1544745, 40.2038798], [15.1546617, 40.2038177], [15.1549998, 40.2037058], [15.1549998, 40.2037058], [15.1553768, 40.2035903], [15.1553769, 40.2035903], [15.1555002, 40.2035582], [15.1555003, 40.2035582], [15.1557149, 40.2034749], [15.1557149, 40.2034749], [15.1559295, 40.2033881], [15.1559296, 40.203388], [15.1560346, 40.2033525], [15.1560347, 40.2033525], [15.1563065, 40.2032707], [15.1563066, 40.2032707], [15.1565006, 40.2032086], [15.1565009, 40.2032085], [15.1567203, 40.2031761], [15.1567203, 40.2031761], [15.1570517, 40.2031187], [15.1570521, 40.2031187], [15.1573082, 40.2031124], [15.1573084, 40.2031124], [15.157562, 40.2030518], [15.1577014, 40.2030179], [15.1577015, 40.2030178], [15.1578659, 40.2029628], [15.1580784, 40.2028918], [15.1580784, 40.2028918], [15.158197, 40.2028439], [15.1581971, 40.2028439], [15.1581972, 40.2028439], [15.1583428, 40.2027205], [15.1583428, 40.2027205], [15.1583429, 40.2027204], [15.1584106, 40.2025851], [15.1584106, 40.202585], [15.1584525, 40.2025103], [15.1584525, 40.2025102], [15.1584702, 40.2024243], [15.1584702, 40.2024241], [15.1584671, 40.2022891], [15.1584671, 40.202289], [15.1584383, 40.2020838], [15.1584382, 40.2020837], [15.1584123, 40.201961], [15.1584123, 40.201961], [15.1583442, 40.2017102], [15.1583442, 40.2017102], [15.1582939, 40.2015358], [15.1582939, 40.2015357], [15.1582938, 40.2015357], [15.1581566, 40.2014541], [15.1581563, 40.2014539], [15.1581561, 40.2014537], [15.158156, 40.2014535], [15.1581559, 40.2014532], [15.1581251, 40.2012801], [15.1581251, 40.2012801], [15.1580225, 40.2006416], [15.1580225, 40.2006415], [15.1580224, 40.2006415], [15.1578849, 40.2006239], [15.1578845, 40.2006238], [15.1578842, 40.2006237], [15.1578839, 40.2006236], [15.1578837, 40.2006234], [15.1578835, 40.2006231], [15.1578834, 40.2006229], [15.1578834, 40.2006226], [15.1578834, 40.2006223], [15.1578835, 40.2006221], [15.1578836, 40.2006218], [15.1578838, 40.2006216], [15.1578841, 40.2006214], [15.1578844, 40.2006213], [15.1581657, 40.200523], [15.1581658, 40.200523], [15.1581658, 40.2005229], [15.1581654, 40.2004526], [15.1581654, 40.2004524], [15.1581189, 40.2003294], [15.1581189, 40.2003294], [15.1580539, 40.2001993], [15.1580539, 40.2001993], [15.1579382, 40.2000377], [15.1579382, 40.2000376], [15.1578043, 40.1998831], [15.1578042, 40.199883], [15.1576105, 40.1997323], [15.1576105, 40.1997322], [15.1574791, 40.1996217], [15.157479, 40.1996217], [15.15741, 40.1995552], [15.1574098, 40.199555], [15.1574097, 40.1995547], [15.1572655, 40.1991892], [15.1572655, 40.1991892], [15.157163, 40.1988938], [15.1571629, 40.1988935], [15.1571436, 40.198707], [15.1571436, 40.198707], [15.1571168, 40.1984236], [15.1571168, 40.1984236], [15.1570928, 40.1982159], [15.1570928, 40.1982159], [15.1570732, 40.19798], [15.1570732, 40.19798], [15.1570631, 40.197811], [15.1570631, 40.1978109], [15.1570754, 40.1975258], [15.1570755, 40.1975255], [15.1571344, 40.1973811], [15.1571344, 40.1973811], [15.1571796, 40.1972471], [15.1571796, 40.197247], [15.1572017, 40.1970886], [15.1572017, 40.1970885], [15.1572031, 40.1969107], [15.1572031, 40.1969106], [15.1571563, 40.1967418], [15.1571563, 40.1967417], [15.1571286, 40.1966173], [15.1571286, 40.196617], [15.1571286, 40.1966167], [15.1571287, 40.1966165], [15.1571289, 40.1966162], [15.1571292, 40.196616], [15.1571295, 40.1966159], [15.1571298, 40.1966158], [15.1571302, 40.1966157], [15.1571305, 40.1966157], [15.1571309, 40.1966158], [15.1573533, 40.1966707], [15.1573534, 40.1966707], [15.1573534, 40.1966707], [15.1573348, 40.1966145], [15.1573347, 40.1966144], [15.1573347, 40.1966144], [15.1571922, 40.1965691], [15.1571921, 40.1965691], [15.1571051, 40.1965378], [15.1571047, 40.1965376], [15.1571044, 40.1965374], [15.1567793, 40.1962235], [15.1567793, 40.1962234], [15.1567792, 40.1962234], [15.1562687, 40.196063], [15.1562686, 40.196063], [15.1562686, 40.196063], [15.1560804, 40.1960777], [15.1560804, 40.1960777], [15.1556534, 40.1961036], [15.1551255, 40.1961369], [15.1551254, 40.1961369], [15.1547856, 40.196145], [15.1547856, 40.196145], [15.1541589, 40.1961452], [15.1541585, 40.1961451], [15.1539105, 40.1961107], [15.1539105, 40.1961107], [15.1534877, 40.1960416], [15.1534875, 40.1960415], [15.1532258, 40.1960318], [15.1532257, 40.1960318], [15.1529272, 40.1960116], [15.152927, 40.1960115], [15.1526651, 40.1959701], [15.1524215, 40.1959321], [15.1524215, 40.1959321], [15.1521435, 40.1958784], [15.1521432, 40.1958783], [15.1517753, 40.1957492], [15.1517752, 40.1957491], [15.1514164, 40.1956024], [15.1514162, 40.1956023], [15.1509926, 40.1953747], [15.1509926, 40.1953746], [15.1508684, 40.1953012], [15.1508681, 40.195301], [15.1506565, 40.195105], [15.1506562, 40.1951047], [15.1506561, 40.1951045], [15.150656, 40.1951042], [15.1506561, 40.1951039], [15.150714, 40.1947909], [15.150714, 40.1947909], [15.150714, 40.1947908], [15.1506593, 40.1947492], [15.1506591, 40.194749], [15.1506589, 40.1947487], [15.1506588, 40.1947484], [15.1506588, 40.1947481], [15.1506785, 40.1945889], [15.1506786, 40.1945886], [15.1506787, 40.1945884], [15.1506789, 40.1945881], [15.1509391, 40.1943588], [15.1509393, 40.1943587], [15.1511767, 40.1942104], [15.151177, 40.1942103], [15.1511773, 40.1942102], [15.1511776, 40.1942101], [15.1511779, 40.1942101], [15.1514023, 40.1942165], [15.1514023, 40.1942165], [15.1514665, 40.1942198], [15.1514666, 40.1942198], [15.1514667, 40.1942198], [15.1516224, 40.1941524], [15.1516224, 40.1941524], [15.1516225, 40.1941524], [15.1517091, 40.1940466], [15.1517092, 40.1940464], [15.1517914, 40.1939723], [15.1517915, 40.1939722], [15.1518324, 40.1939053], [15.1518324, 40.1939052], [15.1519051, 40.1937536], [15.1519051, 40.1937536], [15.1519051, 40.1937535], [15.1518492, 40.1935989], [15.1518492, 40.1935987], [15.1518398, 40.1935461], [15.1518397, 40.193546], [15.1518397, 40.1935459], [15.151418, 40.1932461], [15.151418, 40.1932461], [15.1513582, 40.1932111], [15.151358, 40.1932111], [15.1507371, 40.1930122], [15.150737, 40.1930122], [15.1503784, 40.1929288], [15.1503784, 40.1929288], [15.1499968, 40.1928384], [15.1499968, 40.1928383], [15.1497885, 40.1927865], [15.1497884, 40.1927865], [15.1497003, 40.19276], [15.1497, 40.19276], [15.1495443, 40.1927499], [15.149544, 40.1927499], [15.1495437, 40.1927498], [15.1494062, 40.1927046], [15.149406, 40.1927045], [15.1494058, 40.1927044], [15.1493646, 40.1926765], [15.1493645, 40.1926765], [15.1493644, 40.1926765], [15.1492864, 40.1926591], [15.1492863, 40.1926591], [15.1486564, 40.192499], [15.1486563, 40.192499], [15.1476654, 40.1922255], [15.1476651, 40.1922254], [15.1476009, 40.1921975], [15.1476007, 40.1921975], [15.1471772, 40.1919769], [15.1471772, 40.1919769], [15.1468595, 40.1917983], [15.1468593, 40.1917982], [15.1465644, 40.1915772], [15.1465644, 40.1915772], [15.1464449, 40.1914863], [15.1464447, 40.1914861], [15.1464445, 40.1914859], [15.1464444, 40.1914856], [15.146379, 40.1912503], [15.146379, 40.1912502], [15.146379, 40.1912502], [15.1461505, 40.1909782], [15.1461503, 40.190978], [15.1461502, 40.1909778], [15.1460711, 40.1907458], [15.1460711, 40.1907457], [15.1459591, 40.1903974], [15.1458565, 40.1900773], [15.1458564, 40.1900772], [15.1458049, 40.1898626], [15.1458048, 40.1898625], [15.1457115, 40.189567], [15.1457115, 40.189567], [15.1455813, 40.1892505], [15.1455813, 40.1892503], [15.1452693, 40.1888411], [15.1452693, 40.188841], [15.1452692, 40.188841], [15.1450807, 40.1887782], [15.1450807, 40.1887782], [15.1450806, 40.1887782], [15.1448649, 40.1887929], [15.1448649, 40.1887929], [15.1446722, 40.1888111], [15.1446721, 40.1888111], [15.1446721, 40.1888111], [15.1442003, 40.1890379], [15.1436299, 40.1893125], [15.1433277, 40.1894578], [15.1433274, 40.1894579], [15.1430433, 40.1895432], [15.1430432, 40.1895432], [15.1426811, 40.189671], [15.1426811, 40.189671], [15.1424086, 40.1897792], [15.1424081, 40.1897793], [15.1422478, 40.1898044], [15.1422477, 40.1898044], [15.1420965, 40.189826], [15.1420962, 40.189826], [15.1417106, 40.1898342], [15.1417106, 40.1898342], [15.1414673, 40.1898454], [15.1414672, 40.1898454], [15.1412653, 40.1898601], [15.1412652, 40.1898601], [15.1409715, 40.1898786], [15.1409714, 40.1898786], [15.1406685, 40.18989], [15.1406683, 40.18989], [15.140298, 40.1898861], [15.1402804, 40.1898859], [15.1402803, 40.1898859], [15.140111, 40.1898899], [15.1401106, 40.1898899], [15.1401103, 40.1898898], [15.1401099, 40.1898897], [15.1399631, 40.1898129], [15.1399631, 40.1898129], [15.1397375, 40.1896938], [15.1397375, 40.1896938], [15.1395258, 40.1895958], [15.1395257, 40.1895958], [15.1393419, 40.18954], [15.1393418, 40.18954], [15.1393417, 40.18954], [15.1390168, 40.1897557], [15.1390168, 40.1897558], [15.1390022, 40.1897649], [15.1390019, 40.1897651], [15.1390016, 40.1897652], [15.1390012, 40.1897652], [15.1390009, 40.1897652], [15.1390005, 40.1897652], [15.1390002, 40.1897651], [15.1389999, 40.1897649], [15.1389997, 40.1897647], [15.1389815, 40.1897461], [15.1389813, 40.1897459], [15.1389811, 40.1897456], [15.1389811, 40.1897454], [15.1389761, 40.1896707], [15.1389761, 40.1896706], [15.1389368, 40.1895168], [15.1389368, 40.1895165], [15.1389368, 40.1895162], [15.1389587, 40.1894413], [15.1389587, 40.1894413], [15.138988, 40.1893285], [15.1389881, 40.1893285], [15.1389888, 40.1893248], [15.1389888, 40.1893248], [15.1390026, 40.1892573], [15.1390028, 40.1892569], [15.1391199, 40.1890694], [15.1391201, 40.1890692], [15.1391203, 40.189069], [15.1391205, 40.1890688], [15.139218, 40.1890201], [15.1392181, 40.1890201], [15.1392964, 40.1889863], [15.1392966, 40.1889862], [15.1394483, 40.1888809], [15.1394483, 40.1888809], [15.1396442, 40.1887379], [15.1396443, 40.1887379], [15.1397569, 40.1886439], [15.1397569, 40.1886438], [15.1398303, 40.1885687], [15.1398304, 40.1885686], [15.1398841, 40.1884935], [15.1398842, 40.1884934], [15.1399428, 40.1883656], [15.1399429, 40.1883656], [15.1400252, 40.1881623], [15.1400357, 40.1881362], [15.1400358, 40.1881362], [15.1401779, 40.1878354], [15.1401779, 40.1878353], [15.1402681, 40.1876737], [15.1402681, 40.1876736], [15.1403855, 40.1875045], [15.1403856, 40.1875044], [15.1404932, 40.1873841], [15.1404933, 40.187384], [15.1405666, 40.1873127], [15.1405668, 40.1873126], [15.1407037, 40.1872073], [15.1407039, 40.1872072], [15.140836, 40.1871283], [15.1408362, 40.1871282], [15.1410173, 40.1870454], [15.1410174, 40.1870454], [15.1413455, 40.1869062], [15.1413457, 40.1869061], [15.1416493, 40.1868233], [15.1416495, 40.1868232], [15.1418038, 40.1867968], [15.1418038, 40.1867968], [15.1419458, 40.1867742], [15.141946, 40.1867742], [15.1421321, 40.1867665], [15.1421321, 40.1867665], [15.1423233, 40.1867551], [15.1423233, 40.1867551], [15.1424555, 40.1867475], [15.1424557, 40.1867475], [15.1426223, 40.1867512], [15.1426223, 40.1867512], [15.1426908, 40.1867511], [15.1426909, 40.1867511], [15.142691, 40.1867511], [15.1427741, 40.1867285], [15.1427743, 40.1867285], [15.1428329, 40.1867022], [15.142833, 40.1867022], [15.142833, 40.1867021], [15.1429113, 40.1866269], [15.1429113, 40.1866269], [15.142975, 40.186563], [15.142975, 40.186563], [15.1430385, 40.1864953], [15.1430386, 40.1864952], [15.1430924, 40.1864013], [15.1430924, 40.1864012], [15.1431413, 40.186296], [15.1431413, 40.1862959], [15.1431705, 40.1861343], [15.1431706, 40.1861343], [15.1432096, 40.1859614], [15.1432096, 40.1859613], [15.1432339, 40.185811], [15.1432339, 40.185811], [15.1432534, 40.1857171], [15.1432535, 40.1857169], [15.1433072, 40.1855967], [15.1433072, 40.1855966], [15.1434148, 40.1853974], [15.1434148, 40.1853974], [15.1435762, 40.1851004], [15.1435763, 40.1851002], [15.1436496, 40.1850026], [15.1436497, 40.1850024], [15.1437818, 40.1848671], [15.1437819, 40.184867], [15.1440266, 40.1846564], [15.1440267, 40.1846564], [15.144243, 40.1844372], [15.1442431, 40.1844371], [15.1444892, 40.1842189], [15.1444892, 40.1842189], [15.1446381, 40.1841032], [15.1446381, 40.1841032], [15.144717, 40.1840396], [15.144841, 40.1839386], [15.1448972, 40.1838925], [15.1448975, 40.1838923], [15.1450552, 40.1838], [15.1450552, 40.1838], [15.1453145, 40.1836498], [15.1453146, 40.1836498], [15.1454949, 40.1835516], [15.145495, 40.1835516], [15.1457129, 40.1833899], [15.1458706, 40.1832716], [15.1458708, 40.1832715], [15.1459947, 40.1831994], [15.1459948, 40.1831994], [15.1460999, 40.1831387], [15.1461, 40.1831387], [15.1461751, 40.1830839], [15.1461752, 40.1830838], [15.1462277, 40.1830464], [15.1462278, 40.1830463], [15.1462278, 40.1830463], [15.1462953, 40.1829511], [15.1462954, 40.182951], [15.1463967, 40.1828386], [15.1463968, 40.1828385], [15.1465207, 40.1827231], [15.1465207, 40.182723], [15.1465207, 40.182723], [15.1463928, 40.1826511], [15.1463928, 40.182651], [15.1463927, 40.182651], [15.146201, 40.1826367], [15.1462009, 40.1826367], [15.1460247, 40.1826346], [15.1460243, 40.1826346], [15.146024, 40.1826345], [15.1460237, 40.1826344], [15.1460234, 40.1826342], [15.1460232, 40.182634], [15.1460231, 40.1826338], [15.146023, 40.1826335], [15.1460229, 40.1826333], [15.1460229, 40.182633], [15.1460353, 40.1825785], [15.1460354, 40.1825783], [15.1460356, 40.1825781], [15.1460358, 40.1825778], [15.146036, 40.1825777], [15.1461824, 40.1824977], [15.1461827, 40.1824975], [15.146183, 40.1824975], [15.1461833, 40.1824974], [15.1464187, 40.1824772], [15.1464188, 40.1824772], [15.1464188, 40.1824771], [15.1464907, 40.1823766], [15.1464907, 40.1823766], [15.1464908, 40.1823765], [15.1465103, 40.182271], [15.1465103, 40.182271], [15.1465494, 40.1820699], [15.1465494, 40.1820699], [15.1465819, 40.1818739], [15.1465819, 40.1818738], [15.1465819, 40.1818737], [15.1464117, 40.1817334], [15.1464115, 40.1817332], [15.1464113, 40.181733], [15.1464112, 40.1817328], [15.1463457, 40.1815375], [15.1463457, 40.1815373], [15.1463457, 40.181537], [15.1463457, 40.1815367], [15.1464044, 40.1814014], [15.1464044, 40.1814013], [15.1465052, 40.1807781], [15.1465052, 40.180778], [15.1465052, 40.1807779], [15.1462514, 40.180395], [15.1462514, 40.1803949], [15.1462513, 40.1803949], [15.1456475, 40.1799918], [15.1456474, 40.1799918], [15.1439005, 40.178576], [15.1439005, 40.1785759], [15.1428844, 40.1776819], [15.1428843, 40.1776819], [15.1419476, 40.1769187], [15.1419475, 40.1769187], [15.1419474, 40.1769187], [15.141839, 40.1770003], [15.1418389, 40.1770004], [15.1416233, 40.1771968], [15.1416231, 40.177197], [15.1416228, 40.1771971], [15.1416226, 40.1771972], [15.1416222, 40.1771973], [15.1416219, 40.1771973], [15.1416216, 40.1771973], [15.1415082, 40.1771789], [15.1415082, 40.1771789], [15.1415081, 40.1771789], [15.1413879, 40.1771911], [15.1413878, 40.1771912], [15.1412454, 40.1772082], [15.1412453, 40.1772082], [15.1411758, 40.1772156], [15.1411755, 40.1772156], [15.1410688, 40.1772132], [15.1410684, 40.1772132], [15.1410681, 40.1772131], [15.1410678, 40.177213], [15.1410675, 40.1772128], [15.1410673, 40.1772126], [15.1410671, 40.1772123], [15.1410671, 40.177212], [15.1410671, 40.1772118], [15.1410671, 40.1772115], [15.1410673, 40.1772112], [15.1410778, 40.1771963], [15.141078, 40.177196], [15.1410782, 40.1771958], [15.1410785, 40.1771957], [15.1410789, 40.1771956], [15.1410792, 40.1771955], [15.1416198, 40.1771631], [15.1416199, 40.1771631], [15.14162, 40.1771631], [15.1418415, 40.1769874], [15.1419623, 40.1768917], [15.1419623, 40.1768916], [15.1419623, 40.1768916], [15.1410792, 40.176314], [15.1410789, 40.1763137], [15.1408286, 40.1760389], [15.1408284, 40.1760387], [15.1407615, 40.1759134], [15.1407614, 40.1759132], [15.1404653, 40.1750734], [15.1404653, 40.1750732], [15.1403712, 40.1744558], [15.1403712, 40.1744557], [15.1403173, 40.1742525], [15.1457872, 40.1742458], [15.1457737, 40.1678747], [15.1460756, 40.1678406], [15.1460756, 40.1678406], [15.1463032, 40.1678159], [15.1463032, 40.1678159], [15.146327, 40.1678137], [15.146327, 40.1678137], [15.1465026, 40.1677992], [15.1465026, 40.1677992], [15.1469508, 40.1677682], [15.1469509, 40.1677682], [15.1471117, 40.1677521], [15.1471117, 40.1677521], [15.1472201, 40.1677402], [15.1472202, 40.1677402], [15.1472674, 40.1677359], [15.1472674, 40.1677359], [15.1473507, 40.1677285], [15.1473508, 40.1677285], [15.1476915, 40.1676849], [15.1476915, 40.1676849], [15.1478234, 40.1676698], [15.1478234, 40.1676698], [15.1481293, 40.1676294], [15.1481451, 40.1676273], [15.1481451, 40.1676273], [15.1486576, 40.1675401], [15.1486577, 40.16754], [15.1489823, 40.167505], [15.1489823, 40.167505], [15.150005, 40.1673823], [15.1500051, 40.1673823], [15.1505653, 40.1673291], [15.1505653, 40.1673291], [15.1508407, 40.1673111], [15.1508407, 40.1673111], [15.1508624, 40.167309], [15.1508624, 40.167309], [15.1511645, 40.16729], [15.1511645, 40.16729], [15.1522287, 40.1672052], [15.1522287, 40.1672052], [15.1526814, 40.1671698], [15.1526814, 40.1671698], [15.1527602, 40.1671624], [15.1527603, 40.1671624], [15.1528601, 40.1671519], [15.1528601, 40.1671519], [15.1528602, 40.1671519], [15.1528767, 40.1671426], [15.1528767, 40.1671426], [15.1529746, 40.1670847], [15.1529747, 40.1670846], [15.1535902, 40.1666358], [15.1535902, 40.1666357], [15.1535902, 40.1666357], [15.1534072, 40.1664883], [15.153407, 40.166488], [15.1534068, 40.1664878], [15.1534067, 40.1664876], [15.1534067, 40.1664873], [15.1534067, 40.166487], [15.1534068, 40.1664868], [15.153407, 40.1664866], [15.1534072, 40.1664864], [15.1534074, 40.1664862], [15.1534537, 40.1664615], [15.1534539, 40.1664613], [15.154375, 40.1656223], [15.1543751, 40.1656223], [15.154375, 40.1656222], [15.154238, 40.1653541], [15.154238, 40.1653541], [15.1541628, 40.165185], [15.1541628, 40.1651849], [15.1540686, 40.1649592], [15.1540686, 40.1649591], [15.1539865, 40.1647357], [15.1539865, 40.1647357], [15.1537854, 40.164065], [15.1537854, 40.1640649], [15.1536004, 40.1635865], [15.1536004, 40.1635864], [15.1535329, 40.163343], [15.1535329, 40.163343], [15.153486, 40.1632085], [15.153486, 40.1632085], [15.1534282, 40.1630226], [15.1534282, 40.1630225], [15.153368, 40.1628919], [15.153368, 40.1628918], [15.1532697, 40.1627223], [15.1532697, 40.1627222], [15.1531621, 40.162526], [15.153162, 40.162526], [15.1530501, 40.1623805], [15.1530499, 40.1623804], [15.1528546, 40.1622419], [15.1528544, 40.1622418], [15.1525885, 40.162007], [15.1525884, 40.162007], [15.1521435, 40.1617036], [15.1521435, 40.1617036], [15.1518882, 40.1615256], [15.1518882, 40.1615256], [15.1517398, 40.1614388], [15.1517397, 40.1614388], [15.1514717, 40.1613194], [15.1514717, 40.1613194], [15.150918, 40.1610653], [15.1509179, 40.1610653], [15.150733, 40.1609718], [15.1505845, 40.1608971], [15.1505845, 40.1608971], [15.1505794, 40.1608945], [15.1505794, 40.1608945], [15.1503418, 40.1607733], [15.1503415, 40.1607731], [15.149977, 40.1604972], [15.149977, 40.1604972], [15.149948, 40.1604765], [15.149948, 40.1604764], [15.1499479, 40.1604765], [15.1497282, 40.1606081], [15.1497282, 40.1606082], [15.149319, 40.1608767], [15.1493189, 40.1608767], [15.1491324, 40.1609955], [15.1491323, 40.1609956], [15.1489548, 40.1611498], [15.1489548, 40.1611499], [15.1487942, 40.1612831], [15.1487941, 40.1612832], [15.1486618, 40.1613753], [15.1486618, 40.1613753], [15.1483376, 40.1616166], [15.1483373, 40.1616168], [15.148337, 40.1616169], [15.1483367, 40.161617], [15.1483363, 40.161617], [15.148336, 40.161617], [15.1483356, 40.1616169], [15.1483353, 40.1616167], [15.148335, 40.1616166], [15.1483348, 40.1616163], [15.1483245, 40.1616028], [15.1483244, 40.1616027], [15.1475793, 40.1608481], [15.1475793, 40.160848], [15.1474577, 40.1607188], [15.1473601, 40.1606152], [15.1473601, 40.1606152], [15.1472579, 40.1605096], [15.1472579, 40.1605096], [15.1471582, 40.1604061], [15.1471582, 40.1604061], [15.1469701, 40.1602093], [15.1469701, 40.1602092], [15.1469367, 40.1601772], [15.1469367, 40.1601772], [15.146875, 40.1601113], [15.146875, 40.1601113], [15.146797, 40.1600264], [15.146797, 40.1600264], [15.1467197, 40.1599521], [15.1467197, 40.1599521], [15.1467196, 40.1599521], [15.1467042, 40.1599733], [15.1467042, 40.1599562], [15.1467041, 40.1599562], [15.1467042, 40.1599561], [15.1467042, 40.1599561], [15.1467042, 40.159956], [15.1466934, 40.1599458], [15.1466933, 40.1599458], [15.1466933, 40.1599458], [15.1466932, 40.1599459], [15.1466932, 40.1599458], [15.1466933, 40.1599458], [15.1466932, 40.1599458], [15.1464012, 40.1596728]]], [[[15.1033267, 40.2017698], [15.103327, 40.2017698], [15.1033274, 40.2017699], [15.1033277, 40.20177], [15.103328, 40.2017702], [15.1033282, 40.2017704], [15.1033284, 40.2017706], [15.1033285, 40.2017709], [15.1033285, 40.2017712], [15.1033285, 40.2017714], [15.1033284, 40.2017717], [15.1033282, 40.2017719], [15.103328, 40.2017721], [15.1033278, 40.2017723], [15.1033275, 40.2017724], [15.1033271, 40.2017725], [15.1033268, 40.2017726], [15.1033016, 40.2017734], [15.1033161, 40.2017698], [15.1033267, 40.2017698]]]]}, "properties": {"amministra": 1199, "amministr0": "Comune di Casal Velino", "tipo": "U"}}]}